{"type":"FeatureCollection","name":"Huella cafetera estimada Huila 2026–2035","crs":{"type":"name","properties":{"name":"urn:ogc:def:crs:OGC:1.3:CRS84"}},"features":[{"type":"Feature","id":"41001-e-0","properties":{"id":"41001-e-0","municipality":"Neiva","municipalCode":"41001","focus":false,"origin":"expansion","startMonth":10,"entryEndMonth":119,"retireMonth":null,"hectares":338.8,"aptitude2026":"S2 · media","aptitude2035":"S2 · media","confidence":"Media-alta","sourceCover":"Mosaico agropecuario","nearWater":false,"steepSlope":false,"lowSoc":false,"nearProtected":false,"score":83.7},"geometry":{"type":"Polygon","coordinates":[[[-75.35682,3.05811],[-75.35728,3.04377],[-75.34742,3.03337],[-75.33312,3.03291],[-75.32274,3.04275],[-75.32228,3.05703],[-75.3321,3.06738],[-75.34634,3.06784],[-75.35682,3.05811]]]}},{"type":"Feature","id":"41001-i-0","properties":{"id":"41001-i-0","municipality":"Neiva","municipalCode":"41001","focus":false,"origin":"initial","startMonth":0,"retireMonth":null,"retirementFraction":0,"hectares":616.5,"aptitude2026":"S2 · media","aptitude2035":"S2 · media","confidence":"Media-alta","sourceCover":"Café estimado 2026","nearWater":false,"steepSlope":false,"lowSoc":false,"nearProtected":false,"score":92.1},"geometry":{"type":"Polygon","coordinates":[[[-75.29876,3.00897],[-75.29797,2.99648],[-75.28858,2.9882],[-75.27607,2.98899],[-75.26792,2.99846],[-75.2687,3.01088],[-75.27805,3.01912],[-75.2905,3.01834],[-75.29876,3.00897]]]}},{"type":"Feature","id":"41001-i-1","properties":{"id":"41001-i-1","municipality":"Neiva","municipalCode":"41001","focus":false,"origin":"initial","startMonth":0,"retireMonth":null,"retirementFraction":0,"hectares":616.5,"aptitude2026":"S2 · media","aptitude2035":"S2 · media","confidence":"Media-alta","sourceCover":"Café estimado 2026","nearWater":false,"steepSlope":false,"lowSoc":false,"nearProtected":true,"score":90.9},"geometry":{"type":"Polygon","coordinates":[[[-75.23856,3.01853],[-75.2456,3.00591],[-75.24172,2.99197],[-75.22907,2.98492],[-75.21511,2.98881],[-75.20804,3.00148],[-75.21193,3.01548],[-75.22463,3.02256],[-75.23856,3.01853]]]}},{"type":"Feature","id":"41001-i-2","properties":{"id":"41001-i-2","municipality":"Neiva","municipalCode":"41001","focus":false,"origin":"initial","startMonth":0,"retireMonth":null,"retirementFraction":0,"hectares":616.5,"aptitude2026":"S1 · alta","aptitude2035":"S2 · media","confidence":"Media-alta","sourceCover":"Café estimado 2026","nearWater":false,"steepSlope":false,"lowSoc":false,"nearProtected":false,"score":88.1},"geometry":{"type":"Polygon","coordinates":[[[-75.45558,3.11451],[-75.46699,3.10732],[-75.46997,3.09419],[-75.4628,3.08281],[-75.44967,3.07967],[-75.43821,3.08689],[-75.43521,3.10008],[-75.44241,3.11152],[-75.45558,3.11451]]]}},{"type":"Feature","id":"41001-i-3","properties":{"id":"41001-i-3","municipality":"Neiva","municipalCode":"41001","focus":false,"origin":"initial","startMonth":0,"retireMonth":null,"retirementFraction":0,"hectares":616.5,"aptitude2026":"S2 · media","aptitude2035":"S2 · media","confidence":"Media-alta","sourceCover":"Café estimado 2026","nearWater":false,"steepSlope":false,"lowSoc":false,"nearProtected":false,"score":87.2},"geometry":{"type":"Polygon","coordinates":[[[-75.2703,2.97108],[-75.28407,2.97613],[-75.29737,2.96996],[-75.3024,2.95621],[-75.29625,2.94295],[-75.28253,2.93792],[-75.26929,2.94406],[-75.26428,2.95775],[-75.2703,2.97108]]]}},{"type":"Feature","id":"41001-i-4","properties":{"id":"41001-i-4","municipality":"Neiva","municipalCode":"41001","focus":false,"origin":"initial","startMonth":0,"retireMonth":null,"retirementFraction":0,"hectares":616.5,"aptitude2026":"S2 · media","aptitude2035":"S2 · media","confidence":"Media-alta","sourceCover":"Café estimado 2026","nearWater":false,"steepSlope":false,"lowSoc":false,"nearProtected":true,"score":86.9},"geometry":{"type":"Polygon","coordinates":[[[-75.23924,2.96653],[-75.24238,2.95498],[-75.23637,2.94464],[-75.22485,2.9415],[-75.21441,2.94739],[-75.21126,2.959],[-75.21729,2.9694],[-75.22887,2.97255],[-75.23924,2.96653]]]}},{"type":"Feature","id":"41001-i-5","properties":{"id":"41001-i-5","municipality":"Neiva","municipalCode":"41001","focus":false,"origin":"initial","startMonth":0,"retireMonth":null,"retirementFraction":0,"hectares":616.5,"aptitude2026":"S2 · media","aptitude2035":"S2 · media","confidence":"Media-alta","sourceCover":"Café estimado 2026","nearWater":false,"steepSlope":false,"lowSoc":true,"nearProtected":true,"score":85.4},"geometry":{"type":"Polygon","coordinates":[[[-75.10621,2.97174],[-75.11893,2.97292],[-75.12876,2.96476],[-75.12995,2.95202],[-75.12176,2.94216],[-75.10899,2.94097],[-75.09911,2.94917],[-75.09792,2.96198],[-75.10621,2.97174]]]}},{"type":"Feature","id":"41001-i-6","properties":{"id":"41001-i-6","municipality":"Neiva","municipalCode":"41001","focus":false,"origin":"initial","startMonth":0,"retireMonth":null,"retirementFraction":0,"hectares":616.5,"aptitude2026":"S1 · alta","aptitude2035":"S2 · media","confidence":"Media-alta","sourceCover":"Café estimado 2026","nearWater":false,"steepSlope":false,"lowSoc":false,"nearProtected":false,"score":85.4},"geometry":{"type":"Polygon","coordinates":[[[-75.46931,3.15602],[-75.47305,3.14065],[-75.46478,3.1272],[-75.44944,3.12346],[-75.43588,3.13163],[-75.4373,3.14624],[-75.44044,3.16056],[-75.45583,3.16431],[-75.46931,3.15602]]]}},{"type":"Feature","id":"41001-i-7","properties":{"id":"41001-i-7","municipality":"Neiva","municipalCode":"41001","focus":false,"origin":"initial","startMonth":0,"retireMonth":119,"retirementStartMonth":23,"retirementFraction":0.64,"hectares":616.5,"aptitude2026":"S2 · media","aptitude2035":"S2 · media","confidence":"Media-alta","sourceCover":"Café estimado 2026","nearWater":false,"steepSlope":false,"lowSoc":false,"nearProtected":false,"score":84.2},"geometry":{"type":"Polygon","coordinates":[[[-75.28922,3.06529],[-75.29798,3.05674],[-75.29821,3.04448],[-75.28964,3.03569],[-75.27741,3.03562],[-75.26869,3.04412],[-75.26846,3.05632],[-75.27699,3.06506],[-75.28922,3.06529]]]}},{"type":"Feature","id":"41006-e-0","properties":{"id":"41006-e-0","municipality":"Acevedo","municipalCode":"41006","focus":true,"origin":"expansion","startMonth":4,"entryEndMonth":119,"retireMonth":null,"hectares":548.5,"aptitude2026":"S2 · media","aptitude2035":"S2 · media","confidence":"Media-alta","sourceCover":"Mosaico agropecuario","nearWater":false,"steepSlope":true,"lowSoc":false,"nearProtected":true,"score":85.8},"geometry":{"type":"Polygon","coordinates":[[[-75.99942,1.69909],[-75.99945,1.69437],[-75.99612,1.69103],[-75.99141,1.691],[-75.98802,1.69431],[-75.98799,1.69905],[-75.99134,1.7024],[-75.99608,1.70243],[-75.99942,1.69909]]]}},{"type":"Feature","id":"41006-e-1","properties":{"id":"41006-e-1","municipality":"Acevedo","municipalCode":"41006","focus":true,"origin":"expansion","startMonth":11,"entryEndMonth":119,"retireMonth":null,"hectares":548.5,"aptitude2026":"S2 · media","aptitude2035":"S1 · alta","confidence":"Media-alta","sourceCover":"Mosaico agropecuario","nearWater":true,"steepSlope":true,"lowSoc":false,"nearProtected":true,"score":85.7},"geometry":{"type":"Polygon","coordinates":[[[-76.01759,1.70161],[-76.01979,1.69713],[-76.01819,1.69241],[-76.01372,1.69022],[-76.00901,1.69182],[-76.00682,1.69628],[-76.00842,1.70097],[-76.01287,1.70316],[-76.01759,1.70161]]]}},{"type":"Feature","id":"41006-e-2","properties":{"id":"41006-e-2","municipality":"Acevedo","municipalCode":"41006","focus":true,"origin":"expansion","startMonth":19,"entryEndMonth":119,"retireMonth":null,"hectares":548.5,"aptitude2026":"S2 · media","aptitude2035":"S2 · media","confidence":"Media-alta","sourceCover":"Mosaico agropecuario","nearWater":false,"steepSlope":true,"lowSoc":false,"nearProtected":true,"score":85.6},"geometry":{"type":"Polygon","coordinates":[[[-76.03854,1.69999],[-76.0392,1.695],[-76.03614,1.691],[-76.03115,1.69034],[-76.02714,1.6934],[-76.02647,1.69841],[-76.02954,1.70243],[-76.03456,1.7031],[-76.03854,1.69999]]]}},{"type":"Feature","id":"41006-i-0","properties":{"id":"41006-i-0","municipality":"Acevedo","municipalCode":"41006","focus":true,"origin":"initial","startMonth":0,"retireMonth":null,"retirementFraction":0,"hectares":607.1,"aptitude2026":"S2 · media","aptitude2035":"S2 · media","confidence":"Media-alta","sourceCover":"Café estimado 2026","nearWater":false,"steepSlope":true,"lowSoc":false,"nearProtected":true,"score":93.2},"geometry":{"type":"Polygon","coordinates":[[[-76.01487,1.72226],[-76.0197,1.71896],[-76.02076,1.71321],[-76.01747,1.70838],[-76.01173,1.70732],[-76.00691,1.71061],[-76.00586,1.71634],[-76.00914,1.72115],[-76.01487,1.72226]]]}},{"type":"Feature","id":"41006-i-1","properties":{"id":"41006-i-1","municipality":"Acevedo","municipalCode":"41006","focus":true,"origin":"initial","startMonth":0,"retireMonth":null,"retirementFraction":0,"hectares":607.1,"aptitude2026":"S2 · media","aptitude2035":"S2 · media","confidence":"Media-alta","sourceCover":"Café estimado 2026","nearWater":true,"steepSlope":true,"lowSoc":false,"nearProtected":true,"score":93.1},"geometry":{"type":"Polygon","coordinates":[[[-75.99023,1.72169],[-75.99614,1.72214],[-76.00063,1.71828],[-76.00108,1.71238],[-75.99726,1.70784],[-75.99132,1.70739],[-75.98681,1.71126],[-75.98636,1.71718],[-75.99023,1.72169]]]}},{"type":"Feature","id":"41006-i-10","properties":{"id":"41006-i-10","municipality":"Acevedo","municipalCode":"41006","focus":true,"origin":"initial","startMonth":0,"retireMonth":null,"retirementFraction":0,"hectares":607.1,"aptitude2026":"S1 · alta","aptitude2035":"S1 · alta","confidence":"Media-alta","sourceCover":"Café estimado 2026","nearWater":false,"steepSlope":false,"lowSoc":true,"nearProtected":true,"score":90.5},"geometry":{"type":"Polygon","coordinates":[[[-76.01366,1.63198],[-76.0189,1.6295],[-76.02084,1.62405],[-76.01836,1.61883],[-76.01292,1.61682],[-76.00767,1.61932],[-76.00572,1.62479],[-76.0082,1.63003],[-76.01366,1.63198]]]}},{"type":"Feature","id":"41006-i-11","properties":{"id":"41006-i-11","municipality":"Acevedo","municipalCode":"41006","focus":true,"origin":"initial","startMonth":0,"retireMonth":null,"retirementFraction":0,"hectares":607.1,"aptitude2026":"S2 · media","aptitude2035":"S2 · media","confidence":"Media-alta","sourceCover":"Café estimado 2026","nearWater":false,"steepSlope":true,"lowSoc":false,"nearProtected":true,"score":90.3},"geometry":{"type":"Polygon","coordinates":[[[-75.90257,1.75345],[-75.90243,1.74802],[-75.89849,1.74428],[-75.89305,1.74443],[-75.88936,1.7484],[-75.8895,1.7538],[-75.89343,1.75753],[-75.89884,1.75738],[-75.90257,1.75345]]]}},{"type":"Feature","id":"41006-i-12","properties":{"id":"41006-i-12","municipality":"Acevedo","municipalCode":"41006","focus":true,"origin":"initial","startMonth":0,"retireMonth":null,"retirementFraction":0,"hectares":607.1,"aptitude2026":"S2 · media","aptitude2035":"S2 · media","confidence":"Media-alta","sourceCover":"Café estimado 2026","nearWater":false,"steepSlope":false,"lowSoc":false,"nearProtected":true,"score":90.3},"geometry":{"type":"Polygon","coordinates":[[[-76.04876,1.68357],[-76.05332,1.68471],[-76.05733,1.68227],[-76.05847,1.67772],[-76.05607,1.67367],[-76.05149,1.67252],[-76.04746,1.67498],[-76.04631,1.67955],[-76.04876,1.68357]]]}},{"type":"Feature","id":"41006-i-13","properties":{"id":"41006-i-13","municipality":"Acevedo","municipalCode":"41006","focus":true,"origin":"initial","startMonth":0,"retireMonth":null,"retirementFraction":0,"hectares":607.1,"aptitude2026":"S2 · media","aptitude2035":"S2 · media","confidence":"Media-alta","sourceCover":"Café estimado 2026","nearWater":false,"steepSlope":false,"lowSoc":false,"nearProtected":true,"score":89.4},"geometry":{"type":"Polygon","coordinates":[[[-75.96748,1.70091],[-75.97242,1.70442],[-75.9784,1.70342],[-75.98192,1.69847],[-75.98085,1.69251],[-75.97593,1.68901],[-75.96998,1.69002],[-75.96647,1.69495],[-75.96748,1.70091]]]}},{"type":"Feature","id":"41006-i-14","properties":{"id":"41006-i-14","municipality":"Acevedo","municipalCode":"41006","focus":true,"origin":"initial","startMonth":0,"retireMonth":null,"retirementFraction":0,"hectares":607.1,"aptitude2026":"S2 · media","aptitude2035":"S2 · media","confidence":"Media-alta","sourceCover":"Café estimado 2026","nearWater":false,"steepSlope":true,"lowSoc":false,"nearProtected":true,"score":89.4},"geometry":{"type":"Polygon","coordinates":[[[-76.00826,1.73737],[-76.01293,1.73961],[-76.0178,1.73787],[-76.02004,1.73321],[-76.01835,1.72831],[-76.01366,1.72605],[-76.00876,1.7278],[-76.00651,1.73248],[-76.00826,1.73737]]]}},{"type":"Feature","id":"41006-i-15","properties":{"id":"41006-i-15","municipality":"Acevedo","municipalCode":"41006","focus":true,"origin":"initial","startMonth":0,"retireMonth":null,"retirementFraction":0,"hectares":607.1,"aptitude2026":"S2 · media","aptitude2035":"S2 · media","confidence":"Media-alta","sourceCover":"Café estimado 2026","nearWater":false,"steepSlope":false,"lowSoc":true,"nearProtected":true,"score":89.3},"geometry":{"type":"Polygon","coordinates":[[[-75.98688,1.7348],[-75.99028,1.73907],[-75.99569,1.73968],[-75.99994,1.7363],[-76.00056,1.7309],[-75.99718,1.72666],[-75.99179,1.72604],[-75.98756,1.72941],[-75.98688,1.7348]]]}},{"type":"Feature","id":"41006-i-16","properties":{"id":"41006-i-16","municipality":"Acevedo","municipalCode":"41006","focus":true,"origin":"initial","startMonth":0,"retireMonth":null,"retirementFraction":0,"hectares":607.1,"aptitude2026":"S2 · media","aptitude2035":"S2 · media","confidence":"Media-alta","sourceCover":"Café estimado 2026","nearWater":false,"steepSlope":true,"lowSoc":false,"nearProtected":true,"score":88.8},"geometry":{"type":"Polygon","coordinates":[[[-75.85004,1.75377],[-75.85404,1.75774],[-75.85968,1.7577],[-75.86365,1.75371],[-75.86366,1.74806],[-75.85964,1.74407],[-75.85398,1.74411],[-75.85,1.74812],[-75.85004,1.75377]]]}},{"type":"Feature","id":"41006-i-17","properties":{"id":"41006-i-17","municipality":"Acevedo","municipalCode":"41006","focus":true,"origin":"initial","startMonth":0,"retireMonth":null,"retirementFraction":0,"hectares":607.1,"aptitude2026":"S2 · media","aptitude2035":"S2 · media","confidence":"Media-alta","sourceCover":"Café estimado 2026","nearWater":false,"steepSlope":true,"lowSoc":false,"nearProtected":true,"score":88.6},"geometry":{"type":"Polygon","coordinates":[[[-75.9566,1.70329],[-75.96068,1.69996],[-75.96123,1.69472],[-75.95789,1.69064],[-75.95263,1.69008],[-75.94854,1.69343],[-75.94799,1.6987],[-75.95134,1.7028],[-75.9566,1.70329]]]}},{"type":"Feature","id":"41006-i-18","properties":{"id":"41006-i-18","municipality":"Acevedo","municipalCode":"41006","focus":true,"origin":"initial","startMonth":0,"retireMonth":null,"retirementFraction":0,"hectares":607.1,"aptitude2026":"S1 · alta","aptitude2035":"S1 · alta","confidence":"Media-alta","sourceCover":"Café estimado 2026","nearWater":false,"steepSlope":false,"lowSoc":false,"nearProtected":true,"score":88},"geometry":{"type":"Polygon","coordinates":[[[-76.00922,1.61296],[-76.01509,1.61391],[-76.01992,1.61043],[-76.02087,1.60455],[-76.01735,1.59976],[-76.01151,1.59881],[-76.0067,1.60228],[-76.00574,1.60814],[-76.00922,1.61296]]]}},{"type":"Feature","id":"41006-i-19","properties":{"id":"41006-i-19","municipality":"Acevedo","municipalCode":"41006","focus":true,"origin":"initial","startMonth":0,"retireMonth":null,"retirementFraction":0,"hectares":607.1,"aptitude2026":"S1 · alta","aptitude2035":"S1 · alta","confidence":"Media-alta","sourceCover":"Café estimado 2026","nearWater":false,"steepSlope":false,"lowSoc":true,"nearProtected":true,"score":87.9},"geometry":{"type":"Polygon","coordinates":[[[-76.08511,1.66303],[-76.08874,1.66683],[-76.094,1.66699],[-76.09781,1.66335],[-76.0979,1.6581],[-76.09429,1.65432],[-76.08906,1.65416],[-76.08526,1.65778],[-76.08511,1.66303]]]}},{"type":"Feature","id":"41006-i-2","properties":{"id":"41006-i-2","municipality":"Acevedo","municipalCode":"41006","focus":true,"origin":"initial","startMonth":0,"retireMonth":null,"retirementFraction":0,"hectares":607.1,"aptitude2026":"S2 · media","aptitude2035":"S2 · media","confidence":"Media-alta","sourceCover":"Café estimado 2026","nearWater":false,"steepSlope":false,"lowSoc":false,"nearProtected":true,"score":93.1},"geometry":{"type":"Polygon","coordinates":[[[-75.98002,1.75552],[-75.98157,1.75004],[-75.97879,1.74506],[-75.97329,1.74351],[-75.96831,1.7463],[-75.96676,1.75181],[-75.96955,1.7568],[-75.97507,1.75836],[-75.98002,1.75552]]]}},{"type":"Feature","id":"41006-i-20","properties":{"id":"41006-i-20","municipality":"Acevedo","municipalCode":"41006","focus":true,"origin":"initial","startMonth":0,"retireMonth":null,"retirementFraction":0,"hectares":607.1,"aptitude2026":"S2 · media","aptitude2035":"S1 · alta","confidence":"Media-alta","sourceCover":"Café estimado 2026","nearWater":false,"steepSlope":false,"lowSoc":false,"nearProtected":true,"score":87.8},"geometry":{"type":"Polygon","coordinates":[[[-75.94101,1.69833],[-75.94043,1.69365],[-75.93669,1.69077],[-75.93202,1.69136],[-75.92909,1.69507],[-75.92968,1.69978],[-75.93343,1.70266],[-75.93813,1.70208],[-75.94101,1.69833]]]}},{"type":"Feature","id":"41006-i-21","properties":{"id":"41006-i-21","municipality":"Acevedo","municipalCode":"41006","focus":true,"origin":"initial","startMonth":0,"retireMonth":null,"retirementFraction":0,"hectares":607.1,"aptitude2026":"S1 · alta","aptitude2035":"S1 · alta","confidence":"Media-alta","sourceCover":"Café estimado 2026","nearWater":false,"steepSlope":false,"lowSoc":false,"nearProtected":true,"score":87.5},"geometry":{"type":"Polygon","coordinates":[[[-75.97722,1.66665],[-75.98064,1.66272],[-75.98025,1.65753],[-75.97633,1.65412],[-75.97112,1.65445],[-75.96769,1.6584],[-75.96808,1.66361],[-75.97202,1.66704],[-75.97722,1.66665]]]}},{"type":"Feature","id":"41006-i-22","properties":{"id":"41006-i-22","municipality":"Acevedo","municipalCode":"41006","focus":true,"origin":"initial","startMonth":0,"retireMonth":null,"retirementFraction":0,"hectares":607.1,"aptitude2026":"S1 · alta","aptitude2035":"S1 · alta","confidence":"Media-alta","sourceCover":"Café estimado 2026","nearWater":false,"steepSlope":true,"lowSoc":false,"nearProtected":true,"score":87.5},"geometry":{"type":"Polygon","coordinates":[[[-75.99955,1.68277],[-76.00076,1.67745],[-75.99788,1.6728],[-75.99255,1.67159],[-75.98795,1.67451],[-75.98674,1.67981],[-75.98961,1.68443],[-75.99492,1.68565],[-75.99955,1.68277]]]}},{"type":"Feature","id":"41006-i-23","properties":{"id":"41006-i-23","municipality":"Acevedo","municipalCode":"41006","focus":true,"origin":"initial","startMonth":0,"retireMonth":119,"retirementStartMonth":20,"retirementFraction":0.6,"hectares":607.1,"aptitude2026":"S2 · media","aptitude2035":"S2 · media","confidence":"Media-alta","sourceCover":"Café estimado 2026","nearWater":true,"steepSlope":true,"lowSoc":false,"nearProtected":true,"score":87.3},"geometry":{"type":"Polygon","coordinates":[[[-75.96867,1.71858],[-75.97297,1.72136],[-75.97798,1.72028],[-75.98075,1.71598],[-75.97972,1.71095],[-75.97539,1.70816],[-75.97036,1.70925],[-75.96758,1.71357],[-75.96867,1.71858]]]}},{"type":"Feature","id":"41006-i-3","properties":{"id":"41006-i-3","municipality":"Acevedo","municipalCode":"41006","focus":true,"origin":"initial","startMonth":0,"retireMonth":null,"retirementFraction":0,"hectares":607.1,"aptitude2026":"S2 · media","aptitude2035":"S2 · media","confidence":"Media-alta","sourceCover":"Café estimado 2026","nearWater":false,"steepSlope":true,"lowSoc":false,"nearProtected":true,"score":92.5},"geometry":{"type":"Polygon","coordinates":[[[-75.96068,1.75562],[-75.96222,1.74996],[-75.95933,1.74485],[-75.95366,1.74331],[-75.94859,1.74624],[-75.94706,1.75187],[-75.94993,1.75696],[-75.95558,1.7585],[-75.96068,1.75562]]]}},{"type":"Feature","id":"41006-i-4","properties":{"id":"41006-i-4","municipality":"Acevedo","municipalCode":"41006","focus":true,"origin":"initial","startMonth":0,"retireMonth":null,"retirementFraction":0,"hectares":607.1,"aptitude2026":"S2 · media","aptitude2035":"S2 · media","confidence":"Media-alta","sourceCover":"Café estimado 2026","nearWater":false,"steepSlope":true,"lowSoc":false,"nearProtected":true,"score":92.3},"geometry":{"type":"Polygon","coordinates":[[[-76.03629,1.71977],[-76.03881,1.71587],[-76.03786,1.71133],[-76.03395,1.7088],[-76.02939,1.70976],[-76.02686,1.71367],[-76.02782,1.71824],[-76.03175,1.72078],[-76.03629,1.71977]]]}},{"type":"Feature","id":"41006-i-5","properties":{"id":"41006-i-5","municipality":"Acevedo","municipalCode":"41006","focus":true,"origin":"initial","startMonth":0,"retireMonth":null,"retirementFraction":0,"hectares":607.1,"aptitude2026":"S1 · alta","aptitude2035":"S1 · alta","confidence":"Media-alta","sourceCover":"Café estimado 2026","nearWater":false,"steepSlope":false,"lowSoc":false,"nearProtected":true,"score":92.2},"geometry":{"type":"Polygon","coordinates":[[[-75.99929,1.64508],[-75.99949,1.6404],[-75.99632,1.63695],[-75.99165,1.63675],[-75.98821,1.63991],[-75.98802,1.64457],[-75.99117,1.648],[-75.99581,1.64819],[-75.99929,1.64508]]]}},{"type":"Feature","id":"41006-i-6","properties":{"id":"41006-i-6","municipality":"Acevedo","municipalCode":"41006","focus":true,"origin":"initial","startMonth":0,"retireMonth":null,"retirementFraction":0,"hectares":607.1,"aptitude2026":"S2 · media","aptitude2035":"S2 · media","confidence":"Media-alta","sourceCover":"Café estimado 2026","nearWater":false,"steepSlope":true,"lowSoc":false,"nearProtected":true,"score":91.8},"geometry":{"type":"Polygon","coordinates":[[[-75.92839,1.75144],[-75.93071,1.75602],[-75.93559,1.75758],[-75.94015,1.75526],[-75.94171,1.7504],[-75.9394,1.74585],[-75.93454,1.74429],[-75.93,1.7466],[-75.92839,1.75144]]]}},{"type":"Feature","id":"41006-i-7","properties":{"id":"41006-i-7","municipality":"Acevedo","municipalCode":"41006","focus":true,"origin":"initial","startMonth":0,"retireMonth":null,"retirementFraction":0,"hectares":607.1,"aptitude2026":"S2 · media","aptitude2035":"S2 · media","confidence":"Media-alta","sourceCover":"Café estimado 2026","nearWater":false,"steepSlope":true,"lowSoc":true,"nearProtected":true,"score":91.1},"geometry":{"type":"Polygon","coordinates":[[[-75.92312,1.75263],[-75.9221,1.74675],[-75.91722,1.74332],[-75.91135,1.74434],[-75.90786,1.7492],[-75.90889,1.75511],[-75.91379,1.75855],[-75.91969,1.75752],[-75.92312,1.75263]]]}},{"type":"Feature","id":"41006-i-8","properties":{"id":"41006-i-8","municipality":"Acevedo","municipalCode":"41006","focus":true,"origin":"initial","startMonth":0,"retireMonth":null,"retirementFraction":0,"hectares":607.1,"aptitude2026":"S2 · media","aptitude2035":"S2 · media","confidence":"Media-alta","sourceCover":"Café estimado 2026","nearWater":false,"steepSlope":true,"lowSoc":false,"nearProtected":true,"score":90.8},"geometry":{"type":"Polygon","coordinates":[[[-76.04003,1.67972],[-76.03869,1.67433],[-76.03394,1.67147],[-76.02856,1.67281],[-76.02571,1.67755],[-76.02704,1.68291],[-76.03177,1.68576],[-76.03712,1.68443],[-76.04003,1.67972]]]}},{"type":"Feature","id":"41006-i-9","properties":{"id":"41006-i-9","municipality":"Acevedo","municipalCode":"41006","focus":true,"origin":"initial","startMonth":0,"retireMonth":null,"retirementFraction":0,"hectares":607.1,"aptitude2026":"S1 · alta","aptitude2035":"S1 · alta","confidence":"Media-alta","sourceCover":"Café estimado 2026","nearWater":false,"steepSlope":false,"lowSoc":false,"nearProtected":false,"score":90.6},"geometry":{"type":"Polygon","coordinates":[[[-75.99594,1.63049],[-75.9996,1.62715],[-75.99979,1.62222],[-75.99647,1.61857],[-75.99154,1.61838],[-75.98791,1.62169],[-75.98771,1.62661],[-75.99102,1.63023],[-75.99594,1.63049]]]}},{"type":"Feature","id":"41013-e-0","properties":{"id":"41013-e-0","municipality":"Agrado","municipalCode":"41013","focus":false,"origin":"expansion","startMonth":15,"entryEndMonth":119,"retireMonth":null,"hectares":122.1,"aptitude2026":"S2 · media","aptitude2035":"S2 · media","confidence":"Media-alta","sourceCover":"Mosaico agropecuario","nearWater":false,"steepSlope":false,"lowSoc":true,"nearProtected":false,"score":89.1},"geometry":{"type":"Polygon","coordinates":[[[-75.71106,2.24318],[-75.71286,2.24741],[-75.71712,2.24912],[-75.72136,2.24732],[-75.72302,2.24305],[-75.72123,2.23884],[-75.71699,2.23714],[-75.71277,2.23893],[-75.71106,2.24318]]]}},{"type":"Feature","id":"41013-i-0","properties":{"id":"41013-i-0","municipality":"Agrado","municipalCode":"41013","focus":false,"origin":"initial","startMonth":0,"retireMonth":null,"retirementFraction":0,"hectares":753.9,"aptitude2026":"S1 · alta","aptitude2035":"S2 · media","confidence":"Media-alta","sourceCover":"Café estimado 2026","nearWater":false,"steepSlope":false,"lowSoc":true,"nearProtected":false,"score":91.6},"geometry":{"type":"Polygon","coordinates":[[[-75.74874,2.30953],[-75.75326,2.3084],[-75.75568,2.30441],[-75.75455,2.29988],[-75.75054,2.29751],[-75.74604,2.29864],[-75.74363,2.30261],[-75.74477,2.30712],[-75.74874,2.30953]]]}},{"type":"Feature","id":"41013-i-1","properties":{"id":"41013-i-1","municipality":"Agrado","municipalCode":"41013","focus":false,"origin":"initial","startMonth":0,"retireMonth":119,"retirementStartMonth":18,"retirementFraction":0.16,"hectares":753.9,"aptitude2026":"S1 · alta","aptitude2035":"S2 · media","confidence":"Media-alta","sourceCover":"Café estimado 2026","nearWater":false,"steepSlope":false,"lowSoc":true,"nearProtected":false,"score":91.1},"geometry":{"type":"Polygon","coordinates":[[[-75.72801,2.28679],[-75.73199,2.28956],[-75.73676,2.28871],[-75.73952,2.28474],[-75.73872,2.27995],[-75.73472,2.27716],[-75.72993,2.27802],[-75.72715,2.28201],[-75.72801,2.28679]]]}},{"type":"Feature","id":"41016-e-0","properties":{"id":"41016-e-0","municipality":"Aipe","municipalCode":"41016","focus":false,"origin":"expansion","startMonth":9,"entryEndMonth":119,"retireMonth":null,"hectares":73.5,"aptitude2026":"S2 · media","aptitude2035":"S2 · media","confidence":"Media-alta","sourceCover":"Mosaico agropecuario","nearWater":true,"steepSlope":false,"lowSoc":false,"nearProtected":false,"score":80.4},"geometry":{"type":"Polygon","coordinates":[[[-75.36638,3.27929],[-75.37373,3.28805],[-75.3851,3.28905],[-75.39384,3.28172],[-75.39484,3.27037],[-75.38752,3.26165],[-75.3762,3.26065],[-75.36749,3.26795],[-75.36638,3.27929]]]}},{"type":"Feature","id":"41016-i-0","properties":{"id":"41016-i-0","municipality":"Aipe","municipalCode":"41016","focus":false,"origin":"initial","startMonth":0,"retireMonth":null,"retirementFraction":0,"hectares":625.6,"aptitude2026":"S2 · media","aptitude2035":"S2 · media","confidence":"Media-alta","sourceCover":"Café estimado 2026","nearWater":false,"steepSlope":false,"lowSoc":false,"nearProtected":true,"score":82},"geometry":{"type":"Polygon","coordinates":[[[-75.41213,3.35712],[-75.42213,3.36135],[-75.4322,3.35727],[-75.43644,3.34725],[-75.43225,3.33724],[-75.4223,3.33303],[-75.41227,3.3371],[-75.40805,3.34707],[-75.41213,3.35712]]]}},{"type":"Feature","id":"41016-i-1","properties":{"id":"41016-i-1","municipality":"Aipe","municipalCode":"41016","focus":false,"origin":"initial","startMonth":0,"retireMonth":119,"retirementStartMonth":16,"retirementFraction":0.16,"hectares":625.6,"aptitude2026":"S2 · media","aptitude2035":"S2 · media","confidence":"Media-alta","sourceCover":"Café estimado 2026","nearWater":false,"steepSlope":false,"lowSoc":false,"nearProtected":false,"score":81.9},"geometry":{"type":"Polygon","coordinates":[[[-75.32725,3.35592],[-75.3369,3.36173],[-75.34781,3.35895],[-75.35361,3.34932],[-75.35094,3.33836],[-75.34124,3.33253],[-75.33028,3.33531],[-75.32446,3.34499],[-75.32725,3.35592]]]}},{"type":"Feature","id":"41020-e-0","properties":{"id":"41020-e-0","municipality":"Algeciras","municipalCode":"41020","focus":false,"origin":"expansion","startMonth":11,"entryEndMonth":119,"retireMonth":null,"hectares":512.8,"aptitude2026":"S1 · alta","aptitude2035":"S1 · alta","confidence":"Media-alta","sourceCover":"Mosaico agropecuario","nearWater":false,"steepSlope":false,"lowSoc":false,"nearProtected":true,"score":88.6},"geometry":{"type":"Polygon","coordinates":[[[-75.29334,2.53044],[-75.29814,2.53493],[-75.3047,2.53467],[-75.30917,2.52987],[-75.30899,2.5233],[-75.30416,2.51879],[-75.29757,2.51905],[-75.29307,2.52387],[-75.29334,2.53044]]]}},{"type":"Feature","id":"41020-i-0","properties":{"id":"41020-i-0","municipality":"Algeciras","municipalCode":"41020","focus":false,"origin":"initial","startMonth":0,"retireMonth":null,"retirementFraction":0,"hectares":607.5,"aptitude2026":"S1 · alta","aptitude2035":"S1 · alta","confidence":"Media-alta","sourceCover":"Café estimado 2026","nearWater":false,"steepSlope":false,"lowSoc":false,"nearProtected":true,"score":96.5},"geometry":{"type":"Polygon","coordinates":[[[-75.32681,2.50452],[-75.33199,2.50107],[-75.33321,2.49496],[-75.32975,2.48976],[-75.32362,2.48854],[-75.31841,2.49201],[-75.31718,2.49815],[-75.32066,2.50337],[-75.32681,2.50452]]]}},{"type":"Feature","id":"41020-i-1","properties":{"id":"41020-i-1","municipality":"Algeciras","municipalCode":"41020","focus":false,"origin":"initial","startMonth":0,"retireMonth":null,"retirementFraction":0,"hectares":607.5,"aptitude2026":"S1 · alta","aptitude2035":"S1 · alta","confidence":"Media-alta","sourceCover":"Café estimado 2026","nearWater":false,"steepSlope":false,"lowSoc":false,"nearProtected":true,"score":95.5},"geometry":{"type":"Polygon","coordinates":[[[-75.23523,2.56522],[-75.23906,2.55841],[-75.23691,2.55091],[-75.23012,2.54709],[-75.22257,2.54916],[-75.21873,2.556],[-75.22088,2.56353],[-75.22771,2.56737],[-75.23523,2.56522]]]}},{"type":"Feature","id":"41020-i-10","properties":{"id":"41020-i-10","municipality":"Algeciras","municipalCode":"41020","focus":false,"origin":"initial","startMonth":0,"retireMonth":119,"retirementStartMonth":12,"retirementFraction":0.528,"hectares":607.5,"aptitude2026":"S1 · alta","aptitude2035":"S2 · media","confidence":"Media-alta","sourceCover":"Café estimado 2026","nearWater":true,"steepSlope":false,"lowSoc":false,"nearProtected":true,"score":89.9},"geometry":{"type":"Polygon","coordinates":[[[-75.3957,2.4441],[-75.40201,2.44292],[-75.40567,2.43765],[-75.4045,2.43133],[-75.39919,2.42773],[-75.39291,2.4289],[-75.38926,2.43415],[-75.39044,2.44044],[-75.3957,2.4441]]]}},{"type":"Feature","id":"41020-i-2","properties":{"id":"41020-i-2","municipality":"Algeciras","municipalCode":"41020","focus":false,"origin":"initial","startMonth":0,"retireMonth":null,"retirementFraction":0,"hectares":607.5,"aptitude2026":"S1 · alta","aptitude2035":"S1 · alta","confidence":"Media-alta","sourceCover":"Café estimado 2026","nearWater":false,"steepSlope":false,"lowSoc":false,"nearProtected":true,"score":94},"geometry":{"type":"Polygon","coordinates":[[[-75.36891,2.50323],[-75.37494,2.50444],[-75.38003,2.501],[-75.38124,2.49499],[-75.37786,2.48984],[-75.3718,2.48862],[-75.36668,2.49208],[-75.36546,2.49812],[-75.36891,2.50323]]]}},{"type":"Feature","id":"41020-i-3","properties":{"id":"41020-i-3","municipality":"Algeciras","municipalCode":"41020","focus":false,"origin":"initial","startMonth":0,"retireMonth":null,"retirementFraction":0,"hectares":607.5,"aptitude2026":"S1 · alta","aptitude2035":"S2 · media","confidence":"Media-alta","sourceCover":"Café estimado 2026","nearWater":false,"steepSlope":false,"lowSoc":false,"nearProtected":true,"score":92.2},"geometry":{"type":"Polygon","coordinates":[[[-75.29069,2.43779],[-75.2951,2.44462],[-75.30304,2.44637],[-75.30988,2.44195],[-75.31164,2.43399],[-75.30721,2.42713],[-75.29924,2.42538],[-75.29237,2.42981],[-75.29069,2.43779]]]}},{"type":"Feature","id":"41020-i-4","properties":{"id":"41020-i-4","municipality":"Algeciras","municipalCode":"41020","focus":false,"origin":"initial","startMonth":0,"retireMonth":null,"retirementFraction":0,"hectares":607.5,"aptitude2026":"S1 · alta","aptitude2035":"S2 · media","confidence":"Media-alta","sourceCover":"Café estimado 2026","nearWater":false,"steepSlope":false,"lowSoc":false,"nearProtected":true,"score":91.9},"geometry":{"type":"Polygon","coordinates":[[[-75.23145,2.59514],[-75.23608,2.59112],[-75.2365,2.585],[-75.23369,2.57798],[-75.22636,2.57989],[-75.22171,2.58394],[-75.22129,2.59008],[-75.22533,2.59472],[-75.23145,2.59514]]]}},{"type":"Feature","id":"41020-i-5","properties":{"id":"41020-i-5","municipality":"Algeciras","municipalCode":"41020","focus":false,"origin":"initial","startMonth":0,"retireMonth":null,"retirementFraction":0,"hectares":607.5,"aptitude2026":"S2 · media","aptitude2035":"S2 · media","confidence":"Media-alta","sourceCover":"Café estimado 2026","nearWater":true,"steepSlope":false,"lowSoc":false,"nearProtected":true,"score":91.3},"geometry":{"type":"Polygon","coordinates":[[[-75.2843,2.56069],[-75.28465,2.55455],[-75.28056,2.54995],[-75.2744,2.5496],[-75.26979,2.55371],[-75.26944,2.55988],[-75.27356,2.5645],[-75.27975,2.56485],[-75.2843,2.56069]]]}},{"type":"Feature","id":"41020-i-6","properties":{"id":"41020-i-6","municipality":"Algeciras","municipalCode":"41020","focus":false,"origin":"initial","startMonth":0,"retireMonth":null,"retirementFraction":0,"hectares":607.5,"aptitude2026":"S2 · media","aptitude2035":"S2 · media","confidence":"Media-alta","sourceCover":"Café estimado 2026","nearWater":false,"steepSlope":false,"lowSoc":true,"nearProtected":true,"score":91.2},"geometry":{"type":"Polygon","coordinates":[[[-75.30868,2.56077],[-75.30898,2.5544],[-75.30471,2.54965],[-75.29833,2.54935],[-75.29365,2.55366],[-75.29334,2.56],[-75.29759,2.56472],[-75.30394,2.56503],[-75.30868,2.56077]]]}},{"type":"Feature","id":"41020-i-7","properties":{"id":"41020-i-7","municipality":"Algeciras","municipalCode":"41020","focus":false,"origin":"initial","startMonth":0,"retireMonth":null,"retirementFraction":0,"hectares":607.5,"aptitude2026":"S2 · media","aptitude2035":"S2 · media","confidence":"Media-alta","sourceCover":"Café estimado 2026","nearWater":false,"steepSlope":false,"lowSoc":false,"nearProtected":true,"score":91.1},"geometry":{"type":"Polygon","coordinates":[[[-75.29557,2.50523],[-75.30334,2.50662],[-75.3098,2.50211],[-75.31119,2.49436],[-75.30674,2.48784],[-75.29894,2.48644],[-75.29245,2.49096],[-75.29105,2.49875],[-75.29557,2.50523]]]}},{"type":"Feature","id":"41020-i-8","properties":{"id":"41020-i-8","municipality":"Algeciras","municipalCode":"41020","focus":false,"origin":"initial","startMonth":0,"retireMonth":null,"retirementFraction":0,"hectares":607.5,"aptitude2026":"S2 · media","aptitude2035":"S2 · media","confidence":"Media-alta","sourceCover":"Café estimado 2026","nearWater":false,"steepSlope":false,"lowSoc":false,"nearProtected":true,"score":90.2},"geometry":{"type":"Polygon","coordinates":[[[-75.25434,2.56644],[-75.26047,2.56277],[-75.2622,2.55586],[-75.25854,2.54975],[-75.25164,2.54802],[-75.24555,2.55167],[-75.24382,2.55855],[-75.24746,2.56463],[-75.25434,2.56644]]]}},{"type":"Feature","id":"41020-i-9","properties":{"id":"41020-i-9","municipality":"Algeciras","municipalCode":"41020","focus":false,"origin":"initial","startMonth":0,"retireMonth":null,"retirementFraction":0,"hectares":607.5,"aptitude2026":"S2 · media","aptitude2035":"S2 · media","confidence":"Media-alta","sourceCover":"Café estimado 2026","nearWater":false,"steepSlope":false,"lowSoc":false,"nearProtected":true,"score":90.1},"geometry":{"type":"Polygon","coordinates":[[[-75.25956,2.50331],[-75.2624,2.49669],[-75.25976,2.48997],[-75.25313,2.48712],[-75.2464,2.48977],[-75.24354,2.49642],[-75.24619,2.50316],[-75.25285,2.50602],[-75.25956,2.50331]]]}},{"type":"Feature","id":"41026-e-0","properties":{"id":"41026-e-0","municipality":"Altamira","municipalCode":"41026","focus":false,"origin":"expansion","startMonth":17,"entryEndMonth":119,"retireMonth":null,"hectares":10.6,"aptitude2026":"S2 · media","aptitude2035":"S2 · media","confidence":"Media-alta","sourceCover":"Mosaico agropecuario","nearWater":false,"steepSlope":false,"lowSoc":false,"nearProtected":false,"score":90.4},"geometry":{"type":"Polygon","coordinates":[[[-75.78766,2.06576],[-75.78961,2.06137],[-75.78791,2.05688],[-75.7835,2.05493],[-75.77904,2.05668],[-75.77711,2.06105],[-75.7788,2.06552],[-75.78318,2.06746],[-75.78766,2.06576]]]}},{"type":"Feature","id":"41026-i-0","properties":{"id":"41026-i-0","municipality":"Altamira","municipalCode":"41026","focus":false,"origin":"initial","startMonth":0,"retireMonth":null,"retirementFraction":0,"hectares":59.4,"aptitude2026":"S1 · alta","aptitude2035":"S2 · media","confidence":"Media-alta","sourceCover":"Café estimado 2026","nearWater":false,"steepSlope":false,"lowSoc":false,"nearProtected":false,"score":97},"geometry":{"type":"Polygon","coordinates":[[[-75.76327,2.06821],[-75.76849,2.06682],[-75.77121,2.06215],[-75.76982,2.05691],[-75.76514,2.05419],[-75.75989,2.05557],[-75.75716,2.06027],[-75.75855,2.06553],[-75.76327,2.06821]]]}},{"type":"Feature","id":"41026-i-1","properties":{"id":"41026-i-1","municipality":"Altamira","municipalCode":"41026","focus":false,"origin":"initial","startMonth":0,"retireMonth":119,"retirementStartMonth":19,"retirementFraction":0.096,"hectares":59.4,"aptitude2026":"S1 · alta","aptitude2035":"S2 · media","confidence":"Media-alta","sourceCover":"Café estimado 2026","nearWater":false,"steepSlope":false,"lowSoc":false,"nearProtected":false,"score":94.9},"geometry":{"type":"Polygon","coordinates":[[[-75.81029,2.06295],[-75.80924,2.05692],[-75.80422,2.05342],[-75.7982,2.05447],[-75.79465,2.05947],[-75.7957,2.06553],[-75.80074,2.06903],[-75.80679,2.06798],[-75.81029,2.06295]]]}},{"type":"Feature","id":"41078-e-0","properties":{"id":"41078-e-0","municipality":"Baraya","municipalCode":"41078","focus":false,"origin":"expansion","startMonth":21,"entryEndMonth":119,"retireMonth":null,"hectares":58,"aptitude2026":"S2 · media","aptitude2035":"S2 · media","confidence":"Media-alta","sourceCover":"Mosaico agropecuario","nearWater":false,"steepSlope":false,"lowSoc":false,"nearProtected":false,"score":89.9},"geometry":{"type":"Polygon","coordinates":[[[-74.95575,3.13284],[-74.96467,3.13665],[-74.97368,3.13304],[-74.9775,3.1241],[-74.9738,3.11515],[-74.96492,3.11136],[-74.95595,3.11495],[-74.95215,3.12385],[-74.95575,3.13284]]]}},{"type":"Feature","id":"41078-i-0","properties":{"id":"41078-i-0","municipality":"Baraya","municipalCode":"41078","focus":false,"origin":"initial","startMonth":0,"retireMonth":null,"retirementFraction":0,"hectares":467.8,"aptitude2026":"S1 · alta","aptitude2035":"S2 · media","confidence":"Media-alta","sourceCover":"Café estimado 2026","nearWater":false,"steepSlope":false,"lowSoc":false,"nearProtected":true,"score":94.4},"geometry":{"type":"Polygon","coordinates":[[[-75.00477,3.23551],[-75.01289,3.23199],[-75.01614,3.22374],[-75.01261,3.21561],[-75.00435,3.21246],[-74.99628,3.21597],[-74.99304,3.22417],[-74.99655,3.23226],[-75.00477,3.23551]]]}},{"type":"Feature","id":"41078-i-1","properties":{"id":"41078-i-1","municipality":"Baraya","municipalCode":"41078","focus":false,"origin":"initial","startMonth":0,"retireMonth":119,"retirementStartMonth":21,"retirementFraction":0.16,"hectares":467.8,"aptitude2026":"S1 · alta","aptitude2035":"S2 · media","confidence":"Media-alta","sourceCover":"Café estimado 2026","nearWater":false,"steepSlope":false,"lowSoc":false,"nearProtected":true,"score":93.9},"geometry":{"type":"Polygon","coordinates":[[[-75.04033,3.23814],[-75.05152,3.2368],[-75.05848,3.22795],[-75.05715,3.21678],[-75.04835,3.20972],[-75.03711,3.21106],[-75.03012,3.21995],[-75.03146,3.23116],[-75.04033,3.23814]]]}},{"type":"Feature","id":"41132-e-0","properties":{"id":"41132-e-0","municipality":"Campoalegre","municipalCode":"41132","focus":false,"origin":"expansion","startMonth":23,"entryEndMonth":119,"retireMonth":null,"hectares":161.7,"aptitude2026":"S2 · media","aptitude2035":"S2 · media","confidence":"Media-alta","sourceCover":"Mosaico agropecuario","nearWater":false,"steepSlope":false,"lowSoc":false,"nearProtected":true,"score":90},"geometry":{"type":"Polygon","coordinates":[[[-75.24327,2.6671],[-75.2507,2.66518],[-75.25464,2.65859],[-75.25271,2.65114],[-75.2461,2.6472],[-75.23864,2.64913],[-75.23469,2.65575],[-75.23662,2.66323],[-75.24327,2.6671]]]}},{"type":"Feature","id":"41132-i-0","properties":{"id":"41132-i-0","municipality":"Campoalegre","municipalCode":"41132","focus":false,"origin":"initial","startMonth":0,"retireMonth":null,"retirementFraction":0,"hectares":542.8,"aptitude2026":"S2 · media","aptitude2035":"S2 · media","confidence":"Media-alta","sourceCover":"Café estimado 2026","nearWater":false,"steepSlope":false,"lowSoc":false,"nearProtected":false,"score":91.1},"geometry":{"type":"Polygon","coordinates":[[[-75.29121,2.71487],[-75.29802,2.71443],[-75.30255,2.70932],[-75.30211,2.70249],[-75.29696,2.69803],[-75.29018,2.69847],[-75.28567,2.70355],[-75.28611,2.71035],[-75.29121,2.71487]]]}},{"type":"Feature","id":"41132-i-1","properties":{"id":"41132-i-1","municipality":"Campoalegre","municipalCode":"41132","focus":false,"origin":"initial","startMonth":0,"retireMonth":null,"retirementFraction":0,"hectares":542.8,"aptitude2026":"S2 · media","aptitude2035":"S2 · media","confidence":"Media-alta","sourceCover":"Café estimado 2026","nearWater":false,"steepSlope":false,"lowSoc":false,"nearProtected":false,"score":91.1},"geometry":{"type":"Polygon","coordinates":[[[-75.3232,2.7158],[-75.32855,2.70994],[-75.32814,2.70203],[-75.3223,2.69669],[-75.3144,2.69709],[-75.30908,2.70293],[-75.30948,2.71081],[-75.3153,2.71612],[-75.3232,2.7158]]]}},{"type":"Feature","id":"41132-i-2","properties":{"id":"41132-i-2","municipality":"Campoalegre","municipalCode":"41132","focus":false,"origin":"initial","startMonth":0,"retireMonth":null,"retirementFraction":0,"hectares":542.8,"aptitude2026":"S2 · media","aptitude2035":"S2 · media","confidence":"Media-alta","sourceCover":"Café estimado 2026","nearWater":false,"steepSlope":false,"lowSoc":false,"nearProtected":false,"score":90.8},"geometry":{"type":"Polygon","coordinates":[[[-75.27633,2.71151],[-75.2779,2.70511],[-75.27448,2.69946],[-75.26806,2.69789],[-75.26241,2.70132],[-75.26083,2.70776],[-75.26427,2.71343],[-75.27072,2.71501],[-75.27633,2.71151]]]}},{"type":"Feature","id":"41132-i-3","properties":{"id":"41132-i-3","municipality":"Campoalegre","municipalCode":"41132","focus":false,"origin":"initial","startMonth":0,"retireMonth":119,"retirementStartMonth":22,"retirementFraction":0.32,"hectares":542.8,"aptitude2026":"S2 · media","aptitude2035":"S2 · media","confidence":"Media-alta","sourceCover":"Café estimado 2026","nearWater":true,"steepSlope":false,"lowSoc":false,"nearProtected":false,"score":90.6},"geometry":{"type":"Polygon","coordinates":[[[-75.34034,2.71498],[-75.34731,2.71469],[-75.35202,2.70957],[-75.35174,2.70262],[-75.34666,2.69784],[-75.33966,2.69812],[-75.33492,2.70327],[-75.33521,2.71025],[-75.34034,2.71498]]]}},{"type":"Feature","id":"41206-e-0","properties":{"id":"41206-e-0","municipality":"Colombia","municipalCode":"41206","focus":false,"origin":"expansion","startMonth":14,"entryEndMonth":119,"retireMonth":null,"hectares":28.5,"aptitude2026":"S2 · media","aptitude2035":"S2 · media","confidence":"Media-alta","sourceCover":"Mosaico agropecuario","nearWater":false,"steepSlope":false,"lowSoc":false,"nearProtected":false,"score":82.8},"geometry":{"type":"Polygon","coordinates":[[[-74.7174,3.56096],[-74.727,3.55144],[-74.72706,3.53795],[-74.71757,3.52837],[-74.70403,3.52815],[-74.69439,3.53772],[-74.69433,3.55128],[-74.70387,3.5609],[-74.7174,3.56096]]]}},{"type":"Feature","id":"41206-i-0","properties":{"id":"41206-i-0","municipality":"Colombia","municipalCode":"41206","focus":false,"origin":"initial","startMonth":0,"retireMonth":null,"retirementFraction":0,"hectares":639.2,"aptitude2026":"S1 · alta","aptitude2035":"S1 · alta","confidence":"Media-alta","sourceCover":"Café estimado 2026","nearWater":true,"steepSlope":false,"lowSoc":false,"nearProtected":true,"score":94.6},"geometry":{"type":"Polygon","coordinates":[[[-74.64326,3.62355],[-74.65154,3.6349],[-74.66541,3.63707],[-74.67673,3.62881],[-74.6789,3.61497],[-74.67065,3.60367],[-74.65685,3.60152],[-74.64558,3.60974],[-74.64326,3.62355]]]}},{"type":"Feature","id":"41206-i-1","properties":{"id":"41206-i-1","municipality":"Colombia","municipalCode":"41206","focus":false,"origin":"initial","startMonth":0,"retireMonth":null,"retirementFraction":0,"hectares":639.2,"aptitude2026":"S2 · media","aptitude2035":"S2 · media","confidence":"Media-alta","sourceCover":"Café estimado 2026","nearWater":true,"steepSlope":false,"lowSoc":false,"nearProtected":true,"score":84.5},"geometry":{"type":"Polygon","coordinates":[[[-74.66993,3.48513],[-74.67807,3.47445],[-74.67635,3.46112],[-74.66564,3.45296],[-74.65236,3.45483],[-74.64426,3.46546],[-74.64597,3.47873],[-74.65663,3.48685],[-74.66993,3.48513]]]}},{"type":"Feature","id":"41206-i-2","properties":{"id":"41206-i-2","municipality":"Colombia","municipalCode":"41206","focus":false,"origin":"initial","startMonth":0,"retireMonth":119,"retirementStartMonth":18,"retirementFraction":0.24028352,"hectares":639.2,"aptitude2026":"S2 · media","aptitude2035":"S2 · media","confidence":"Media-alta","sourceCover":"Café estimado 2026","nearWater":false,"steepSlope":false,"lowSoc":false,"nearProtected":true,"score":83.4},"geometry":{"type":"Polygon","coordinates":[[[-74.65227,3.55956],[-74.66545,3.56146],[-74.67605,3.55342],[-74.67794,3.54028],[-74.66992,3.52971],[-74.65681,3.52782],[-74.64627,3.53582],[-74.64439,3.5489],[-74.65227,3.55956]]]}},{"type":"Feature","id":"41244-e-0","properties":{"id":"41244-e-0","municipality":"Elías","municipalCode":"41244","focus":true,"origin":"expansion","startMonth":24,"entryEndMonth":119,"retireMonth":null,"hectares":130.4,"aptitude2026":"S2 · media","aptitude2035":"S2 · media","confidence":"Media-alta","sourceCover":"Mosaico agropecuario","nearWater":true,"steepSlope":false,"lowSoc":true,"nearProtected":true,"score":88.5},"geometry":{"type":"Polygon","coordinates":[[[-75.91073,2.00613],[-75.91351,2.00568],[-75.91517,2.0034],[-75.91471,2.00061],[-75.91243,1.99895],[-75.90964,1.99941],[-75.90797,2.0017],[-75.90843,2.00449],[-75.91073,2.00613]]]}},{"type":"Feature","id":"41244-i-0","properties":{"id":"41244-i-0","municipality":"Elías","municipalCode":"41244","focus":true,"origin":"initial","startMonth":0,"retireMonth":null,"retirementFraction":0,"hectares":580.4,"aptitude2026":"S1 · alta","aptitude2035":"S1 · alta","confidence":"Media-alta","sourceCover":"Café estimado 2026","nearWater":false,"steepSlope":false,"lowSoc":false,"nearProtected":true,"score":95.7},"geometry":{"type":"Polygon","coordinates":[[[-75.96056,2.00585],[-75.96293,2.00496],[-75.96396,2.00266],[-75.96307,2.0003],[-75.96078,1.99924],[-75.9584,2.00013],[-75.95736,2.00244],[-75.95825,2.00481],[-75.96056,2.00585]]]}},{"type":"Feature","id":"41244-i-1","properties":{"id":"41244-i-1","municipality":"Elías","municipalCode":"41244","focus":true,"origin":"initial","startMonth":0,"retireMonth":119,"retirementStartMonth":24,"retirementFraction":0.05,"hectares":580.4,"aptitude2026":"S1 · alta","aptitude2035":"S1 · alta","confidence":"Media-alta","sourceCover":"Café estimado 2026","nearWater":false,"steepSlope":false,"lowSoc":true,"nearProtected":true,"score":91.7},"geometry":{"type":"Polygon","coordinates":[[[-75.99403,1.98669],[-75.99616,1.98529],[-75.99665,1.98279],[-75.99525,1.98067],[-75.99276,1.98018],[-75.99065,1.98158],[-75.99015,1.98406],[-75.99155,1.98617],[-75.99403,1.98669]]]}},{"type":"Feature","id":"41298-e-0","properties":{"id":"41298-e-0","municipality":"Garzón","municipalCode":"41298","focus":false,"origin":"expansion","startMonth":3,"entryEndMonth":119,"retireMonth":null,"hectares":296,"aptitude2026":"S2 · media","aptitude2035":"S2 · media","confidence":"Media-alta","sourceCover":"Cobertura natural","nearWater":false,"steepSlope":false,"lowSoc":true,"nearProtected":true,"score":83.6},"geometry":{"type":"Polygon","coordinates":[[[-75.55132,2.17154],[-75.55694,2.16758],[-75.55812,2.16081],[-75.55416,2.15518],[-75.54737,2.154],[-75.54173,2.15797],[-75.54054,2.16477],[-75.54452,2.17043],[-75.55132,2.17154]]]}},{"type":"Feature","id":"41298-i-0","properties":{"id":"41298-i-0","municipality":"Garzón","municipalCode":"41298","focus":false,"origin":"initial","startMonth":0,"retireMonth":null,"retirementFraction":0,"hectares":636.1,"aptitude2026":"S2 · media","aptitude2035":"S2 · media","confidence":"Media-alta","sourceCover":"Café estimado 2026","nearWater":false,"steepSlope":false,"lowSoc":false,"nearProtected":true,"score":90.4},"geometry":{"type":"Polygon","coordinates":[[[-75.5693,2.10356],[-75.57516,2.10341],[-75.57916,2.09914],[-75.57902,2.0933],[-75.57476,2.0893],[-75.56893,2.08945],[-75.56495,2.09369],[-75.56509,2.09951],[-75.5693,2.10356]]]}},{"type":"Feature","id":"41298-i-1","properties":{"id":"41298-i-1","municipality":"Garzón","municipalCode":"41298","focus":false,"origin":"initial","startMonth":0,"retireMonth":null,"retirementFraction":0,"hectares":636.1,"aptitude2026":"S2 · media","aptitude2035":"S2 · media","confidence":"Media-alta","sourceCover":"Café estimado 2026","nearWater":false,"steepSlope":false,"lowSoc":false,"nearProtected":false,"score":90.1},"geometry":{"type":"Polygon","coordinates":[[[-75.58525,2.09884],[-75.58975,2.10481],[-75.59716,2.1059],[-75.60314,2.1014],[-75.60416,2.09399],[-75.59968,2.08804],[-75.5923,2.08696],[-75.58634,2.09144],[-75.58525,2.09884]]]}},{"type":"Feature","id":"41298-i-10","properties":{"id":"41298-i-10","municipality":"Garzón","municipalCode":"41298","focus":false,"origin":"initial","startMonth":0,"retireMonth":null,"retirementFraction":0,"hectares":636.1,"aptitude2026":"S1 · alta","aptitude2035":"S1 · alta","confidence":"Media-alta","sourceCover":"Café estimado 2026","nearWater":false,"steepSlope":false,"lowSoc":false,"nearProtected":false,"score":86.1},"geometry":{"type":"Polygon","coordinates":[[[-75.58886,2.21394],[-75.59546,2.21608],[-75.60165,2.21291],[-75.60379,2.2063],[-75.60062,2.2001],[-75.59398,2.19795],[-75.58777,2.20113],[-75.58562,2.20778],[-75.58886,2.21394]]]}},{"type":"Feature","id":"41298-i-11","properties":{"id":"41298-i-11","municipality":"Garzón","municipalCode":"41298","focus":false,"origin":"initial","startMonth":0,"retireMonth":null,"retirementFraction":0,"hectares":636.1,"aptitude2026":"S1 · alta","aptitude2035":"S1 · alta","confidence":"Media-alta","sourceCover":"Café estimado 2026","nearWater":false,"steepSlope":false,"lowSoc":false,"nearProtected":false,"score":85.7},"geometry":{"type":"Polygon","coordinates":[[[-75.61414,2.30478],[-75.62164,2.30439],[-75.62434,2.29798],[-75.62405,2.29236],[-75.62067,2.28632],[-75.6132,2.28671],[-75.60818,2.29227],[-75.60857,2.29976],[-75.61414,2.30478]]]}},{"type":"Feature","id":"41298-i-12","properties":{"id":"41298-i-12","municipality":"Garzón","municipalCode":"41298","focus":false,"origin":"initial","startMonth":0,"retireMonth":null,"retirementFraction":0,"hectares":636.1,"aptitude2026":"S1 · alta","aptitude2035":"S1 · alta","confidence":"Media-alta","sourceCover":"Café estimado 2026","nearWater":false,"steepSlope":false,"lowSoc":false,"nearProtected":true,"score":85},"geometry":{"type":"Polygon","coordinates":[[[-75.57986,2.25246],[-75.57841,2.24658],[-75.57322,2.24345],[-75.56732,2.2449],[-75.56418,2.2501],[-75.56564,2.25601],[-75.57085,2.25916],[-75.57677,2.2577],[-75.57986,2.25246]]]}},{"type":"Feature","id":"41298-i-13","properties":{"id":"41298-i-13","municipality":"Garzón","municipalCode":"41298","focus":false,"origin":"initial","startMonth":0,"retireMonth":119,"retirementStartMonth":23,"retirementFraction":0.6,"hectares":636.1,"aptitude2026":"S2 · media","aptitude2035":"S2 · media","confidence":"Media-alta","sourceCover":"Café estimado 2026","nearWater":false,"steepSlope":false,"lowSoc":false,"nearProtected":true,"score":84.5},"geometry":{"type":"Polygon","coordinates":[[[-75.57972,2.27431],[-75.5781,2.26862],[-75.57294,2.26575],[-75.56726,2.26736],[-75.56432,2.2725],[-75.56595,2.27822],[-75.57113,2.28111],[-75.57684,2.27949],[-75.57972,2.27431]]]}},{"type":"Feature","id":"41298-i-14","properties":{"id":"41298-i-14","municipality":"Garzón","municipalCode":"41298","focus":false,"origin":"initial","startMonth":0,"retireMonth":119,"retirementStartMonth":21,"retirementFraction":0.6,"hectares":636.1,"aptitude2026":"S2 · media","aptitude2035":"S2 · media","confidence":"Media-alta","sourceCover":"Café estimado 2026","nearWater":false,"steepSlope":false,"lowSoc":false,"nearProtected":false,"score":84.5},"geometry":{"type":"Polygon","coordinates":[[[-75.59761,2.28273],[-75.60336,2.27797],[-75.60406,2.27052],[-75.59929,2.26476],[-75.59183,2.26405],[-75.58605,2.26884],[-75.58535,2.27631],[-75.59014,2.2821],[-75.59761,2.28273]]]}},{"type":"Feature","id":"41298-i-2","properties":{"id":"41298-i-2","municipality":"Garzón","municipalCode":"41298","focus":false,"origin":"initial","startMonth":0,"retireMonth":null,"retirementFraction":0,"hectares":636.1,"aptitude2026":"S1 · alta","aptitude2035":"S1 · alta","confidence":"Media-alta","sourceCover":"Café estimado 2026","nearWater":false,"steepSlope":false,"lowSoc":false,"nearProtected":true,"score":89.6},"geometry":{"type":"Polygon","coordinates":[[[-75.54584,2.23653],[-75.55208,2.23687],[-75.55674,2.23268],[-75.55708,2.22642],[-75.55285,2.22182],[-75.54663,2.22149],[-75.54199,2.22566],[-75.54166,2.23189],[-75.54584,2.23653]]]}},{"type":"Feature","id":"41298-i-3","properties":{"id":"41298-i-3","municipality":"Garzón","municipalCode":"41298","focus":false,"origin":"initial","startMonth":0,"retireMonth":null,"retirementFraction":0,"hectares":636.1,"aptitude2026":"S2 · media","aptitude2035":"S2 · media","confidence":"Media-alta","sourceCover":"Café estimado 2026","nearWater":false,"steepSlope":false,"lowSoc":false,"nearProtected":false,"score":89.6},"geometry":{"type":"Polygon","coordinates":[[[-75.61107,2.10347],[-75.61792,2.1059],[-75.62449,2.10277],[-75.62692,2.0959],[-75.62378,2.08932],[-75.6169,2.08688],[-75.61031,2.09003],[-75.60786,2.09692],[-75.61107,2.10347]]]}},{"type":"Feature","id":"41298-i-4","properties":{"id":"41298-i-4","municipality":"Garzón","municipalCode":"41298","focus":false,"origin":"initial","startMonth":0,"retireMonth":null,"retirementFraction":0,"hectares":636.1,"aptitude2026":"S1 · alta","aptitude2035":"S2 · media","confidence":"Media-alta","sourceCover":"Café estimado 2026","nearWater":false,"steepSlope":false,"lowSoc":false,"nearProtected":true,"score":89.4},"geometry":{"type":"Polygon","coordinates":[[[-75.52995,2.19348],[-75.53505,2.18865],[-75.53525,2.18162],[-75.53041,2.17651],[-75.52337,2.17631],[-75.51824,2.18115],[-75.51804,2.18821],[-75.5229,2.19335],[-75.52995,2.19348]]]}},{"type":"Feature","id":"41298-i-5","properties":{"id":"41298-i-5","municipality":"Garzón","municipalCode":"41298","focus":false,"origin":"initial","startMonth":0,"retireMonth":null,"retirementFraction":0,"hectares":636.1,"aptitude2026":"S1 · alta","aptitude2035":"S2 · media","confidence":"Media-alta","sourceCover":"Café estimado 2026","nearWater":false,"steepSlope":false,"lowSoc":false,"nearProtected":true,"score":88.9},"geometry":{"type":"Polygon","coordinates":[[[-75.58048,2.18922],[-75.58106,2.18199],[-75.57634,2.17649],[-75.56912,2.1759],[-75.56356,2.18058],[-75.56297,2.18784],[-75.56772,2.19337],[-75.57497,2.19396],[-75.58048,2.18922]]]}},{"type":"Feature","id":"41298-i-6","properties":{"id":"41298-i-6","municipality":"Garzón","municipalCode":"41298","focus":false,"origin":"initial","startMonth":0,"retireMonth":null,"retirementFraction":0,"hectares":636.1,"aptitude2026":"S2 · media","aptitude2035":"S2 · media","confidence":"Media-alta","sourceCover":"Café estimado 2026","nearWater":false,"steepSlope":false,"lowSoc":false,"nearProtected":false,"score":87.6},"geometry":{"type":"Polygon","coordinates":[[[-75.65558,2.10244],[-75.66196,2.10578],[-75.66881,2.1036],[-75.67214,2.09724],[-75.67002,2.09035],[-75.66362,2.087],[-75.65674,2.08919],[-75.6534,2.09558],[-75.65558,2.10244]]]}},{"type":"Feature","id":"41298-i-7","properties":{"id":"41298-i-7","municipality":"Garzón","municipalCode":"41298","focus":false,"origin":"initial","startMonth":0,"retireMonth":null,"retirementFraction":0,"hectares":636.1,"aptitude2026":"S1 · alta","aptitude2035":"S2 · media","confidence":"Media-alta","sourceCover":"Café estimado 2026","nearWater":false,"steepSlope":false,"lowSoc":false,"nearProtected":false,"score":87.6},"geometry":{"type":"Polygon","coordinates":[[[-75.60136,2.16737],[-75.60267,2.16133],[-75.59929,2.15616],[-75.59327,2.15486],[-75.58812,2.15823],[-75.58682,2.16424],[-75.59018,2.16938],[-75.59617,2.17067],[-75.60136,2.16737]]]}},{"type":"Feature","id":"41298-i-8","properties":{"id":"41298-i-8","municipality":"Garzón","municipalCode":"41298","focus":false,"origin":"initial","startMonth":0,"retireMonth":null,"retirementFraction":0,"hectares":636.1,"aptitude2026":"S2 · media","aptitude2035":"S2 · media","confidence":"Media-alta","sourceCover":"Café estimado 2026","nearWater":false,"steepSlope":false,"lowSoc":false,"nearProtected":false,"score":86.9},"geometry":{"type":"Polygon","coordinates":[[[-75.68477,2.10449],[-75.69068,2.10261],[-75.69357,2.09711],[-75.69169,2.09119],[-75.68618,2.08829],[-75.68024,2.09018],[-75.67734,2.09571],[-75.67923,2.10166],[-75.68477,2.10449]]]}},{"type":"Feature","id":"41298-i-9","properties":{"id":"41298-i-9","municipality":"Garzón","municipalCode":"41298","focus":false,"origin":"initial","startMonth":0,"retireMonth":null,"retirementFraction":0,"hectares":636.1,"aptitude2026":"S1 · alta","aptitude2035":"S2 · media","confidence":"Media-alta","sourceCover":"Café estimado 2026","nearWater":false,"steepSlope":false,"lowSoc":false,"nearProtected":false,"score":86.7},"geometry":{"type":"Polygon","coordinates":[[[-75.64359,2.1916],[-75.64728,2.18717],[-75.64677,2.18143],[-75.64235,2.17774],[-75.63659,2.17819],[-75.63288,2.18264],[-75.63339,2.18841],[-75.63783,2.19211],[-75.64359,2.1916]]]}},{"type":"Feature","id":"41306-e-0","properties":{"id":"41306-e-0","municipality":"Gigante","municipalCode":"41306","focus":false,"origin":"expansion","startMonth":23,"entryEndMonth":119,"retireMonth":null,"hectares":142,"aptitude2026":"S2 · media","aptitude2035":"S2 · media","confidence":"Media-alta","sourceCover":"Mosaico agropecuario","nearWater":false,"steepSlope":false,"lowSoc":false,"nearProtected":true,"score":85.9},"geometry":{"type":"Polygon","coordinates":[[[-75.54762,2.44775],[-75.5537,2.44668],[-75.55727,2.44164],[-75.5562,2.43555],[-75.55113,2.43205],[-75.54509,2.43311],[-75.54153,2.43812],[-75.54259,2.44418],[-75.54762,2.44775]]]}},{"type":"Feature","id":"41306-i-0","properties":{"id":"41306-i-0","municipality":"Gigante","municipalCode":"41306","focus":false,"origin":"initial","startMonth":0,"retireMonth":null,"retirementFraction":0,"hectares":591.1,"aptitude2026":"S1 · alta","aptitude2035":"S2 · media","confidence":"Media-alta","sourceCover":"Café estimado 2026","nearWater":false,"steepSlope":false,"lowSoc":false,"nearProtected":true,"score":92.1},"geometry":{"type":"Polygon","coordinates":[[[-75.5235,2.44928],[-75.53091,2.44836],[-75.53546,2.44245],[-75.53454,2.43506],[-75.52865,2.43052],[-75.52127,2.43144],[-75.51674,2.43732],[-75.51765,2.44468],[-75.5235,2.44928]]]}},{"type":"Feature","id":"41306-i-1","properties":{"id":"41306-i-1","municipality":"Gigante","municipalCode":"41306","focus":false,"origin":"initial","startMonth":0,"retireMonth":null,"retirementFraction":0,"hectares":591.1,"aptitude2026":"S1 · alta","aptitude2035":"S2 · media","confidence":"Media-alta","sourceCover":"Café estimado 2026","nearWater":false,"steepSlope":false,"lowSoc":false,"nearProtected":true,"score":91.3},"geometry":{"type":"Polygon","coordinates":[[[-75.56365,2.44065],[-75.56683,2.44682],[-75.57345,2.44893],[-75.57963,2.44575],[-75.58176,2.43911],[-75.57856,2.43291],[-75.57191,2.43078],[-75.5657,2.43399],[-75.56365,2.44065]]]}},{"type":"Feature","id":"41306-i-2","properties":{"id":"41306-i-2","municipality":"Gigante","municipalCode":"41306","focus":false,"origin":"initial","startMonth":0,"retireMonth":null,"retirementFraction":0,"hectares":591.1,"aptitude2026":"S1 · alta","aptitude2035":"S1 · alta","confidence":"Media-alta","sourceCover":"Café estimado 2026","nearWater":false,"steepSlope":false,"lowSoc":false,"nearProtected":false,"score":90},"geometry":{"type":"Polygon","coordinates":[[[-75.53221,2.4923],[-75.53423,2.48639],[-75.53151,2.48075],[-75.52558,2.47872],[-75.51999,2.4815],[-75.51797,2.48739],[-75.52068,2.493],[-75.52658,2.49502],[-75.53221,2.4923]]]}},{"type":"Feature","id":"41306-i-3","properties":{"id":"41306-i-3","municipality":"Gigante","municipalCode":"41306","focus":false,"origin":"initial","startMonth":0,"retireMonth":null,"retirementFraction":0,"hectares":591.1,"aptitude2026":"S1 · alta","aptitude2035":"S1 · alta","confidence":"Media-alta","sourceCover":"Café estimado 2026","nearWater":false,"steepSlope":false,"lowSoc":false,"nearProtected":true,"score":89.8},"geometry":{"type":"Polygon","coordinates":[[[-75.55723,2.49228],[-75.55875,2.48514],[-75.55475,2.47905],[-75.54764,2.47754],[-75.54156,2.48153],[-75.54005,2.48863],[-75.54403,2.49469],[-75.55112,2.4962],[-75.55723,2.49228]]]}},{"type":"Feature","id":"41306-i-4","properties":{"id":"41306-i-4","municipality":"Gigante","municipalCode":"41306","focus":false,"origin":"initial","startMonth":0,"retireMonth":null,"retirementFraction":0,"hectares":591.1,"aptitude2026":"S1 · alta","aptitude2035":"S1 · alta","confidence":"Media-alta","sourceCover":"Café estimado 2026","nearWater":false,"steepSlope":false,"lowSoc":false,"nearProtected":false,"score":89.4},"geometry":{"type":"Polygon","coordinates":[[[-75.55521,2.47114],[-75.559,2.46474],[-75.55715,2.45754],[-75.55074,2.45375],[-75.54357,2.45567],[-75.5398,2.46203],[-75.54164,2.46921],[-75.54802,2.47298],[-75.55521,2.47114]]]}},{"type":"Feature","id":"41306-i-5","properties":{"id":"41306-i-5","municipality":"Gigante","municipalCode":"41306","focus":false,"origin":"initial","startMonth":0,"retireMonth":null,"retirementFraction":0,"hectares":591.1,"aptitude2026":"S1 · alta","aptitude2035":"S1 · alta","confidence":"Media-alta","sourceCover":"Café estimado 2026","nearWater":false,"steepSlope":false,"lowSoc":false,"nearProtected":true,"score":89.2},"geometry":{"type":"Polygon","coordinates":[[[-75.50239,2.47343],[-75.50961,2.47077],[-75.5128,2.46378],[-75.51015,2.45657],[-75.50318,2.4533],[-75.49592,2.45597],[-75.49272,2.46299],[-75.49538,2.47023],[-75.50239,2.47343]]]}},{"type":"Feature","id":"41306-i-6","properties":{"id":"41306-i-6","municipality":"Gigante","municipalCode":"41306","focus":false,"origin":"initial","startMonth":0,"retireMonth":null,"retirementFraction":0,"hectares":591.1,"aptitude2026":"S2 · media","aptitude2035":"S2 · media","confidence":"Media-alta","sourceCover":"Café estimado 2026","nearWater":false,"steepSlope":false,"lowSoc":false,"nearProtected":true,"score":86.3},"geometry":{"type":"Polygon","coordinates":[[[-75.53399,2.37451],[-75.53531,2.36741],[-75.53122,2.36147],[-75.52413,2.36016],[-75.51813,2.36419],[-75.51681,2.37133],[-75.52092,2.37729],[-75.52804,2.37861],[-75.53399,2.37451]]]}},{"type":"Feature","id":"41306-i-7","properties":{"id":"41306-i-7","municipality":"Gigante","municipalCode":"41306","focus":false,"origin":"initial","startMonth":0,"retireMonth":null,"retirementFraction":0,"hectares":591.1,"aptitude2026":"S2 · media","aptitude2035":"S2 · media","confidence":"Media-alta","sourceCover":"Café estimado 2026","nearWater":false,"steepSlope":false,"lowSoc":true,"nearProtected":true,"score":86.1},"geometry":{"type":"Polygon","coordinates":[[[-75.55801,2.36974],[-75.55575,2.36352],[-75.54975,2.36072],[-75.54352,2.36298],[-75.54071,2.36899],[-75.54298,2.37524],[-75.54901,2.37805],[-75.55527,2.37578],[-75.55801,2.36974]]]}},{"type":"Feature","id":"41306-i-8","properties":{"id":"41306-i-8","municipality":"Gigante","municipalCode":"41306","focus":false,"origin":"initial","startMonth":0,"retireMonth":119,"retirementStartMonth":21,"retirementFraction":0.72,"hectares":591.1,"aptitude2026":"S2 · media","aptitude2035":"S3 · marginal","confidence":"Media-alta","sourceCover":"Café estimado 2026","nearWater":false,"steepSlope":false,"lowSoc":false,"nearProtected":true,"score":85.9},"geometry":{"type":"Polygon","coordinates":[[[-75.50346,2.37865],[-75.50983,2.37545],[-75.51204,2.36869],[-75.50886,2.36233],[-75.5021,2.36012],[-75.49576,2.3633],[-75.49356,2.37004],[-75.49673,2.37637],[-75.50346,2.37865]]]}},{"type":"Feature","id":"41319-e-0","properties":{"id":"41319-e-0","municipality":"Guadalupe","municipalCode":"41319","focus":false,"origin":"expansion","startMonth":21,"entryEndMonth":119,"retireMonth":null,"hectares":275.4,"aptitude2026":"S2 · media","aptitude2035":"S2 · media","confidence":"Media-alta","sourceCover":"Mosaico agropecuario","nearWater":false,"steepSlope":false,"lowSoc":false,"nearProtected":false,"score":88.8},"geometry":{"type":"Polygon","coordinates":[[[-75.66743,1.98992],[-75.6724,1.9919],[-75.67733,1.9898],[-75.67931,1.98481],[-75.67717,1.97992],[-75.67221,1.97795],[-75.6673,1.98004],[-75.66533,1.98501],[-75.66743,1.98992]]]}},{"type":"Feature","id":"41319-i-0","properties":{"id":"41319-i-0","municipality":"Guadalupe","municipalCode":"41319","focus":false,"origin":"initial","startMonth":0,"retireMonth":null,"retirementFraction":0,"hectares":618.9,"aptitude2026":"S1 · alta","aptitude2035":"S1 · alta","confidence":"Media-alta","sourceCover":"Café estimado 2026","nearWater":false,"steepSlope":false,"lowSoc":false,"nearProtected":false,"score":95.6},"geometry":{"type":"Polygon","coordinates":[[[-75.70026,2.07456],[-75.70398,2.07789],[-75.70897,2.07761],[-75.71229,2.0739],[-75.71202,2.06893],[-75.70831,2.06561],[-75.70335,2.06588],[-75.70004,2.06958],[-75.70026,2.07456]]]}},{"type":"Feature","id":"41319-i-1","properties":{"id":"41319-i-1","municipality":"Guadalupe","municipalCode":"41319","focus":false,"origin":"initial","startMonth":0,"retireMonth":null,"retirementFraction":0,"hectares":618.9,"aptitude2026":"S1 · alta","aptitude2035":"S1 · alta","confidence":"Media-alta","sourceCover":"Café estimado 2026","nearWater":false,"steepSlope":false,"lowSoc":false,"nearProtected":false,"score":95.4},"geometry":{"type":"Polygon","coordinates":[[[-75.66984,2.0257],[-75.67485,2.02566],[-75.67836,2.0221],[-75.67832,2.01711],[-75.67479,2.01355],[-75.66976,2.01359],[-75.66623,2.01717],[-75.66627,2.02218],[-75.66984,2.0257]]]}},{"type":"Feature","id":"41319-i-2","properties":{"id":"41319-i-2","municipality":"Guadalupe","municipalCode":"41319","focus":false,"origin":"initial","startMonth":0,"retireMonth":null,"retirementFraction":0,"hectares":618.9,"aptitude2026":"S1 · alta","aptitude2035":"S2 · media","confidence":"Media-alta","sourceCover":"Café estimado 2026","nearWater":false,"steepSlope":false,"lowSoc":false,"nearProtected":false,"score":93.3},"geometry":{"type":"Polygon","coordinates":[[[-75.64838,1.98523],[-75.65065,1.99009],[-75.6557,1.9919],[-75.66056,1.98964],[-75.66242,1.98459],[-75.66014,1.9797],[-75.65507,1.97789],[-75.65019,1.98016],[-75.64838,1.98523]]]}},{"type":"Feature","id":"41319-i-3","properties":{"id":"41319-i-3","municipality":"Guadalupe","municipalCode":"41319","focus":false,"origin":"initial","startMonth":0,"retireMonth":null,"retirementFraction":0,"hectares":618.9,"aptitude2026":"S1 · alta","aptitude2035":"S1 · alta","confidence":"Media-alta","sourceCover":"Café estimado 2026","nearWater":false,"steepSlope":false,"lowSoc":true,"nearProtected":false,"score":91.9},"geometry":{"type":"Polygon","coordinates":[[[-75.7683,2.02151],[-75.77124,2.02487],[-75.77571,2.02519],[-75.77908,2.02224],[-75.77941,2.01776],[-75.77645,2.01438],[-75.77196,2.01406],[-75.76857,2.01703],[-75.7683,2.02151]]]}},{"type":"Feature","id":"41319-i-4","properties":{"id":"41319-i-4","municipality":"Guadalupe","municipalCode":"41319","focus":false,"origin":"initial","startMonth":0,"retireMonth":null,"retirementFraction":0,"hectares":618.9,"aptitude2026":"S1 · alta","aptitude2035":"S1 · alta","confidence":"Media-alta","sourceCover":"Café estimado 2026","nearWater":false,"steepSlope":false,"lowSoc":false,"nearProtected":false,"score":90.3},"geometry":{"type":"Polygon","coordinates":[[[-75.69019,2.061],[-75.69459,2.05838],[-75.69587,2.05341],[-75.69324,2.049],[-75.68828,2.04777],[-75.6839,2.05038],[-75.68262,2.05533],[-75.68523,2.05972],[-75.69019,2.061]]]}},{"type":"Feature","id":"41319-i-5","properties":{"id":"41319-i-5","municipality":"Guadalupe","municipalCode":"41319","focus":false,"origin":"initial","startMonth":0,"retireMonth":null,"retirementFraction":0,"hectares":618.9,"aptitude2026":"S2 · media","aptitude2035":"S2 · media","confidence":"Media-alta","sourceCover":"Café estimado 2026","nearWater":false,"steepSlope":false,"lowSoc":false,"nearProtected":false,"score":89.9},"geometry":{"type":"Polygon","coordinates":[[[-75.68799,1.99158],[-75.69307,1.9905],[-75.69591,1.98615],[-75.69484,1.98106],[-75.69047,1.97821],[-75.68537,1.97929],[-75.68252,1.98366],[-75.6836,1.98878],[-75.68799,1.99158]]]}},{"type":"Feature","id":"41319-i-6","properties":{"id":"41319-i-6","municipality":"Guadalupe","municipalCode":"41319","focus":false,"origin":"initial","startMonth":0,"retireMonth":119,"retirementStartMonth":15,"retirementFraction":0.64,"hectares":618.9,"aptitude2026":"S2 · media","aptitude2035":"S2 · media","confidence":"Media-alta","sourceCover":"Café estimado 2026","nearWater":false,"steepSlope":false,"lowSoc":false,"nearProtected":false,"score":89.8},"geometry":{"type":"Polygon","coordinates":[[[-75.68276,2.02322],[-75.68719,2.02675],[-75.6928,2.02609],[-75.69633,2.02168],[-75.69567,2.01608],[-75.69127,2.01256],[-75.68567,2.01321],[-75.68216,2.01761],[-75.68276,2.02322]]]}},{"type":"Feature","id":"41319-i-7","properties":{"id":"41319-i-7","municipality":"Guadalupe","municipalCode":"41319","focus":false,"origin":"initial","startMonth":0,"retireMonth":null,"retirementFraction":0,"hectares":618.9,"aptitude2026":"S1 · alta","aptitude2035":"S1 · alta","confidence":"Media-alta","sourceCover":"Café estimado 2026","nearWater":false,"steepSlope":false,"lowSoc":false,"nearProtected":false,"score":89.7},"geometry":{"type":"Polygon","coordinates":[[[-75.7289,2.05836],[-75.73001,2.05307],[-75.72705,2.04855],[-75.72177,2.04745],[-75.71722,2.05037],[-75.71611,2.05568],[-75.71908,2.06021],[-75.72438,2.06132],[-75.7289,2.05836]]]}},{"type":"Feature","id":"41349-e-0","properties":{"id":"41349-e-0","municipality":"Hobo","municipalCode":"41349","focus":false,"origin":"expansion","startMonth":4,"entryEndMonth":119,"retireMonth":null,"hectares":26.2,"aptitude2026":"S2 · media","aptitude2035":"S3 · marginal","confidence":"Media-alta","sourceCover":"Cobertura natural","nearWater":false,"steepSlope":false,"lowSoc":false,"nearProtected":true,"score":85.5},"geometry":{"type":"Polygon","coordinates":[[[-75.45885,2.54732],[-75.46096,2.54284],[-75.45926,2.53819],[-75.45479,2.53609],[-75.45012,2.53775],[-75.448,2.54225],[-75.44971,2.54691],[-75.4542,2.54902],[-75.45885,2.54732]]]}},{"type":"Feature","id":"41349-i-0","properties":{"id":"41349-i-0","municipality":"Hobo","municipalCode":"41349","focus":false,"origin":"initial","startMonth":0,"retireMonth":null,"retirementFraction":0,"hectares":476.3,"aptitude2026":"S2 · media","aptitude2035":"S2 · media","confidence":"Media-alta","sourceCover":"Café estimado 2026","nearWater":false,"steepSlope":false,"lowSoc":true,"nearProtected":true,"score":88.4},"geometry":{"type":"Polygon","coordinates":[[[-75.45194,2.57036],[-75.45632,2.57065],[-75.45962,2.56777],[-75.45991,2.5634],[-75.45706,2.56006],[-75.45266,2.55976],[-75.44935,2.56266],[-75.44905,2.56705],[-75.45194,2.57036]]]}},{"type":"Feature","id":"41349-i-1","properties":{"id":"41349-i-1","municipality":"Hobo","municipalCode":"41349","focus":false,"origin":"initial","startMonth":0,"retireMonth":119,"retirementStartMonth":20,"retirementFraction":0.16,"hectares":476.3,"aptitude2026":"S2 · media","aptitude2035":"S2 · media","confidence":"Media-alta","sourceCover":"Café estimado 2026","nearWater":false,"steepSlope":false,"lowSoc":false,"nearProtected":true,"score":87.1},"geometry":{"type":"Polygon","coordinates":[[[-75.47097,2.57074],[-75.47452,2.56827],[-75.47526,2.56402],[-75.4728,2.56047],[-75.46856,2.55973],[-75.46502,2.56218],[-75.46428,2.56642],[-75.46673,2.56995],[-75.47097,2.57074]]]}},{"type":"Feature","id":"41357-e-0","properties":{"id":"41357-e-0","municipality":"Íquira","municipalCode":"41357","focus":false,"origin":"expansion","startMonth":14,"entryEndMonth":119,"retireMonth":null,"hectares":138.8,"aptitude2026":"S1 · alta","aptitude2035":"S1 · alta","confidence":"Media-alta","sourceCover":"Mosaico agropecuario","nearWater":false,"steepSlope":false,"lowSoc":false,"nearProtected":true,"score":87.7},"geometry":{"type":"Polygon","coordinates":[[[-75.65417,2.68272],[-75.65523,2.67581],[-75.6511,2.67018],[-75.64418,2.66911],[-75.63859,2.67329],[-75.63754,2.68017],[-75.64165,2.68578],[-75.64855,2.68684],[-75.65417,2.68272]]]}},{"type":"Feature","id":"41357-i-0","properties":{"id":"41357-i-0","municipality":"Íquira","municipalCode":"41357","focus":false,"origin":"initial","startMonth":0,"retireMonth":null,"retirementFraction":0,"hectares":683.9,"aptitude2026":"S1 · alta","aptitude2035":"S1 · alta","confidence":"Media-alta","sourceCover":"Café estimado 2026","nearWater":false,"steepSlope":false,"lowSoc":false,"nearProtected":false,"score":90.3},"geometry":{"type":"Polygon","coordinates":[[[-75.6911,2.66187],[-75.69568,2.65717],[-75.69564,2.6506],[-75.69093,2.646],[-75.68437,2.64611],[-75.6798,2.65079],[-75.67985,2.65734],[-75.68454,2.66191],[-75.6911,2.66187]]]}},{"type":"Feature","id":"41357-i-1","properties":{"id":"41357-i-1","municipality":"Íquira","municipalCode":"41357","focus":false,"origin":"initial","startMonth":0,"retireMonth":null,"retirementFraction":0,"hectares":683.9,"aptitude2026":"S1 · alta","aptitude2035":"S1 · alta","confidence":"Media-alta","sourceCover":"Café estimado 2026","nearWater":false,"steepSlope":false,"lowSoc":false,"nearProtected":false,"score":90.2},"geometry":{"type":"Polygon","coordinates":[[[-75.71712,2.65586],[-75.71591,2.64914],[-75.71029,2.64528],[-75.70358,2.64649],[-75.69973,2.6521],[-75.70093,2.65879],[-75.70653,2.66263],[-75.71321,2.66143],[-75.71712,2.65586]]]}},{"type":"Feature","id":"41357-i-2","properties":{"id":"41357-i-2","municipality":"Íquira","municipalCode":"41357","focus":false,"origin":"initial","startMonth":0,"retireMonth":null,"retirementFraction":0,"hectares":683.9,"aptitude2026":"S1 · alta","aptitude2035":"S1 · alta","confidence":"Media-alta","sourceCover":"Café estimado 2026","nearWater":false,"steepSlope":false,"lowSoc":false,"nearProtected":false,"score":89.4},"geometry":{"type":"Polygon","coordinates":[[[-75.67401,2.65853],[-75.6752,2.65227],[-75.67161,2.647],[-75.66534,2.64581],[-75.66005,2.6494],[-75.65886,2.65569],[-75.66246,2.66098],[-75.66876,2.66218],[-75.67401,2.65853]]]}},{"type":"Feature","id":"41357-i-3","properties":{"id":"41357-i-3","municipality":"Íquira","municipalCode":"41357","focus":false,"origin":"initial","startMonth":0,"retireMonth":119,"retirementStartMonth":14,"retirementFraction":0.192,"hectares":683.9,"aptitude2026":"S1 · alta","aptitude2035":"S1 · alta","confidence":"Media-alta","sourceCover":"Café estimado 2026","nearWater":false,"steepSlope":false,"lowSoc":false,"nearProtected":true,"score":88.2},"geometry":{"type":"Polygon","coordinates":[[[-75.62073,2.73141],[-75.62598,2.73333],[-75.63104,2.73099],[-75.63297,2.72575],[-75.63062,2.72069],[-75.6254,2.71878],[-75.62036,2.72111],[-75.61845,2.72632],[-75.62073,2.73141]]]}},{"type":"Feature","id":"41359-e-0","properties":{"id":"41359-e-0","municipality":"Isnos","municipalCode":"41359","focus":true,"origin":"expansion","startMonth":10,"entryEndMonth":119,"retireMonth":null,"hectares":417.8,"aptitude2026":"S3 · marginal","aptitude2035":"S3 · marginal","confidence":"Media-alta","sourceCover":"Mosaico agropecuario","nearWater":false,"steepSlope":false,"lowSoc":false,"nearProtected":true,"score":78.9},"geometry":{"type":"Polygon","coordinates":[[[-76.30637,2.05902],[-76.31102,2.05259],[-76.30976,2.04477],[-76.30334,2.04014],[-76.29554,2.0414],[-76.29092,2.0478],[-76.29217,2.05558],[-76.29856,2.0602],[-76.30637,2.05902]]]}},{"type":"Feature","id":"41359-e-1","properties":{"id":"41359-e-1","municipality":"Isnos","municipalCode":"41359","focus":true,"origin":"expansion","startMonth":22,"entryEndMonth":119,"retireMonth":null,"hectares":417.8,"aptitude2026":"S3 · marginal","aptitude2035":"S3 · marginal","confidence":"Media-alta","sourceCover":"Mosaico agropecuario","nearWater":false,"steepSlope":false,"lowSoc":true,"nearProtected":true,"score":78},"geometry":{"type":"Polygon","coordinates":[[[-76.33004,2.05802],[-76.3344,2.05286],[-76.33379,2.04613],[-76.32864,2.04179],[-76.32189,2.04232],[-76.31751,2.04751],[-76.31813,2.05427],[-76.3233,2.05863],[-76.33004,2.05802]]]}},{"type":"Feature","id":"41359-i-0","properties":{"id":"41359-i-0","municipality":"Isnos","municipalCode":"41359","focus":true,"origin":"initial","startMonth":0,"retireMonth":null,"retirementFraction":0,"hectares":614.9,"aptitude2026":"S2 · media","aptitude2035":"S2 · media","confidence":"Media-alta","sourceCover":"Café estimado 2026","nearWater":false,"steepSlope":false,"lowSoc":false,"nearProtected":true,"score":85.1},"geometry":{"type":"Polygon","coordinates":[[[-76.21838,1.99092],[-76.2249,1.99442],[-76.23199,1.99228],[-76.2355,1.98574],[-76.23329,1.97869],[-76.2268,1.97521],[-76.21974,1.97733],[-76.21625,1.98384],[-76.21838,1.99092]]]}},{"type":"Feature","id":"41359-i-1","properties":{"id":"41359-i-1","municipality":"Isnos","municipalCode":"41359","focus":true,"origin":"initial","startMonth":0,"retireMonth":null,"retirementFraction":0,"hectares":614.9,"aptitude2026":"S2 · media","aptitude2035":"S1 · alta","confidence":"Media-alta","sourceCover":"Café estimado 2026","nearWater":false,"steepSlope":false,"lowSoc":false,"nearProtected":true,"score":84.8},"geometry":{"type":"Polygon","coordinates":[[[-76.15805,1.95965],[-76.16125,1.95229],[-76.15834,1.94479],[-76.15096,1.94158],[-76.1435,1.94456],[-76.14031,1.95189],[-76.14321,1.95936],[-76.15057,1.96256],[-76.15805,1.95965]]]}},{"type":"Feature","id":"41359-i-2","properties":{"id":"41359-i-2","municipality":"Isnos","municipalCode":"41359","focus":true,"origin":"initial","startMonth":0,"retireMonth":null,"retirementFraction":0,"hectares":614.9,"aptitude2026":"S2 · media","aptitude2035":"S2 · media","confidence":"Media-alta","sourceCover":"Café estimado 2026","nearWater":false,"steepSlope":true,"lowSoc":false,"nearProtected":true,"score":84.4},"geometry":{"type":"Polygon","coordinates":[[[-76.19777,1.9954],[-76.20616,1.99444],[-76.21145,1.98785],[-76.2105,1.97944],[-76.20389,1.97414],[-76.19547,1.9751],[-76.19015,1.98171],[-76.19111,1.99016],[-76.19777,1.9954]]]}},{"type":"Feature","id":"41359-i-3","properties":{"id":"41359-i-3","municipality":"Isnos","municipalCode":"41359","focus":true,"origin":"initial","startMonth":0,"retireMonth":null,"retirementFraction":0,"hectares":614.9,"aptitude2026":"S2 · media","aptitude2035":"S2 · media","confidence":"Media-alta","sourceCover":"Café estimado 2026","nearWater":true,"steepSlope":false,"lowSoc":true,"nearProtected":true,"score":82},"geometry":{"type":"Polygon","coordinates":[[[-76.24183,1.88806],[-76.24544,1.89407],[-76.25225,1.89572],[-76.25825,1.89212],[-76.2599,1.88533],[-76.2563,1.87934],[-76.24952,1.8777],[-76.24356,1.88129],[-76.24183,1.88806]]]}},{"type":"Feature","id":"41359-i-4","properties":{"id":"41359-i-4","municipality":"Isnos","municipalCode":"41359","focus":true,"origin":"initial","startMonth":0,"retireMonth":null,"retirementFraction":0,"hectares":614.9,"aptitude2026":"S2 · media","aptitude2035":"S2 · media","confidence":"Media-alta","sourceCover":"Café estimado 2026","nearWater":false,"steepSlope":false,"lowSoc":false,"nearProtected":true,"score":81.6},"geometry":{"type":"Polygon","coordinates":[[[-76.2317,1.89427],[-76.23534,1.88792],[-76.23345,1.88083],[-76.22708,1.87718],[-76.21998,1.87907],[-76.21633,1.88546],[-76.21822,1.89258],[-76.22462,1.89624],[-76.2317,1.89427]]]}},{"type":"Feature","id":"41359-i-5","properties":{"id":"41359-i-5","municipality":"Isnos","municipalCode":"41359","focus":true,"origin":"initial","startMonth":0,"retireMonth":null,"retirementFraction":0,"hectares":614.9,"aptitude2026":"S2 · media","aptitude2035":"S2 · media","confidence":"Media-alta","sourceCover":"Café estimado 2026","nearWater":true,"steepSlope":false,"lowSoc":false,"nearProtected":true,"score":81.3},"geometry":{"type":"Polygon","coordinates":[[[-76.19503,1.89392],[-76.20183,1.89591],[-76.20807,1.8925],[-76.21007,1.88568],[-76.20659,1.8795],[-76.19982,1.87751],[-76.19361,1.88091],[-76.19162,1.8877],[-76.19503,1.89392]]]}},{"type":"Feature","id":"41359-i-6","properties":{"id":"41359-i-6","municipality":"Isnos","municipalCode":"41359","focus":true,"origin":"initial","startMonth":0,"retireMonth":null,"retirementFraction":0,"hectares":614.9,"aptitude2026":"S2 · media","aptitude2035":"S2 · media","confidence":"Media-alta","sourceCover":"Café estimado 2026","nearWater":false,"steepSlope":false,"lowSoc":false,"nearProtected":true,"score":79.9},"geometry":{"type":"Polygon","coordinates":[[[-76.16573,1.98843],[-76.17126,1.99447],[-76.17944,1.99487],[-76.18549,1.98933],[-76.18581,1.98116],[-76.18031,1.97515],[-76.17216,1.97475],[-76.16613,1.98026],[-76.16573,1.98843]]]}},{"type":"Feature","id":"41359-i-7","properties":{"id":"41359-i-7","municipality":"Isnos","municipalCode":"41359","focus":true,"origin":"initial","startMonth":0,"retireMonth":null,"retirementFraction":0,"hectares":614.9,"aptitude2026":"S2 · media","aptitude2035":"S2 · media","confidence":"Media-alta","sourceCover":"Café estimado 2026","nearWater":false,"steepSlope":false,"lowSoc":true,"nearProtected":true,"score":79.3},"geometry":{"type":"Polygon","coordinates":[[[-76.18409,1.89215],[-76.18554,1.88468],[-76.18124,1.87841],[-76.17379,1.87697],[-76.16745,1.8812],[-76.16601,1.88871],[-76.17032,1.89501],[-76.17781,1.89645],[-76.18409,1.89215]]]}},{"type":"Feature","id":"41359-i-8","properties":{"id":"41359-i-8","municipality":"Isnos","municipalCode":"41359","focus":true,"origin":"initial","startMonth":0,"retireMonth":119,"retirementStartMonth":17,"retirementFraction":0.225,"hectares":614.9,"aptitude2026":"S2 · media","aptitude2035":"S2 · media","confidence":"Media-alta","sourceCover":"Café estimado 2026","nearWater":false,"steepSlope":false,"lowSoc":false,"nearProtected":true,"score":79.2},"geometry":{"type":"Polygon","coordinates":[[[-76.14469,1.99141],[-76.15115,1.99378],[-76.1574,1.99088],[-76.15977,1.9844],[-76.15686,1.97813],[-76.15037,1.97576],[-76.14409,1.97868],[-76.14171,1.98518],[-76.14469,1.99141]]]}},{"type":"Feature","id":"41378-e-0","properties":{"id":"41378-e-0","municipality":"La Argentina","municipalCode":"41378","focus":false,"origin":"expansion","startMonth":12,"entryEndMonth":119,"retireMonth":null,"hectares":73.1,"aptitude2026":"S3 · marginal","aptitude2035":"S2 · media","confidence":"Media-alta","sourceCover":"Mosaico agropecuario","nearWater":false,"steepSlope":false,"lowSoc":false,"nearProtected":true,"score":78.8},"geometry":{"type":"Polygon","coordinates":[[[-76.10519,2.18424],[-76.10893,2.1811],[-76.10935,2.17622],[-76.1062,2.17247],[-76.10131,2.17205],[-76.09755,2.17521],[-76.09713,2.18011],[-76.1003,2.18388],[-76.10519,2.18424]]]}},{"type":"Feature","id":"41378-i-0","properties":{"id":"41378-i-0","municipality":"La Argentina","municipalCode":"41378","focus":false,"origin":"initial","startMonth":0,"retireMonth":null,"retirementFraction":0,"hectares":645.4,"aptitude2026":"S2 · media","aptitude2035":"S2 · media","confidence":"Media-alta","sourceCover":"Café estimado 2026","nearWater":false,"steepSlope":false,"lowSoc":false,"nearProtected":true,"score":83.3},"geometry":{"type":"Polygon","coordinates":[[[-76.14053,2.14483],[-76.14341,2.14827],[-76.14788,2.14869],[-76.15132,2.1458],[-76.15169,2.14134],[-76.14973,2.13618],[-76.14438,2.1375],[-76.14095,2.14038],[-76.14053,2.14483]]]}},{"type":"Feature","id":"41378-i-1","properties":{"id":"41378-i-1","municipality":"La Argentina","municipalCode":"41378","focus":false,"origin":"initial","startMonth":0,"retireMonth":null,"retirementFraction":0,"hectares":645.4,"aptitude2026":"S2 · media","aptitude2035":"S2 · media","confidence":"Media-alta","sourceCover":"Café estimado 2026","nearWater":false,"steepSlope":true,"lowSoc":true,"nearProtected":true,"score":82.7},"geometry":{"type":"Polygon","coordinates":[[[-76.05469,2.14498],[-76.0577,2.14844],[-76.06228,2.14876],[-76.06573,2.14575],[-76.06611,2.14117],[-76.06308,2.13769],[-76.05848,2.13737],[-76.05501,2.14039],[-76.05469,2.14498]]]}},{"type":"Feature","id":"41378-i-2","properties":{"id":"41378-i-2","municipality":"La Argentina","municipalCode":"41378","focus":false,"origin":"initial","startMonth":0,"retireMonth":null,"retirementFraction":0,"hectares":645.4,"aptitude2026":"S3 · marginal","aptitude2035":"S3 · marginal","confidence":"Media-alta","sourceCover":"Café estimado 2026","nearWater":false,"steepSlope":false,"lowSoc":false,"nearProtected":true,"score":81.2},"geometry":{"type":"Polygon","coordinates":[[[-76.10782,2.16576],[-76.11011,2.16102],[-76.1084,2.15604],[-76.10366,2.15375],[-76.09866,2.15546],[-76.09637,2.16022],[-76.09808,2.16522],[-76.10285,2.16752],[-76.10782,2.16576]]]}},{"type":"Feature","id":"41378-i-3","properties":{"id":"41378-i-3","municipality":"La Argentina","municipalCode":"41378","focus":false,"origin":"initial","startMonth":0,"retireMonth":119,"retirementStartMonth":19,"retirementFraction":0.1,"hectares":645.4,"aptitude2026":"S3 · marginal","aptitude2035":"S3 · marginal","confidence":"Media-alta","sourceCover":"Café estimado 2026","nearWater":false,"steepSlope":true,"lowSoc":false,"nearProtected":true,"score":80.7},"geometry":{"type":"Polygon","coordinates":[[[-76.05586,2.16551],[-76.06065,2.16728],[-76.06529,2.16515],[-76.06706,2.16036],[-76.06488,2.15575],[-76.06012,2.15399],[-76.0555,2.15611],[-76.05374,2.16088],[-76.05586,2.16551]]]}},{"type":"Feature","id":"41396-e-0","properties":{"id":"41396-e-0","municipality":"La Plata","municipalCode":"41396","focus":false,"origin":"expansion","startMonth":11,"entryEndMonth":119,"retireMonth":null,"hectares":611.9,"aptitude2026":"S2 · media","aptitude2035":"S2 · media","confidence":"Media-alta","sourceCover":"Mosaico agropecuario","nearWater":false,"steepSlope":false,"lowSoc":false,"nearProtected":true,"score":88.6},"geometry":{"type":"Polygon","coordinates":[[[-76.03451,2.32012],[-76.0347,2.31243],[-76.02941,2.30687],[-76.02174,2.30668],[-76.01611,2.31193],[-76.01592,2.31964],[-76.02124,2.32523],[-76.02894,2.32542],[-76.03451,2.32012]]]}},{"type":"Feature","id":"41396-i-0","properties":{"id":"41396-i-0","municipality":"La Plata","municipalCode":"41396","focus":false,"origin":"initial","startMonth":0,"retireMonth":null,"retirementFraction":0,"hectares":624.5,"aptitude2026":"S1 · alta","aptitude2035":"S2 · media","confidence":"Media-alta","sourceCover":"Café estimado 2026","nearWater":true,"steepSlope":false,"lowSoc":false,"nearProtected":true,"score":96},"geometry":{"type":"Polygon","coordinates":[[[-75.94669,2.32553],[-75.95348,2.32293],[-75.95648,2.3163],[-75.95387,2.30949],[-75.94722,2.30657],[-75.94046,2.30916],[-75.93748,2.31576],[-75.94007,2.32254],[-75.94669,2.32553]]]}},{"type":"Feature","id":"41396-i-1","properties":{"id":"41396-i-1","municipality":"La Plata","municipalCode":"41396","focus":false,"origin":"initial","startMonth":0,"retireMonth":null,"retirementFraction":0,"hectares":624.5,"aptitude2026":"S1 · alta","aptitude2035":"S2 · media","confidence":"Media-alta","sourceCover":"Café estimado 2026","nearWater":false,"steepSlope":false,"lowSoc":true,"nearProtected":true,"score":95.2},"geometry":{"type":"Polygon","coordinates":[[[-75.92954,2.31902],[-75.92911,2.31198],[-75.92383,2.3073],[-75.91678,2.30773],[-75.91209,2.31303],[-75.91251,2.3201],[-75.91782,2.3248],[-75.92491,2.32437],[-75.92954,2.31902]]]}},{"type":"Feature","id":"41396-i-10","properties":{"id":"41396-i-10","municipality":"La Plata","municipalCode":"41396","focus":false,"origin":"initial","startMonth":0,"retireMonth":null,"retirementFraction":0,"hectares":624.5,"aptitude2026":"S1 · alta","aptitude2035":"S1 · alta","confidence":"Media-alta","sourceCover":"Café estimado 2026","nearWater":false,"steepSlope":false,"lowSoc":false,"nearProtected":false,"score":92},"geometry":{"type":"Polygon","coordinates":[[[-75.90159,2.3671],[-75.90245,2.36104],[-75.89879,2.35613],[-75.89272,2.35527],[-75.88779,2.35893],[-75.88693,2.36502],[-75.8906,2.36997],[-75.89671,2.37083],[-75.90159,2.3671]]]}},{"type":"Feature","id":"41396-i-11","properties":{"id":"41396-i-11","municipality":"La Plata","municipalCode":"41396","focus":false,"origin":"initial","startMonth":0,"retireMonth":null,"retirementFraction":0,"hectares":624.5,"aptitude2026":"S1 · alta","aptitude2035":"S1 · alta","confidence":"Media-alta","sourceCover":"Café estimado 2026","nearWater":false,"steepSlope":false,"lowSoc":false,"nearProtected":false,"score":91.5},"geometry":{"type":"Polygon","coordinates":[[[-76.09568,2.39122],[-76.10134,2.39553],[-76.10839,2.39454],[-76.11269,2.38889],[-76.11178,2.38182],[-76.10608,2.37748],[-76.09901,2.37848],[-76.09468,2.38416],[-76.09568,2.39122]]]}},{"type":"Feature","id":"41396-i-12","properties":{"id":"41396-i-12","municipality":"La Plata","municipalCode":"41396","focus":false,"origin":"initial","startMonth":0,"retireMonth":null,"retirementFraction":0,"hectares":624.5,"aptitude2026":"S1 · alta","aptitude2035":"S1 · alta","confidence":"Media-alta","sourceCover":"Café estimado 2026","nearWater":false,"steepSlope":false,"lowSoc":false,"nearProtected":true,"score":91.2},"geometry":{"type":"Polygon","coordinates":[[[-75.99998,2.34833],[-76.00597,2.3452],[-76.00799,2.33876],[-76.00487,2.33278],[-75.99843,2.33068],[-75.99241,2.33383],[-75.99038,2.34031],[-75.99352,2.34631],[-75.99998,2.34833]]]}},{"type":"Feature","id":"41396-i-13","properties":{"id":"41396-i-13","municipality":"La Plata","municipalCode":"41396","focus":false,"origin":"initial","startMonth":0,"retireMonth":119,"retirementStartMonth":23,"retirementFraction":0.912,"hectares":624.5,"aptitude2026":"S1 · alta","aptitude2035":"S2 · media","confidence":"Media-alta","sourceCover":"Café estimado 2026","nearWater":false,"steepSlope":false,"lowSoc":false,"nearProtected":true,"score":90.9},"geometry":{"type":"Polygon","coordinates":[[[-76.12028,2.31697],[-76.12375,2.32345],[-76.13078,2.32557],[-76.13723,2.3221],[-76.13935,2.31509],[-76.13589,2.30865],[-76.1289,2.30654],[-76.12247,2.30999],[-76.12028,2.31697]]]}},{"type":"Feature","id":"41396-i-14","properties":{"id":"41396-i-14","municipality":"La Plata","municipalCode":"41396","focus":false,"origin":"initial","startMonth":0,"retireMonth":null,"retirementFraction":0,"hectares":624.5,"aptitude2026":"S1 · alta","aptitude2035":"S1 · alta","confidence":"Media-alta","sourceCover":"Café estimado 2026","nearWater":false,"steepSlope":false,"lowSoc":false,"nearProtected":false,"score":90.8},"geometry":{"type":"Polygon","coordinates":[[[-75.9726,2.37097],[-75.97835,2.36898],[-75.981,2.36351],[-75.97901,2.35778],[-75.97356,2.35513],[-75.96784,2.35711],[-75.9652,2.36255],[-75.96718,2.36825],[-75.9726,2.37097]]]}},{"type":"Feature","id":"41396-i-15","properties":{"id":"41396-i-15","municipality":"La Plata","municipalCode":"41396","focus":false,"origin":"initial","startMonth":0,"retireMonth":null,"retirementFraction":0,"hectares":624.5,"aptitude2026":"S1 · alta","aptitude2035":"S1 · alta","confidence":"Media-alta","sourceCover":"Café estimado 2026","nearWater":false,"steepSlope":false,"lowSoc":false,"nearProtected":false,"score":90.5},"geometry":{"type":"Polygon","coordinates":[[[-75.83497,2.36796],[-75.84065,2.37179],[-75.84737,2.37049],[-75.8512,2.36483],[-75.84997,2.35808],[-75.84427,2.35422],[-75.83752,2.35553],[-75.83367,2.36122],[-75.83497,2.36796]]]}},{"type":"Feature","id":"41396-i-16","properties":{"id":"41396-i-16","municipality":"La Plata","municipalCode":"41396","focus":false,"origin":"initial","startMonth":0,"retireMonth":null,"retirementFraction":0,"hectares":624.5,"aptitude2026":"S1 · alta","aptitude2035":"S1 · alta","confidence":"Media-alta","sourceCover":"Café estimado 2026","nearWater":false,"steepSlope":false,"lowSoc":true,"nearProtected":true,"score":90.5},"geometry":{"type":"Polygon","coordinates":[[[-75.96664,2.34538],[-75.97267,2.34823],[-75.97892,2.34595],[-75.98176,2.33994],[-75.97949,2.3337],[-75.9735,2.33087],[-75.96727,2.33313],[-75.96444,2.33912],[-75.96664,2.34538]]]}},{"type":"Feature","id":"41396-i-17","properties":{"id":"41396-i-17","municipality":"La Plata","municipalCode":"41396","focus":false,"origin":"initial","startMonth":0,"retireMonth":null,"retirementFraction":0,"hectares":624.5,"aptitude2026":"S1 · alta","aptitude2035":"S1 · alta","confidence":"Media-alta","sourceCover":"Café estimado 2026","nearWater":false,"steepSlope":false,"lowSoc":false,"nearProtected":false,"score":90.5},"geometry":{"type":"Polygon","coordinates":[[[-76.08588,2.36355],[-76.08381,2.35753],[-76.0781,2.35475],[-76.0721,2.35681],[-76.06924,2.36251],[-76.07132,2.36855],[-76.07706,2.37135],[-76.08309,2.36927],[-76.08588,2.36355]]]}},{"type":"Feature","id":"41396-i-18","properties":{"id":"41396-i-18","municipality":"La Plata","municipalCode":"41396","focus":false,"origin":"initial","startMonth":0,"retireMonth":null,"retirementFraction":0,"hectares":624.5,"aptitude2026":"S1 · alta","aptitude2035":"S1 · alta","confidence":"Media-alta","sourceCover":"Café estimado 2026","nearWater":false,"steepSlope":false,"lowSoc":false,"nearProtected":true,"score":90.2},"geometry":{"type":"Polygon","coordinates":[[[-76.05815,2.34385],[-76.05923,2.33785],[-76.05579,2.33282],[-76.04978,2.33173],[-76.04473,2.33519],[-76.04364,2.34122],[-76.04711,2.34627],[-76.05315,2.34736],[-76.05815,2.34385]]]}},{"type":"Feature","id":"41396-i-2","properties":{"id":"41396-i-2","municipality":"La Plata","municipalCode":"41396","focus":false,"origin":"initial","startMonth":0,"retireMonth":null,"retirementFraction":0,"hectares":624.5,"aptitude2026":"S1 · alta","aptitude2035":"S2 · media","confidence":"Media-alta","sourceCover":"Café estimado 2026","nearWater":false,"steepSlope":false,"lowSoc":false,"nearProtected":true,"score":94.5},"geometry":{"type":"Polygon","coordinates":[[[-75.98929,2.31744],[-75.99319,2.32404],[-76.00062,2.32596],[-76.00724,2.32206],[-76.00908,2.31463],[-76.0052,2.30805],[-75.9978,2.30614],[-75.99121,2.31002],[-75.98929,2.31744]]]}},{"type":"Feature","id":"41396-i-3","properties":{"id":"41396-i-3","municipality":"La Plata","municipalCode":"41396","focus":false,"origin":"initial","startMonth":0,"retireMonth":null,"retirementFraction":0,"hectares":624.5,"aptitude2026":"S1 · alta","aptitude2035":"S2 · media","confidence":"Media-alta","sourceCover":"Café estimado 2026","nearWater":false,"steepSlope":false,"lowSoc":false,"nearProtected":true,"score":93.9},"geometry":{"type":"Polygon","coordinates":[[[-76.05765,2.32377],[-76.06132,2.31712],[-76.05918,2.30985],[-76.05255,2.30619],[-76.04529,2.30832],[-76.04164,2.31494],[-76.04377,2.32219],[-76.05037,2.32583],[-76.05765,2.32377]]]}},{"type":"Feature","id":"41396-i-4","properties":{"id":"41396-i-4","municipality":"La Plata","municipalCode":"41396","focus":false,"origin":"initial","startMonth":0,"retireMonth":null,"retirementFraction":0,"hectares":624.5,"aptitude2026":"S1 · alta","aptitude2035":"S2 · media","confidence":"Media-alta","sourceCover":"Café estimado 2026","nearWater":false,"steepSlope":false,"lowSoc":false,"nearProtected":true,"score":93.7},"geometry":{"type":"Polygon","coordinates":[[[-75.97352,2.32632],[-75.98067,2.32299],[-75.9834,2.31559],[-75.98005,2.30843],[-75.97264,2.3057],[-75.96547,2.30904],[-75.96273,2.31648],[-75.96608,2.32366],[-75.97352,2.32632]]]}},{"type":"Feature","id":"41396-i-5","properties":{"id":"41396-i-5","municipality":"La Plata","municipalCode":"41396","focus":false,"origin":"initial","startMonth":0,"retireMonth":null,"retirementFraction":0,"hectares":624.5,"aptitude2026":"S1 · alta","aptitude2035":"S1 · alta","confidence":"Media-alta","sourceCover":"Café estimado 2026","nearWater":false,"steepSlope":false,"lowSoc":false,"nearProtected":false,"score":93.4},"geometry":{"type":"Polygon","coordinates":[[[-75.95481,2.3663],[-75.95482,2.35979],[-75.95022,2.35519],[-75.94373,2.35519],[-75.93914,2.35977],[-75.93914,2.36625],[-75.94371,2.37083],[-75.95017,2.37083],[-75.95481,2.3663]]]}},{"type":"Feature","id":"41396-i-6","properties":{"id":"41396-i-6","municipality":"La Plata","municipalCode":"41396","focus":false,"origin":"initial","startMonth":0,"retireMonth":null,"retirementFraction":0,"hectares":624.5,"aptitude2026":"S1 · alta","aptitude2035":"S1 · alta","confidence":"Media-alta","sourceCover":"Café estimado 2026","nearWater":false,"steepSlope":false,"lowSoc":true,"nearProtected":false,"score":93.1},"geometry":{"type":"Polygon","coordinates":[[[-76.02577,2.39445],[-76.03124,2.39181],[-76.03327,2.38608],[-76.03063,2.38061],[-76.02489,2.37857],[-76.0194,2.38122],[-76.01735,2.38697],[-76.02001,2.39248],[-76.02577,2.39445]]]}},{"type":"Feature","id":"41396-i-7","properties":{"id":"41396-i-7","municipality":"La Plata","municipalCode":"41396","focus":false,"origin":"initial","startMonth":0,"retireMonth":null,"retirementFraction":0,"hectares":624.5,"aptitude2026":"S1 · alta","aptitude2035":"S1 · alta","confidence":"Media-alta","sourceCover":"Café estimado 2026","nearWater":false,"steepSlope":false,"lowSoc":false,"nearProtected":true,"score":93},"geometry":{"type":"Polygon","coordinates":[[[-75.90406,2.34246],[-75.9034,2.33499],[-75.89763,2.3302],[-75.89017,2.33085],[-75.88539,2.33661],[-75.88605,2.34405],[-75.89179,2.34882],[-75.89922,2.34817],[-75.90406,2.34246]]]}},{"type":"Feature","id":"41396-i-8","properties":{"id":"41396-i-8","municipality":"La Plata","municipalCode":"41396","focus":false,"origin":"initial","startMonth":0,"retireMonth":null,"retirementFraction":0,"hectares":624.5,"aptitude2026":"S1 · alta","aptitude2035":"S2 · media","confidence":"Media-alta","sourceCover":"Café estimado 2026","nearWater":false,"steepSlope":false,"lowSoc":false,"nearProtected":true,"score":92.3},"geometry":{"type":"Polygon","coordinates":[[[-76.10979,2.32342],[-76.11324,2.31696],[-76.11111,2.30994],[-76.10464,2.30648],[-76.09761,2.30861],[-76.09414,2.3151],[-76.09628,2.32215],[-76.10278,2.32562],[-76.10979,2.32342]]]}},{"type":"Feature","id":"41396-i-9","properties":{"id":"41396-i-9","municipality":"La Plata","municipalCode":"41396","focus":false,"origin":"initial","startMonth":0,"retireMonth":null,"retirementFraction":0,"hectares":624.5,"aptitude2026":"S1 · alta","aptitude2035":"S1 · alta","confidence":"Media-alta","sourceCover":"Café estimado 2026","nearWater":false,"steepSlope":false,"lowSoc":false,"nearProtected":false,"score":92.1},"geometry":{"type":"Polygon","coordinates":[[[-76.06914,2.38676],[-76.07179,2.39265],[-76.07782,2.39494],[-76.08369,2.39231],[-76.08598,2.38629],[-76.08335,2.38043],[-76.07735,2.37815],[-76.0715,2.38077],[-76.06914,2.38676]]]}},{"type":"Feature","id":"41483-e-0","properties":{"id":"41483-e-0","municipality":"Nátaga","municipalCode":"41483","focus":false,"origin":"expansion","startMonth":12,"entryEndMonth":119,"retireMonth":null,"hectares":188.3,"aptitude2026":"S1 · alta","aptitude2035":"S1 · alta","confidence":"Media-alta","sourceCover":"Mosaico agropecuario","nearWater":false,"steepSlope":false,"lowSoc":true,"nearProtected":false,"score":91.7},"geometry":{"type":"Polygon","coordinates":[[[-75.80444,2.58071],[-75.80741,2.58178],[-75.81027,2.58043],[-75.81134,2.57745],[-75.80996,2.57462],[-75.80701,2.57355],[-75.80416,2.57489],[-75.80309,2.57786],[-75.80444,2.58071]]]}},{"type":"Feature","id":"41483-i-0","properties":{"id":"41483-i-0","municipality":"Nátaga","municipalCode":"41483","focus":false,"origin":"initial","startMonth":0,"retireMonth":null,"retirementFraction":0,"hectares":681.4,"aptitude2026":"S1 · alta","aptitude2035":"S1 · alta","confidence":"Media-alta","sourceCover":"Café estimado 2026","nearWater":false,"steepSlope":false,"lowSoc":true,"nearProtected":false,"score":94.4},"geometry":{"type":"Polygon","coordinates":[[[-75.78746,2.58111],[-75.78929,2.57862],[-75.78881,2.57557],[-75.78633,2.57374],[-75.78328,2.57422],[-75.78146,2.57669],[-75.78193,2.57973],[-75.78441,2.58155],[-75.78746,2.58111]]]}},{"type":"Feature","id":"41483-i-1","properties":{"id":"41483-i-1","municipality":"Nátaga","municipalCode":"41483","focus":false,"origin":"initial","startMonth":0,"retireMonth":null,"retirementFraction":0,"hectares":681.4,"aptitude2026":"S1 · alta","aptitude2035":"S1 · alta","confidence":"Media-alta","sourceCover":"Café estimado 2026","nearWater":false,"steepSlope":false,"lowSoc":false,"nearProtected":false,"score":93.1},"geometry":{"type":"Polygon","coordinates":[[[-75.79518,2.5816],[-75.79829,2.58122],[-75.80023,2.57876],[-75.79985,2.57565],[-75.7974,2.57369],[-75.79427,2.57407],[-75.79233,2.57655],[-75.79271,2.57967],[-75.79518,2.5816]]]}},{"type":"Feature","id":"41483-i-2","properties":{"id":"41483-i-2","municipality":"Nátaga","municipalCode":"41483","focus":false,"origin":"initial","startMonth":0,"retireMonth":119,"retirementStartMonth":15,"retirementFraction":0.075,"hectares":681.4,"aptitude2026":"S1 · alta","aptitude2035":"S1 · alta","confidence":"Media-alta","sourceCover":"Café estimado 2026","nearWater":false,"steepSlope":false,"lowSoc":true,"nearProtected":false,"score":92.5},"geometry":{"type":"Polygon","coordinates":[[[-75.79528,2.602],[-75.79826,2.60161],[-75.8001,2.59921],[-75.7997,2.59622],[-75.7973,2.59438],[-75.7943,2.59478],[-75.79246,2.59718],[-75.79286,2.60019],[-75.79528,2.602]]]}},{"type":"Feature","id":"41503-e-0","properties":{"id":"41503-e-0","municipality":"Oporapa","municipalCode":"41503","focus":true,"origin":"expansion","startMonth":6,"entryEndMonth":119,"retireMonth":null,"hectares":182.8,"aptitude2026":"S1 · alta","aptitude2035":"S1 · alta","confidence":"Media-alta","sourceCover":"Cobertura natural","nearWater":false,"steepSlope":false,"lowSoc":false,"nearProtected":true,"score":84.3},"geometry":{"type":"Polygon","coordinates":[[[-76.04395,2.05992],[-76.04561,2.06244],[-76.04857,2.06304],[-76.05109,2.06137],[-76.05169,2.0584],[-76.05002,2.05588],[-76.04705,2.05527],[-76.04451,2.05695],[-76.04395,2.05992]]]}},{"type":"Feature","id":"41503-i-0","properties":{"id":"41503-i-0","municipality":"Oporapa","municipalCode":"41503","focus":true,"origin":"initial","startMonth":0,"retireMonth":null,"retirementFraction":0,"hectares":580.4,"aptitude2026":"S1 · alta","aptitude2035":"S1 · alta","confidence":"Media-alta","sourceCover":"Café estimado 2026","nearWater":false,"steepSlope":false,"lowSoc":false,"nearProtected":true,"score":94.8},"geometry":{"type":"Polygon","coordinates":[[[-76.02867,2.07558],[-76.03257,2.07568],[-76.03539,2.07299],[-76.03549,2.06909],[-76.0328,2.06629],[-76.02891,2.06618],[-76.02611,2.06887],[-76.02601,2.07274],[-76.02867,2.07558]]]}},{"type":"Feature","id":"41503-i-1","properties":{"id":"41503-i-1","municipality":"Oporapa","municipalCode":"41503","focus":true,"origin":"initial","startMonth":0,"retireMonth":null,"retirementFraction":0,"hectares":580.4,"aptitude2026":"S2 · media","aptitude2035":"S2 · media","confidence":"Media-alta","sourceCover":"Café estimado 2026","nearWater":false,"steepSlope":false,"lowSoc":false,"nearProtected":true,"score":90.5},"geometry":{"type":"Polygon","coordinates":[[[-76.05256,2.02417],[-76.05136,2.02073],[-76.04808,2.01915],[-76.04465,2.02035],[-76.04308,2.02362],[-76.04428,2.02704],[-76.04754,2.02861],[-76.05095,2.02742],[-76.05256,2.02417]]]}},{"type":"Feature","id":"41503-i-2","properties":{"id":"41503-i-2","municipality":"Oporapa","municipalCode":"41503","focus":true,"origin":"initial","startMonth":0,"retireMonth":null,"retirementFraction":0,"hectares":580.4,"aptitude2026":"S2 · media","aptitude2035":"S2 · media","confidence":"Media-alta","sourceCover":"Café estimado 2026","nearWater":true,"steepSlope":false,"lowSoc":true,"nearProtected":true,"score":90.4},"geometry":{"type":"Polygon","coordinates":[[[-76.08637,2.02478],[-76.08569,2.0214],[-76.08284,2.01947],[-76.07945,2.02014],[-76.07751,2.02301],[-76.07819,2.0264],[-76.08106,2.02834],[-76.08446,2.02766],[-76.08637,2.02478]]]}},{"type":"Feature","id":"41503-i-3","properties":{"id":"41503-i-3","municipality":"Oporapa","municipalCode":"41503","focus":true,"origin":"initial","startMonth":0,"retireMonth":119,"retirementStartMonth":13,"retirementFraction":0.28168147,"hectares":580.4,"aptitude2026":"S2 · media","aptitude2035":"S3 · marginal","confidence":"Media-alta","sourceCover":"Café estimado 2026","nearWater":false,"steepSlope":false,"lowSoc":false,"nearProtected":true,"score":90.1},"geometry":{"type":"Polygon","coordinates":[[[-76.01708,2.02747],[-76.0186,2.02401],[-76.01725,2.02048],[-76.01379,2.01895],[-76.01027,2.02034],[-76.00876,2.02378],[-76.01011,2.0273],[-76.01356,2.02882],[-76.01708,2.02747]]]}},{"type":"Feature","id":"41503-i-4","properties":{"id":"41503-i-4","municipality":"Oporapa","municipalCode":"41503","focus":true,"origin":"initial","startMonth":0,"retireMonth":null,"retirementFraction":0,"hectares":580.4,"aptitude2026":"S2 · media","aptitude2035":"S2 · media","confidence":"Media-alta","sourceCover":"Café estimado 2026","nearWater":false,"steepSlope":false,"lowSoc":false,"nearProtected":false,"score":89.4},"geometry":{"type":"Polygon","coordinates":[[[-75.99199,2.02517],[-75.99424,2.02806],[-75.99788,2.02852],[-76.00078,2.02626],[-76.00123,2.02261],[-75.99897,2.01971],[-75.99532,2.01925],[-75.9924,2.02152],[-75.99199,2.02517]]]}},{"type":"Feature","id":"41518-e-0","properties":{"id":"41518-e-0","municipality":"Paicol","municipalCode":"41518","focus":false,"origin":"expansion","startMonth":14,"entryEndMonth":119,"retireMonth":null,"hectares":59.7,"aptitude2026":"S1 · alta","aptitude2035":"S2 · media","confidence":"Media-alta","sourceCover":"Mosaico agropecuario","nearWater":false,"steepSlope":false,"lowSoc":true,"nearProtected":false,"score":91.4},"geometry":{"type":"Polygon","coordinates":[[[-75.64697,2.4266],[-75.65117,2.42539],[-75.65326,2.42155],[-75.65205,2.41736],[-75.64822,2.41527],[-75.64404,2.41648],[-75.64196,2.4203],[-75.64316,2.42448],[-75.64697,2.4266]]]}},{"type":"Feature","id":"41518-i-0","properties":{"id":"41518-i-0","municipality":"Paicol","municipalCode":"41518","focus":false,"origin":"initial","startMonth":0,"retireMonth":null,"retirementFraction":0,"hectares":584.1,"aptitude2026":"S1 · alta","aptitude2035":"S2 · media","confidence":"Media-alta","sourceCover":"Café estimado 2026","nearWater":false,"steepSlope":false,"lowSoc":false,"nearProtected":false,"score":93.1},"geometry":{"type":"Polygon","coordinates":[[[-75.71041,2.4225],[-75.70952,2.41719],[-75.70513,2.41405],[-75.6998,2.41494],[-75.69666,2.41934],[-75.69907,2.42373],[-75.70236,2.42609],[-75.70636,2.42542],[-75.71041,2.4225]]]}},{"type":"Feature","id":"41518-i-1","properties":{"id":"41518-i-1","municipality":"Paicol","municipalCode":"41518","focus":false,"origin":"initial","startMonth":0,"retireMonth":null,"retirementFraction":0,"hectares":584.1,"aptitude2026":"S1 · alta","aptitude2035":"S2 · media","confidence":"Media-alta","sourceCover":"Café estimado 2026","nearWater":false,"steepSlope":false,"lowSoc":false,"nearProtected":false,"score":92.5},"geometry":{"type":"Polygon","coordinates":[[[-75.72662,2.42331],[-75.72974,2.42608],[-75.73392,2.42585],[-75.73669,2.42271],[-75.73641,2.41855],[-75.7333,2.4158],[-75.72915,2.41603],[-75.72639,2.41915],[-75.72662,2.42331]]]}},{"type":"Feature","id":"41518-i-2","properties":{"id":"41518-i-2","municipality":"Paicol","municipalCode":"41518","focus":false,"origin":"initial","startMonth":0,"retireMonth":119,"retirementStartMonth":19,"retirementFraction":0.24,"hectares":584.1,"aptitude2026":"S1 · alta","aptitude2035":"S2 · media","confidence":"Media-alta","sourceCover":"Café estimado 2026","nearWater":false,"steepSlope":false,"lowSoc":false,"nearProtected":false,"score":92.4},"geometry":{"type":"Polygon","coordinates":[[[-75.67978,2.42493],[-75.68137,2.42078],[-75.67956,2.41673],[-75.67543,2.41514],[-75.67134,2.41691],[-75.66975,2.42107],[-75.67156,2.42514],[-75.67572,2.42674],[-75.67978,2.42493]]]}},{"type":"Feature","id":"41524-e-0","properties":{"id":"41524-e-0","municipality":"Palermo","municipalCode":"41524","focus":false,"origin":"expansion","startMonth":23,"entryEndMonth":119,"retireMonth":null,"hectares":29.3,"aptitude2026":"S2 · media","aptitude2035":"S2 · media","confidence":"Media-alta","sourceCover":"Mosaico agropecuario","nearWater":true,"steepSlope":false,"lowSoc":false,"nearProtected":false,"score":90.9},"geometry":{"type":"Polygon","coordinates":[[[-75.48128,2.97319],[-75.48393,2.96446],[-75.47962,2.95641],[-75.47087,2.95376],[-75.46281,2.95808],[-75.46015,2.96684],[-75.46447,2.97493],[-75.47326,2.97759],[-75.48128,2.97319]]]}},{"type":"Feature","id":"41524-i-0","properties":{"id":"41524-i-0","municipality":"Palermo","municipalCode":"41524","focus":false,"origin":"initial","startMonth":0,"retireMonth":null,"retirementFraction":0,"hectares":558,"aptitude2026":"S1 · alta","aptitude2035":"S2 · media","confidence":"Media-alta","sourceCover":"Café estimado 2026","nearWater":false,"steepSlope":false,"lowSoc":true,"nearProtected":false,"score":94.5},"geometry":{"type":"Polygon","coordinates":[[[-75.40686,3.08108],[-75.41611,3.08088],[-75.42247,3.07417],[-75.42227,3.06493],[-75.41561,3.05849],[-75.40631,3.05869],[-75.39993,3.06543],[-75.40013,3.07471],[-75.40686,3.08108]]]}},{"type":"Feature","id":"41524-i-1","properties":{"id":"41524-i-1","municipality":"Palermo","municipalCode":"41524","focus":false,"origin":"initial","startMonth":0,"retireMonth":null,"retirementFraction":0,"hectares":558,"aptitude2026":"S1 · alta","aptitude2035":"S2 · media","confidence":"Media-alta","sourceCover":"Café estimado 2026","nearWater":false,"steepSlope":false,"lowSoc":false,"nearProtected":false,"score":93.6},"geometry":{"type":"Polygon","coordinates":[[[-75.55262,3.07688],[-75.56075,3.08237],[-75.57038,3.0805],[-75.57586,3.07238],[-75.57408,3.06271],[-75.56591,3.0572],[-75.55625,3.05908],[-75.55074,3.06723],[-75.55262,3.07688]]]}},{"type":"Feature","id":"41524-i-2","properties":{"id":"41524-i-2","municipality":"Palermo","municipalCode":"41524","focus":false,"origin":"initial","startMonth":0,"retireMonth":null,"retirementFraction":0,"hectares":558,"aptitude2026":"S2 · media","aptitude2035":"S2 · media","confidence":"Media-alta","sourceCover":"Café estimado 2026","nearWater":false,"steepSlope":false,"lowSoc":false,"nearProtected":false,"score":92},"geometry":{"type":"Polygon","coordinates":[[[-75.4653,3.00962],[-75.47382,3.01169],[-75.4813,3.00712],[-75.48335,2.99862],[-75.4788,2.99116],[-75.47032,2.98911],[-75.46288,2.99365],[-75.46083,3.00211],[-75.4653,3.00962]]]}},{"type":"Feature","id":"41524-i-3","properties":{"id":"41524-i-3","municipality":"Palermo","municipalCode":"41524","focus":false,"origin":"initial","startMonth":0,"retireMonth":119,"retirementStartMonth":16,"retirementFraction":0.32617792,"hectares":558,"aptitude2026":"S2 · media","aptitude2035":"S2 · media","confidence":"Media-alta","sourceCover":"Café estimado 2026","nearWater":false,"steepSlope":false,"lowSoc":false,"nearProtected":false,"score":91.2},"geometry":{"type":"Polygon","coordinates":[[[-75.37958,3.01377],[-75.38942,3.01072],[-75.39418,3.00159],[-75.39113,2.99177],[-75.38202,2.98702],[-75.37222,2.99006],[-75.36748,2.99915],[-75.37051,3.00894],[-75.37958,3.01377]]]}},{"type":"Feature","id":"41530-e-0","properties":{"id":"41530-e-0","municipality":"Palestina","municipalCode":"41530","focus":true,"origin":"expansion","startMonth":5,"entryEndMonth":119,"retireMonth":null,"hectares":382.2,"aptitude2026":"N · no apta","aptitude2035":"S3 · marginal","confidence":"Media","sourceCover":"Cobertura natural","nearWater":false,"steepSlope":true,"lowSoc":false,"nearProtected":true,"score":60.5},"geometry":{"type":"Polygon","coordinates":[[[-76.13686,1.70947],[-76.13975,1.71324],[-76.14444,1.71386],[-76.1482,1.71098],[-76.14882,1.70629],[-76.14595,1.70254],[-76.14127,1.70193],[-76.13753,1.70479],[-76.13686,1.70947]]]}},{"type":"Feature","id":"41530-i-0","properties":{"id":"41530-i-0","municipality":"Palestina","municipalCode":"41530","focus":true,"origin":"initial","startMonth":0,"retireMonth":null,"retirementFraction":0,"hectares":635.7,"aptitude2026":"S3 · marginal","aptitude2035":"S3 · marginal","confidence":"Media","sourceCover":"Café estimado 2026","nearWater":false,"steepSlope":false,"lowSoc":false,"nearProtected":true,"score":71.2},"geometry":{"type":"Polygon","coordinates":[[[-76.19576,1.67764],[-76.19953,1.67923],[-76.20333,1.67771],[-76.20492,1.67393],[-76.20335,1.67016],[-76.1996,1.66858],[-76.19582,1.67009],[-76.19424,1.67385],[-76.19576,1.67764]]]}},{"type":"Feature","id":"41530-i-1","properties":{"id":"41530-i-1","municipality":"Palestina","municipalCode":"41530","focus":true,"origin":"initial","startMonth":0,"retireMonth":null,"retirementFraction":0,"hectares":635.7,"aptitude2026":"N · no apta","aptitude2035":"N · no apta","confidence":"Media","sourceCover":"Café estimado 2026","nearWater":false,"steepSlope":false,"lowSoc":true,"nearProtected":true,"score":71.1},"geometry":{"type":"Polygon","coordinates":[[[-76.13727,1.72587],[-76.13961,1.72953],[-76.14385,1.73044],[-76.1475,1.72811],[-76.14841,1.72388],[-76.14609,1.72024],[-76.14187,1.71933],[-76.13823,1.72165],[-76.13727,1.72587]]]}},{"type":"Feature","id":"41530-i-2","properties":{"id":"41530-i-2","municipality":"Palestina","municipalCode":"41530","focus":true,"origin":"initial","startMonth":0,"retireMonth":null,"retirementFraction":0,"hectares":635.7,"aptitude2026":"N · no apta","aptitude2035":"N · no apta","confidence":"Media","sourceCover":"Café estimado 2026","nearWater":false,"steepSlope":true,"lowSoc":false,"nearProtected":true,"score":71},"geometry":{"type":"Polygon","coordinates":[[[-76.15312,1.72864],[-76.15693,1.7303],[-76.16081,1.7288],[-76.16247,1.72498],[-76.16093,1.72112],[-76.15713,1.71947],[-76.15327,1.72097],[-76.15162,1.72477],[-76.15312,1.72864]]]}},{"type":"Feature","id":"41530-i-3","properties":{"id":"41530-i-3","municipality":"Palestina","municipalCode":"41530","focus":true,"origin":"initial","startMonth":0,"retireMonth":null,"retirementFraction":0,"hectares":635.7,"aptitude2026":"N · no apta","aptitude2035":"N · no apta","confidence":"Media","sourceCover":"Café estimado 2026","nearWater":false,"steepSlope":false,"lowSoc":false,"nearProtected":true,"score":70.9},"geometry":{"type":"Polygon","coordinates":[[[-76.13372,1.72763],[-76.13419,1.72326],[-76.13143,1.71984],[-76.12707,1.71937],[-76.12361,1.7221],[-76.12314,1.7265],[-76.12591,1.72993],[-76.13029,1.7304],[-76.13372,1.72763]]]}},{"type":"Feature","id":"41530-i-4","properties":{"id":"41530-i-4","municipality":"Palestina","municipalCode":"41530","focus":true,"origin":"initial","startMonth":0,"retireMonth":null,"retirementFraction":0,"hectares":635.7,"aptitude2026":"S3 · marginal","aptitude2035":"S3 · marginal","confidence":"Media","sourceCover":"Café estimado 2026","nearWater":false,"steepSlope":true,"lowSoc":false,"nearProtected":true,"score":69.2},"geometry":{"type":"Polygon","coordinates":[[[-76.17443,1.69447],[-76.17603,1.69114],[-76.17478,1.68767],[-76.17146,1.68608],[-76.168,1.68732],[-76.16641,1.69063],[-76.16765,1.69408],[-76.17096,1.69567],[-76.17443,1.69447]]]}},{"type":"Feature","id":"41530-i-5","properties":{"id":"41530-i-5","municipality":"Palestina","municipalCode":"41530","focus":true,"origin":"initial","startMonth":0,"retireMonth":null,"retirementFraction":0,"hectares":635.7,"aptitude2026":"N · no apta","aptitude2035":"N · no apta","confidence":"Media","sourceCover":"Café estimado 2026","nearWater":false,"steepSlope":false,"lowSoc":false,"nearProtected":true,"score":66.7},"geometry":{"type":"Polygon","coordinates":[[[-76.14089,1.74647],[-76.14472,1.74652],[-76.14744,1.74383],[-76.14749,1.74001],[-76.14481,1.73729],[-76.141,1.73724],[-76.13829,1.73991],[-76.13824,1.74372],[-76.14089,1.74647]]]}},{"type":"Feature","id":"41530-i-6","properties":{"id":"41530-i-6","municipality":"Palestina","municipalCode":"41530","focus":true,"origin":"initial","startMonth":0,"retireMonth":119,"retirementStartMonth":17,"retirementFraction":0.175,"hectares":635.7,"aptitude2026":"N · no apta","aptitude2035":"N · no apta","confidence":"Media","sourceCover":"Café estimado 2026","nearWater":false,"steepSlope":true,"lowSoc":false,"nearProtected":true,"score":66.7},"geometry":{"type":"Polygon","coordinates":[[[-76.15509,1.74709],[-76.15934,1.74693],[-76.16226,1.74382],[-76.1621,1.73956],[-76.15897,1.73668],[-76.15473,1.73683],[-76.15183,1.73993],[-76.15199,1.74417],[-76.15509,1.74709]]]}},{"type":"Feature","id":"41548-e-0","properties":{"id":"41548-e-0","municipality":"Pital","municipalCode":"41548","focus":false,"origin":"expansion","startMonth":7,"entryEndMonth":119,"retireMonth":null,"hectares":68.5,"aptitude2026":"S2 · media","aptitude2035":"S2 · media","confidence":"Media-alta","sourceCover":"Cobertura natural","nearWater":false,"steepSlope":false,"lowSoc":true,"nearProtected":false,"score":87.5},"geometry":{"type":"Polygon","coordinates":[[[-75.83086,2.25914],[-75.83031,2.25441],[-75.82657,2.25146],[-75.82184,2.25201],[-75.81893,2.25577],[-75.81948,2.26048],[-75.8232,2.26342],[-75.82792,2.26286],[-75.83086,2.25914]]]}},{"type":"Feature","id":"41548-i-0","properties":{"id":"41548-i-0","municipality":"Pital","municipalCode":"41548","focus":false,"origin":"initial","startMonth":0,"retireMonth":null,"retirementFraction":0,"hectares":659.3,"aptitude2026":"S1 · alta","aptitude2035":"S1 · alta","confidence":"Media-alta","sourceCover":"Café estimado 2026","nearWater":false,"steepSlope":false,"lowSoc":false,"nearProtected":false,"score":95.4},"geometry":{"type":"Polygon","coordinates":[[[-75.83022,2.29343],[-75.83149,2.28849],[-75.82887,2.28412],[-75.82394,2.28286],[-75.81953,2.28544],[-75.81826,2.2904],[-75.82089,2.29479],[-75.82584,2.29606],[-75.83022,2.29343]]]}},{"type":"Feature","id":"41548-i-1","properties":{"id":"41548-i-1","municipality":"Pital","municipalCode":"41548","focus":false,"origin":"initial","startMonth":0,"retireMonth":null,"retirementFraction":0,"hectares":659.3,"aptitude2026":"S1 · alta","aptitude2035":"S1 · alta","confidence":"Media-alta","sourceCover":"Café estimado 2026","nearWater":false,"steepSlope":false,"lowSoc":false,"nearProtected":false,"score":92.8},"geometry":{"type":"Polygon","coordinates":[[[-75.82801,2.31018],[-75.83043,2.30658],[-75.82961,2.30233],[-75.82602,2.2999],[-75.82175,2.30068],[-75.81931,2.30429],[-75.82014,2.30857],[-75.82374,2.311],[-75.82801,2.31018]]]}},{"type":"Feature","id":"41548-i-2","properties":{"id":"41548-i-2","municipality":"Pital","municipalCode":"41548","focus":false,"origin":"initial","startMonth":0,"retireMonth":null,"retirementFraction":0,"hectares":659.3,"aptitude2026":"S1 · alta","aptitude2035":"S2 · media","confidence":"Media-alta","sourceCover":"Café estimado 2026","nearWater":false,"steepSlope":false,"lowSoc":false,"nearProtected":false,"score":92.4},"geometry":{"type":"Polygon","coordinates":[[[-75.80692,2.26352],[-75.81181,2.26321],[-75.81508,2.25954],[-75.81478,2.25463],[-75.8111,2.25136],[-75.80618,2.25166],[-75.80289,2.25535],[-75.8032,2.26028],[-75.80692,2.26352]]]}},{"type":"Feature","id":"41548-i-3","properties":{"id":"41548-i-3","municipality":"Pital","municipalCode":"41548","focus":false,"origin":"initial","startMonth":0,"retireMonth":null,"retirementFraction":0,"hectares":659.3,"aptitude2026":"S1 · alta","aptitude2035":"S1 · alta","confidence":"Media-alta","sourceCover":"Café estimado 2026","nearWater":false,"steepSlope":false,"lowSoc":true,"nearProtected":false,"score":92.3},"geometry":{"type":"Polygon","coordinates":[[[-75.85694,2.31098],[-75.86077,2.30914],[-75.8622,2.30515],[-75.86036,2.30131],[-75.85636,2.29993],[-75.85256,2.30175],[-75.85113,2.30573],[-75.85296,2.30954],[-75.85694,2.31098]]]}},{"type":"Feature","id":"41548-i-4","properties":{"id":"41548-i-4","municipality":"Pital","municipalCode":"41548","focus":false,"origin":"initial","startMonth":0,"retireMonth":null,"retirementFraction":0,"hectares":659.3,"aptitude2026":"S1 · alta","aptitude2035":"S1 · alta","confidence":"Media-alta","sourceCover":"Café estimado 2026","nearWater":false,"steepSlope":false,"lowSoc":false,"nearProtected":false,"score":92.3},"geometry":{"type":"Polygon","coordinates":[[[-75.82415,2.32821],[-75.82915,2.32674],[-75.83167,2.32217],[-75.8302,2.31716],[-75.82562,2.31464],[-75.8206,2.31611],[-75.81807,2.3207],[-75.81955,2.32573],[-75.82415,2.32821]]]}},{"type":"Feature","id":"41548-i-5","properties":{"id":"41548-i-5","municipality":"Pital","municipalCode":"41548","focus":false,"origin":"initial","startMonth":0,"retireMonth":null,"retirementFraction":0,"hectares":659.3,"aptitude2026":"S1 · alta","aptitude2035":"S1 · alta","confidence":"Media-alta","sourceCover":"Café estimado 2026","nearWater":false,"steepSlope":false,"lowSoc":true,"nearProtected":false,"score":92.1},"geometry":{"type":"Polygon","coordinates":[[[-75.8352,2.32356],[-75.83833,2.32688],[-75.84289,2.32699],[-75.8462,2.32387],[-75.84636,2.3193],[-75.84321,2.31597],[-75.83864,2.31586],[-75.83531,2.319],[-75.8352,2.32356]]]}},{"type":"Feature","id":"41548-i-6","properties":{"id":"41548-i-6","municipality":"Pital","municipalCode":"41548","focus":false,"origin":"initial","startMonth":0,"retireMonth":119,"retirementStartMonth":20,"retirementFraction":0.3836396,"hectares":659.3,"aptitude2026":"S1 · alta","aptitude2035":"S2 · media","confidence":"Media-alta","sourceCover":"Café estimado 2026","nearWater":false,"steepSlope":false,"lowSoc":false,"nearProtected":true,"score":90.5},"geometry":{"type":"Polygon","coordinates":[[[-75.87758,2.26189],[-75.87923,2.25702],[-75.87698,2.25239],[-75.8721,2.25074],[-75.8675,2.25303],[-75.86586,2.25788],[-75.86811,2.26249],[-75.87296,2.26414],[-75.87758,2.26189]]]}},{"type":"Feature","id":"41551-e-0","properties":{"id":"41551-e-0","municipality":"Pitalito","municipalCode":"41551","focus":true,"origin":"expansion","startMonth":2,"entryEndMonth":119,"retireMonth":null,"hectares":483.9,"aptitude2026":"S2 · media","aptitude2035":"S2 · media","confidence":"Media-alta","sourceCover":"Cobertura natural","nearWater":false,"steepSlope":false,"lowSoc":false,"nearProtected":true,"score":87.1},"geometry":{"type":"Polygon","coordinates":[[[-76.14171,1.83793],[-76.14645,1.8363],[-76.14862,1.83179],[-76.14699,1.82706],[-76.1425,1.82484],[-76.13774,1.82648],[-76.13556,1.83101],[-76.13719,1.83576],[-76.14171,1.83793]]]}},{"type":"Feature","id":"41551-e-1","properties":{"id":"41551-e-1","municipality":"Pitalito","municipalCode":"41551","focus":true,"origin":"expansion","startMonth":15,"entryEndMonth":119,"retireMonth":null,"hectares":483.9,"aptitude2026":"S2 · media","aptitude2035":"S2 · media","confidence":"Media-alta","sourceCover":"Mosaico agropecuario","nearWater":false,"steepSlope":false,"lowSoc":false,"nearProtected":true,"score":87.3},"geometry":{"type":"Polygon","coordinates":[[[-76.18834,1.85495],[-76.19007,1.84905],[-76.18709,1.84367],[-76.1812,1.84195],[-76.17579,1.84488],[-76.17405,1.85081],[-76.17704,1.8562],[-76.18295,1.85793],[-76.18834,1.85495]]]}},{"type":"Feature","id":"41551-e-2","properties":{"id":"41551-e-2","municipality":"Pitalito","municipalCode":"41551","focus":true,"origin":"expansion","startMonth":23,"entryEndMonth":119,"retireMonth":null,"hectares":483.9,"aptitude2026":"S2 · media","aptitude2035":"S3 · marginal","confidence":"Media-alta","sourceCover":"Mosaico agropecuario","nearWater":false,"steepSlope":false,"lowSoc":true,"nearProtected":true,"score":86.5},"geometry":{"type":"Polygon","coordinates":[[[-76.14669,1.78016],[-76.1484,1.77565],[-76.14645,1.77123],[-76.14193,1.76951],[-76.13755,1.77151],[-76.13584,1.776],[-76.13778,1.7804],[-76.14228,1.78211],[-76.14669,1.78016]]]}},{"type":"Feature","id":"41551-i-0","properties":{"id":"41551-i-0","municipality":"Pitalito","municipalCode":"41551","focus":true,"origin":"initial","startMonth":0,"retireMonth":null,"retirementFraction":0,"hectares":614.8,"aptitude2026":"S1 · alta","aptitude2035":"S1 · alta","confidence":"Media-alta","sourceCover":"Café estimado 2026","nearWater":true,"steepSlope":false,"lowSoc":false,"nearProtected":true,"score":94.7},"geometry":{"type":"Polygon","coordinates":[[[-76.14907,1.85338],[-76.14948,1.84744],[-76.14557,1.84294],[-76.13961,1.84253],[-76.13511,1.84646],[-76.1347,1.85242],[-76.13863,1.85693],[-76.14461,1.85735],[-76.14907,1.85338]]]}},{"type":"Feature","id":"41551-i-1","properties":{"id":"41551-i-1","municipality":"Pitalito","municipalCode":"41551","focus":true,"origin":"initial","startMonth":0,"retireMonth":null,"retirementFraction":0,"hectares":614.8,"aptitude2026":"S2 · media","aptitude2035":"S2 · media","confidence":"Media-alta","sourceCover":"Café estimado 2026","nearWater":true,"steepSlope":false,"lowSoc":false,"nearProtected":true,"score":93.8},"geometry":{"type":"Polygon","coordinates":[[[-76.13821,1.87402],[-76.14329,1.87513],[-76.14769,1.87235],[-76.1488,1.86726],[-76.14601,1.86285],[-76.14091,1.86173],[-76.13649,1.86453],[-76.13537,1.86964],[-76.13821,1.87402]]]}},{"type":"Feature","id":"41551-i-10","properties":{"id":"41551-i-10","municipality":"Pitalito","municipalCode":"41551","focus":true,"origin":"initial","startMonth":0,"retireMonth":null,"retirementFraction":0,"hectares":614.8,"aptitude2026":"S1 · alta","aptitude2035":"S1 · alta","confidence":"Media-alta","sourceCover":"Café estimado 2026","nearWater":true,"steepSlope":false,"lowSoc":false,"nearProtected":true,"score":91.3},"geometry":{"type":"Polygon","coordinates":[[[-76.09975,1.8933],[-76.10492,1.89313],[-76.10848,1.88937],[-76.10831,1.88418],[-76.10453,1.88061],[-76.09934,1.88079],[-76.09576,1.88457],[-76.09594,1.88978],[-76.09975,1.8933]]]}},{"type":"Feature","id":"41551-i-11","properties":{"id":"41551-i-11","municipality":"Pitalito","municipalCode":"41551","focus":true,"origin":"initial","startMonth":0,"retireMonth":null,"retirementFraction":0,"hectares":614.8,"aptitude2026":"S1 · alta","aptitude2035":"S1 · alta","confidence":"Media-alta","sourceCover":"Café estimado 2026","nearWater":false,"steepSlope":false,"lowSoc":true,"nearProtected":true,"score":91},"geometry":{"type":"Polygon","coordinates":[[[-76.13839,1.80028],[-76.14367,1.80118],[-76.14805,1.79807],[-76.14895,1.79278],[-76.1458,1.78845],[-76.14054,1.78756],[-76.13619,1.79065],[-76.1353,1.79592],[-76.13839,1.80028]]]}},{"type":"Feature","id":"41551-i-12","properties":{"id":"41551-i-12","municipality":"Pitalito","municipalCode":"41551","focus":true,"origin":"initial","startMonth":0,"retireMonth":null,"retirementFraction":0,"hectares":614.8,"aptitude2026":"S1 · alta","aptitude2035":"S1 · alta","confidence":"Media-alta","sourceCover":"Café estimado 2026","nearWater":false,"steepSlope":false,"lowSoc":false,"nearProtected":true,"score":90.9},"geometry":{"type":"Polygon","coordinates":[[[-76.05595,1.9093],[-76.06046,1.91259],[-76.06598,1.91172],[-76.06927,1.90721],[-76.0684,1.90168],[-76.06388,1.89838],[-76.05834,1.89925],[-76.05503,1.90378],[-76.05595,1.9093]]]}},{"type":"Feature","id":"41551-i-13","properties":{"id":"41551-i-13","municipality":"Pitalito","municipalCode":"41551","focus":true,"origin":"initial","startMonth":0,"retireMonth":null,"retirementFraction":0,"hectares":614.8,"aptitude2026":"S1 · alta","aptitude2035":"S1 · alta","confidence":"Media-alta","sourceCover":"Café estimado 2026","nearWater":false,"steepSlope":false,"lowSoc":false,"nearProtected":true,"score":90.7},"geometry":{"type":"Polygon","coordinates":[[[-76.16244,1.80236],[-76.16799,1.79976],[-76.17011,1.794],[-76.16751,1.78843],[-76.16174,1.78631],[-76.15616,1.78892],[-76.15403,1.7947],[-76.15665,1.80029],[-76.16244,1.80236]]]}},{"type":"Feature","id":"41551-i-14","properties":{"id":"41551-i-14","municipality":"Pitalito","municipalCode":"41551","focus":true,"origin":"initial","startMonth":0,"retireMonth":null,"retirementFraction":0,"hectares":614.8,"aptitude2026":"S1 · alta","aptitude2035":"S1 · alta","confidence":"Media-alta","sourceCover":"Café estimado 2026","nearWater":false,"steepSlope":false,"lowSoc":false,"nearProtected":true,"score":90.7},"geometry":{"type":"Polygon","coordinates":[[[-76.08999,1.88721],[-76.08787,1.88159],[-76.08238,1.87915],[-76.07677,1.88127],[-76.07427,1.88674],[-76.07641,1.89238],[-76.08192,1.89483],[-76.08755,1.8927],[-76.08999,1.88721]]]}},{"type":"Feature","id":"41551-i-15","properties":{"id":"41551-i-15","municipality":"Pitalito","municipalCode":"41551","focus":true,"origin":"initial","startMonth":0,"retireMonth":null,"retirementFraction":0,"hectares":614.8,"aptitude2026":"S1 · alta","aptitude2035":"S1 · alta","confidence":"Media-alta","sourceCover":"Café estimado 2026","nearWater":false,"steepSlope":false,"lowSoc":false,"nearProtected":true,"score":90.6},"geometry":{"type":"Polygon","coordinates":[[[-76.09563,1.85151],[-76.09866,1.85563],[-76.10371,1.85641],[-76.10783,1.85339],[-76.10867,1.84833],[-76.10563,1.84419],[-76.10055,1.84341],[-76.09641,1.84644],[-76.09563,1.85151]]]}},{"type":"Feature","id":"41551-i-16","properties":{"id":"41551-i-16","municipality":"Pitalito","municipalCode":"41551","focus":true,"origin":"initial","startMonth":0,"retireMonth":null,"retirementFraction":0,"hectares":614.8,"aptitude2026":"S1 · alta","aptitude2035":"S1 · alta","confidence":"Media-alta","sourceCover":"Café estimado 2026","nearWater":false,"steepSlope":false,"lowSoc":false,"nearProtected":true,"score":90.6},"geometry":{"type":"Polygon","coordinates":[[[-76.18757,1.79953],[-76.18963,1.79413],[-76.18725,1.78887],[-76.18185,1.78681],[-76.1766,1.78919],[-76.17455,1.79457],[-76.17693,1.79981],[-76.1823,1.80186],[-76.18757,1.79953]]]}},{"type":"Feature","id":"41551-i-17","properties":{"id":"41551-i-17","municipality":"Pitalito","municipalCode":"41551","focus":true,"origin":"initial","startMonth":0,"retireMonth":null,"retirementFraction":0,"hectares":614.8,"aptitude2026":"S1 · alta","aptitude2035":"S1 · alta","confidence":"Media-alta","sourceCover":"Café estimado 2026","nearWater":false,"steepSlope":false,"lowSoc":true,"nearProtected":true,"score":89.9},"geometry":{"type":"Polygon","coordinates":[[[-76.19568,1.79614],[-76.19881,1.80012],[-76.20384,1.80072],[-76.20782,1.79759],[-76.20848,1.79256],[-76.20532,1.78855],[-76.20027,1.78795],[-76.19628,1.79109],[-76.19568,1.79614]]]}},{"type":"Feature","id":"41551-i-18","properties":{"id":"41551-i-18","municipality":"Pitalito","municipalCode":"41551","focus":true,"origin":"initial","startMonth":0,"retireMonth":null,"retirementFraction":0,"hectares":614.8,"aptitude2026":"S1 · alta","aptitude2035":"S1 · alta","confidence":"Media-alta","sourceCover":"Café estimado 2026","nearWater":false,"steepSlope":false,"lowSoc":true,"nearProtected":true,"score":89.8},"geometry":{"type":"Polygon","coordinates":[[[-76.07724,1.83688],[-76.08256,1.83876],[-76.08762,1.8363],[-76.08949,1.83099],[-76.08708,1.82589],[-76.08174,1.82401],[-76.07665,1.82648],[-76.07478,1.83181],[-76.07724,1.83688]]]}},{"type":"Feature","id":"41551-i-19","properties":{"id":"41551-i-19","municipality":"Pitalito","municipalCode":"41551","focus":true,"origin":"initial","startMonth":0,"retireMonth":null,"retirementFraction":0,"hectares":614.8,"aptitude2026":"S1 · alta","aptitude2035":"S1 · alta","confidence":"Media-alta","sourceCover":"Café estimado 2026","nearWater":false,"steepSlope":false,"lowSoc":true,"nearProtected":true,"score":89.8},"geometry":{"type":"Polygon","coordinates":[[[-76.04188,1.91281],[-76.04713,1.91087],[-76.04947,1.90579],[-76.04754,1.90056],[-76.04247,1.89822],[-76.03725,1.90015],[-76.03492,1.9052],[-76.03684,1.91042],[-76.04188,1.91281]]]}},{"type":"Feature","id":"41551-i-2","properties":{"id":"41551-i-2","municipality":"Pitalito","municipalCode":"41551","focus":true,"origin":"initial","startMonth":0,"retireMonth":null,"retirementFraction":0,"hectares":614.8,"aptitude2026":"S2 · media","aptitude2035":"S2 · media","confidence":"Media-alta","sourceCover":"Café estimado 2026","nearWater":true,"steepSlope":false,"lowSoc":false,"nearProtected":true,"score":93.7},"geometry":{"type":"Polygon","coordinates":[[[-76.16821,1.87083],[-76.16811,1.86581],[-76.16448,1.86231],[-76.15944,1.86241],[-76.156,1.86608],[-76.1561,1.87108],[-76.15971,1.87455],[-76.16473,1.87445],[-76.16821,1.87083]]]}},{"type":"Feature","id":"41551-i-20","properties":{"id":"41551-i-20","municipality":"Pitalito","municipalCode":"41551","focus":true,"origin":"initial","startMonth":0,"retireMonth":119,"retirementStartMonth":22,"retirementFraction":0.696,"hectares":614.8,"aptitude2026":"S2 · media","aptitude2035":"S2 · media","confidence":"Media-alta","sourceCover":"Café estimado 2026","nearWater":false,"steepSlope":false,"lowSoc":false,"nearProtected":true,"score":89.7},"geometry":{"type":"Polygon","coordinates":[[[-76.13671,1.91023],[-76.14164,1.91265],[-76.14683,1.91088],[-76.14924,1.90596],[-76.14752,1.90074],[-76.14257,1.89831],[-76.13736,1.90009],[-76.13493,1.90503],[-76.13671,1.91023]]]}},{"type":"Feature","id":"41551-i-21","properties":{"id":"41551-i-21","municipality":"Pitalito","municipalCode":"41551","focus":true,"origin":"initial","startMonth":0,"retireMonth":null,"retirementFraction":0,"hectares":614.8,"aptitude2026":"S1 · alta","aptitude2035":"S1 · alta","confidence":"Media-alta","sourceCover":"Café estimado 2026","nearWater":false,"steepSlope":false,"lowSoc":true,"nearProtected":true,"score":89.4},"geometry":{"type":"Polygon","coordinates":[[[-76.15781,1.8182],[-76.16283,1.81967],[-76.1674,1.81714],[-76.16887,1.81214],[-76.16635,1.80758],[-76.16135,1.80611],[-76.1568,1.80863],[-76.15534,1.81361],[-76.15781,1.8182]]]}},{"type":"Feature","id":"41551-i-22","properties":{"id":"41551-i-22","municipality":"Pitalito","municipalCode":"41551","focus":true,"origin":"initial","startMonth":0,"retireMonth":null,"retirementFraction":0,"hectares":614.8,"aptitude2026":"S1 · alta","aptitude2035":"S1 · alta","confidence":"Media-alta","sourceCover":"Café estimado 2026","nearWater":false,"steepSlope":false,"lowSoc":false,"nearProtected":true,"score":89.3},"geometry":{"type":"Polygon","coordinates":[[[-76.02874,1.88978],[-76.0288,1.88433],[-76.02501,1.88042],[-76.01955,1.88036],[-76.01568,1.88418],[-76.01562,1.8896],[-76.0194,1.8935],[-76.02483,1.89356],[-76.02874,1.88978]]]}},{"type":"Feature","id":"41551-i-23","properties":{"id":"41551-i-23","municipality":"Pitalito","municipalCode":"41551","focus":true,"origin":"initial","startMonth":0,"retireMonth":null,"retirementFraction":0,"hectares":614.8,"aptitude2026":"S1 · alta","aptitude2035":"S1 · alta","confidence":"Media-alta","sourceCover":"Café estimado 2026","nearWater":false,"steepSlope":false,"lowSoc":true,"nearProtected":true,"score":89.3},"geometry":{"type":"Polygon","coordinates":[[[-76.0283,1.90934],[-76.02923,1.9039],[-76.02602,1.89941],[-76.0206,1.89848],[-76.01607,1.90164],[-76.01513,1.90711],[-76.01835,1.91161],[-76.0238,1.91255],[-76.0283,1.90934]]]}},{"type":"Feature","id":"41551-i-24","properties":{"id":"41551-i-24","municipality":"Pitalito","municipalCode":"41551","focus":true,"origin":"initial","startMonth":0,"retireMonth":null,"retirementFraction":0,"hectares":614.8,"aptitude2026":"S1 · alta","aptitude2035":"S1 · alta","confidence":"Media-alta","sourceCover":"Café estimado 2026","nearWater":false,"steepSlope":false,"lowSoc":false,"nearProtected":true,"score":88.7},"geometry":{"type":"Polygon","coordinates":[[[-75.99531,1.90571],[-75.99749,1.91052],[-76.00242,1.91241],[-76.00724,1.91023],[-76.00914,1.90529],[-76.00696,1.90045],[-76.002,1.89855],[-75.99715,1.90074],[-75.99531,1.90571]]]}},{"type":"Feature","id":"41551-i-25","properties":{"id":"41551-i-25","municipality":"Pitalito","municipalCode":"41551","focus":true,"origin":"initial","startMonth":0,"retireMonth":null,"retirementFraction":0,"hectares":614.8,"aptitude2026":"S1 · alta","aptitude2035":"S1 · alta","confidence":"Media-alta","sourceCover":"Café estimado 2026","nearWater":false,"steepSlope":false,"lowSoc":false,"nearProtected":true,"score":88.5},"geometry":{"type":"Polygon","coordinates":[[[-76.07642,1.8166],[-76.08074,1.81955],[-76.08588,1.81861],[-76.08884,1.81429],[-76.08785,1.80917],[-76.08356,1.80623],[-76.07844,1.80716],[-76.07549,1.81146],[-76.07642,1.8166]]]}},{"type":"Feature","id":"41551-i-26","properties":{"id":"41551-i-26","municipality":"Pitalito","municipalCode":"41551","focus":true,"origin":"initial","startMonth":0,"retireMonth":119,"retirementStartMonth":14,"retirementFraction":0.696,"hectares":614.8,"aptitude2026":"S2 · media","aptitude2035":"S2 · media","confidence":"Media-alta","sourceCover":"Café estimado 2026","nearWater":false,"steepSlope":false,"lowSoc":false,"nearProtected":true,"score":88.3},"geometry":{"type":"Polygon","coordinates":[[[-76.15427,1.85166],[-76.15779,1.85667],[-76.16383,1.85776],[-76.16885,1.85423],[-76.16988,1.8482],[-76.16637,1.8432],[-76.16036,1.84212],[-76.15535,1.84563],[-76.15427,1.85166]]]}},{"type":"Feature","id":"41551-i-27","properties":{"id":"41551-i-27","municipality":"Pitalito","municipalCode":"41551","focus":true,"origin":"initial","startMonth":0,"retireMonth":null,"retirementFraction":0,"hectares":614.8,"aptitude2026":"S1 · alta","aptitude2035":"S1 · alta","confidence":"Media-alta","sourceCover":"Café estimado 2026","nearWater":false,"steepSlope":false,"lowSoc":false,"nearProtected":true,"score":88.1},"geometry":{"type":"Polygon","coordinates":[[[-76.02683,1.83615],[-76.02883,1.83148],[-76.02696,1.82675],[-76.02227,1.82475],[-76.01758,1.82667],[-76.0156,1.83132],[-76.01746,1.83603],[-76.02212,1.83801],[-76.02683,1.83615]]]}},{"type":"Feature","id":"41551-i-28","properties":{"id":"41551-i-28","municipality":"Pitalito","municipalCode":"41551","focus":true,"origin":"initial","startMonth":0,"retireMonth":null,"retirementFraction":0,"hectares":614.8,"aptitude2026":"S1 · alta","aptitude2035":"S1 · alta","confidence":"Media-alta","sourceCover":"Café estimado 2026","nearWater":false,"steepSlope":false,"lowSoc":false,"nearProtected":true,"score":88},"geometry":{"type":"Polygon","coordinates":[[[-76.19874,1.81939],[-76.20432,1.81983],[-76.20859,1.8162],[-76.20903,1.81061],[-76.20536,1.80639],[-76.19981,1.80595],[-76.19556,1.80956],[-76.19512,1.81513],[-76.19874,1.81939]]]}},{"type":"Feature","id":"41551-i-3","properties":{"id":"41551-i-3","municipality":"Pitalito","municipalCode":"41551","focus":true,"origin":"initial","startMonth":0,"retireMonth":null,"retirementFraction":0,"hectares":614.8,"aptitude2026":"S1 · alta","aptitude2035":"S1 · alta","confidence":"Media-alta","sourceCover":"Café estimado 2026","nearWater":false,"steepSlope":false,"lowSoc":false,"nearProtected":true,"score":93.4},"geometry":{"type":"Polygon","coordinates":[[[-76.11531,1.79857],[-76.12028,1.80216],[-76.12633,1.80115],[-76.12991,1.79618],[-76.12896,1.79011],[-76.12396,1.78651],[-76.11789,1.78752],[-76.11429,1.79251],[-76.11531,1.79857]]]}},{"type":"Feature","id":"41551-i-4","properties":{"id":"41551-i-4","municipality":"Pitalito","municipalCode":"41551","focus":true,"origin":"initial","startMonth":0,"retireMonth":null,"retirementFraction":0,"hectares":614.8,"aptitude2026":"S1 · alta","aptitude2035":"S1 · alta","confidence":"Media-alta","sourceCover":"Café estimado 2026","nearWater":false,"steepSlope":false,"lowSoc":true,"nearProtected":true,"score":92.3},"geometry":{"type":"Polygon","coordinates":[[[-76.15772,1.83804],[-76.1637,1.83917],[-76.16871,1.83576],[-76.16985,1.8298],[-76.16644,1.82479],[-76.16049,1.82366],[-76.15549,1.82706],[-76.15437,1.833],[-76.15772,1.83804]]]}},{"type":"Feature","id":"41551-i-5","properties":{"id":"41551-i-5","municipality":"Pitalito","municipalCode":"41551","focus":true,"origin":"initial","startMonth":0,"retireMonth":null,"retirementFraction":0,"hectares":614.8,"aptitude2026":"S1 · alta","aptitude2035":"S1 · alta","confidence":"Media-alta","sourceCover":"Café estimado 2026","nearWater":false,"steepSlope":false,"lowSoc":true,"nearProtected":true,"score":92.1},"geometry":{"type":"Polygon","coordinates":[[[-76.18475,1.83781],[-76.1885,1.83404],[-76.1885,1.82872],[-76.18473,1.82496],[-76.17939,1.82496],[-76.17562,1.82874],[-76.17562,1.83409],[-76.17941,1.83787],[-76.18475,1.83781]]]}},{"type":"Feature","id":"41551-i-6","properties":{"id":"41551-i-6","municipality":"Pitalito","municipalCode":"41551","focus":true,"origin":"initial","startMonth":0,"retireMonth":null,"retirementFraction":0,"hectares":614.8,"aptitude2026":"S1 · alta","aptitude2035":"S1 · alta","confidence":"Media-alta","sourceCover":"Café estimado 2026","nearWater":false,"steepSlope":false,"lowSoc":false,"nearProtected":true,"score":91.7},"geometry":{"type":"Polygon","coordinates":[[[-76.1146,1.88782],[-76.11739,1.8929],[-76.12297,1.89451],[-76.12806,1.89171],[-76.12961,1.88613],[-76.12683,1.88108],[-76.12128,1.87946],[-76.11621,1.88225],[-76.1146,1.88782]]]}},{"type":"Feature","id":"41551-i-7","properties":{"id":"41551-i-7","municipality":"Pitalito","municipalCode":"41551","focus":true,"origin":"initial","startMonth":0,"retireMonth":null,"retirementFraction":0,"hectares":614.8,"aptitude2026":"S1 · alta","aptitude2035":"S1 · alta","confidence":"Media-alta","sourceCover":"Café estimado 2026","nearWater":true,"steepSlope":false,"lowSoc":false,"nearProtected":true,"score":91.6},"geometry":{"type":"Polygon","coordinates":[[[-76.18834,1.77727],[-76.18752,1.77242],[-76.18352,1.76957],[-76.17868,1.77039],[-76.17584,1.77439],[-76.17665,1.77922],[-76.18064,1.78205],[-76.18546,1.78123],[-76.18834,1.77727]]]}},{"type":"Feature","id":"41551-i-8","properties":{"id":"41551-i-8","municipality":"Pitalito","municipalCode":"41551","focus":true,"origin":"initial","startMonth":0,"retireMonth":null,"retirementFraction":0,"hectares":614.8,"aptitude2026":"S1 · alta","aptitude2035":"S1 · alta","confidence":"Media-alta","sourceCover":"Café estimado 2026","nearWater":false,"steepSlope":false,"lowSoc":false,"nearProtected":true,"score":91.4},"geometry":{"type":"Polygon","coordinates":[[[-76.114,1.83148],[-76.11643,1.83721],[-76.1222,1.83954],[-76.12794,1.83711],[-76.13021,1.83132],[-76.12779,1.82562],[-76.12204,1.82329],[-76.11633,1.82572],[-76.114,1.83148]]]}},{"type":"Feature","id":"41551-i-9","properties":{"id":"41551-i-9","municipality":"Pitalito","municipalCode":"41551","focus":true,"origin":"initial","startMonth":0,"retireMonth":null,"retirementFraction":0,"hectares":614.8,"aptitude2026":"S1 · alta","aptitude2035":"S1 · alta","confidence":"Media-alta","sourceCover":"Café estimado 2026","nearWater":false,"steepSlope":false,"lowSoc":false,"nearProtected":true,"score":91.3},"geometry":{"type":"Polygon","coordinates":[[[-76.20487,1.83801],[-76.20871,1.83408],[-76.20868,1.82858],[-76.20475,1.82473],[-76.19926,1.82482],[-76.19544,1.82873],[-76.19547,1.8342],[-76.19938,1.83804],[-76.20487,1.83801]]]}},{"type":"Feature","id":"41615-e-0","properties":{"id":"41615-e-0","municipality":"Rivera","municipalCode":"41615","focus":false,"origin":"expansion","startMonth":23,"entryEndMonth":119,"retireMonth":null,"hectares":33.3,"aptitude2026":"S2 · media","aptitude2035":"S2 · media","confidence":"Media-alta","sourceCover":"Mosaico agropecuario","nearWater":false,"steepSlope":false,"lowSoc":true,"nearProtected":false,"score":93.1},"geometry":{"type":"Polygon","coordinates":[[[-75.26031,2.78315],[-75.26151,2.77858],[-75.25912,2.7745],[-75.25454,2.77331],[-75.2505,2.77574],[-75.24931,2.78028],[-75.25169,2.78434],[-75.25624,2.78553],[-75.26031,2.78315]]]}},{"type":"Feature","id":"41615-i-0","properties":{"id":"41615-i-0","municipality":"Rivera","municipalCode":"41615","focus":false,"origin":"initial","startMonth":0,"retireMonth":null,"retirementFraction":0,"hectares":392.6,"aptitude2026":"S2 · media","aptitude2035":"S2 · media","confidence":"Media-alta","sourceCover":"Café estimado 2026","nearWater":false,"steepSlope":false,"lowSoc":false,"nearProtected":true,"score":94.3},"geometry":{"type":"Polygon","coordinates":[[[-75.23453,2.78677],[-75.23995,2.78521],[-75.24272,2.78028],[-75.24115,2.77484],[-75.23622,2.77207],[-75.23077,2.77364],[-75.22799,2.77859],[-75.22956,2.78405],[-75.23453,2.78677]]]}},{"type":"Feature","id":"41615-i-1","properties":{"id":"41615-i-1","municipality":"Rivera","municipalCode":"41615","focus":false,"origin":"initial","startMonth":0,"retireMonth":119,"retirementStartMonth":23,"retirementFraction":0.16,"hectares":392.6,"aptitude2026":"S1 · alta","aptitude2035":"S2 · media","confidence":"Media-alta","sourceCover":"Café estimado 2026","nearWater":false,"steepSlope":false,"lowSoc":false,"nearProtected":false,"score":94.1},"geometry":{"type":"Polygon","coordinates":[[[-75.25968,2.81912],[-75.26137,2.81487],[-75.25954,2.81068],[-75.2553,2.80899],[-75.25113,2.81082],[-75.24944,2.81505],[-75.25127,2.81921],[-75.25548,2.82089],[-75.25968,2.81912]]]}},{"type":"Feature","id":"41660-e-0","properties":{"id":"41660-e-0","municipality":"Saladoblanco","municipalCode":"41660","focus":true,"origin":"expansion","startMonth":8,"entryEndMonth":119,"retireMonth":null,"hectares":263.9,"aptitude2026":"S2 · media","aptitude2035":"S2 · media","confidence":"Media-alta","sourceCover":"Cobertura natural","nearWater":false,"steepSlope":true,"lowSoc":true,"nearProtected":true,"score":83.2},"geometry":{"type":"Polygon","coordinates":[[[-76.21027,2.1111],[-76.2178,2.10926],[-76.22186,2.10265],[-76.22001,2.09511],[-76.21337,2.09114],[-76.20588,2.09297],[-76.20184,2.09955],[-76.20368,2.10706],[-76.21027,2.1111]]]}},{"type":"Feature","id":"41660-i-0","properties":{"id":"41660-i-0","municipality":"Saladoblanco","municipalCode":"41660","focus":true,"origin":"initial","startMonth":0,"retireMonth":null,"retirementFraction":0,"hectares":588.2,"aptitude2026":"S1 · alta","aptitude2035":"S1 · alta","confidence":"Media-alta","sourceCover":"Café estimado 2026","nearWater":false,"steepSlope":false,"lowSoc":false,"nearProtected":true,"score":90.9},"geometry":{"type":"Polygon","coordinates":[[[-76.06906,2.02504],[-76.07657,2.02567],[-76.08228,2.02078],[-76.08291,2.01329],[-76.07803,2.00759],[-76.07056,2.00696],[-76.06487,2.01183],[-76.06425,2.01928],[-76.06906,2.02504]]]}},{"type":"Feature","id":"41660-i-1","properties":{"id":"41660-i-1","municipality":"Saladoblanco","municipalCode":"41660","focus":true,"origin":"initial","startMonth":0,"retireMonth":null,"retirementFraction":0,"hectares":588.2,"aptitude2026":"S2 · media","aptitude2035":"S1 · alta","confidence":"Media-alta","sourceCover":"Café estimado 2026","nearWater":false,"steepSlope":true,"lowSoc":false,"nearProtected":true,"score":90.8},"geometry":{"type":"Polygon","coordinates":[[[-76.20687,2.08403],[-76.21624,2.08427],[-76.22305,2.0778],[-76.22329,2.0684],[-76.21676,2.06167],[-76.20742,2.06144],[-76.20064,2.06788],[-76.20041,2.07724],[-76.20687,2.08403]]]}},{"type":"Feature","id":"41660-i-2","properties":{"id":"41660-i-2","municipality":"Saladoblanco","municipalCode":"41660","focus":true,"origin":"initial","startMonth":0,"retireMonth":null,"retirementFraction":0,"hectares":588.2,"aptitude2026":"S2 · media","aptitude2035":"S1 · alta","confidence":"Media-alta","sourceCover":"Café estimado 2026","nearWater":false,"steepSlope":true,"lowSoc":false,"nearProtected":true,"score":90.6},"geometry":{"type":"Polygon","coordinates":[[[-76.17124,2.0804],[-76.17836,2.08243],[-76.18481,2.07883],[-76.18683,2.07173],[-76.18324,2.06529],[-76.17616,2.06328],[-76.16974,2.06686],[-76.16773,2.07392],[-76.17124,2.0804]]]}},{"type":"Feature","id":"41660-i-3","properties":{"id":"41660-i-3","municipality":"Saladoblanco","municipalCode":"41660","focus":true,"origin":"initial","startMonth":0,"retireMonth":null,"retirementFraction":0,"hectares":588.2,"aptitude2026":"S1 · alta","aptitude2035":"S1 · alta","confidence":"Media-alta","sourceCover":"Café estimado 2026","nearWater":false,"steepSlope":false,"lowSoc":true,"nearProtected":true,"score":86.2},"geometry":{"type":"Polygon","coordinates":[[[-76.03826,2.00051],[-76.04729,1.99736],[-76.05149,1.98876],[-76.04834,1.97971],[-76.03953,1.97866],[-76.03065,1.97866],[-76.02959,1.98748],[-76.03196,1.99428],[-76.03826,2.00051]]]}},{"type":"Feature","id":"41660-i-4","properties":{"id":"41660-i-4","municipality":"Saladoblanco","municipalCode":"41660","focus":true,"origin":"initial","startMonth":0,"retireMonth":null,"retirementFraction":0,"hectares":588.2,"aptitude2026":"S2 · media","aptitude2035":"S2 · media","confidence":"Media-alta","sourceCover":"Café estimado 2026","nearWater":false,"steepSlope":false,"lowSoc":false,"nearProtected":true,"score":86.1},"geometry":{"type":"Polygon","coordinates":[[[-76.14333,2.02623],[-76.15018,2.02287],[-76.15265,2.01565],[-76.14929,2.00879],[-76.14205,2.00641],[-76.13524,2.00975],[-76.13278,2.01693],[-76.13613,2.02376],[-76.14333,2.02623]]]}},{"type":"Feature","id":"41660-i-5","properties":{"id":"41660-i-5","municipality":"Saladoblanco","municipalCode":"41660","focus":true,"origin":"initial","startMonth":0,"retireMonth":119,"retirementStartMonth":13,"retirementFraction":0.15,"hectares":588.2,"aptitude2026":"S2 · media","aptitude2035":"S2 · media","confidence":"Media-alta","sourceCover":"Café estimado 2026","nearWater":false,"steepSlope":false,"lowSoc":false,"nearProtected":true,"score":85.6},"geometry":{"type":"Polygon","coordinates":[[[-76.11047,2.02764],[-76.1178,2.02265],[-76.11945,2.01395],[-76.11447,2.00664],[-76.10576,2.0049],[-76.09841,2.00991],[-76.09675,2.01865],[-76.10175,2.02599],[-76.11047,2.02764]]]}},{"type":"Feature","id":"41668-e-0","properties":{"id":"41668-e-0","municipality":"San Agustín","municipalCode":"41668","focus":true,"origin":"expansion","startMonth":7,"entryEndMonth":119,"retireMonth":null,"hectares":313.9,"aptitude2026":"S3 · marginal","aptitude2035":"S2 · media","confidence":"Media-alta","sourceCover":"Mosaico agropecuario","nearWater":false,"steepSlope":true,"lowSoc":false,"nearProtected":true,"score":80.5},"geometry":{"type":"Polygon","coordinates":[[[-76.43772,1.95301],[-76.43847,1.94313],[-76.43199,1.9356],[-76.42208,1.93486],[-76.41464,1.9414],[-76.4139,1.95124],[-76.42035,1.95874],[-76.43022,1.95948],[-76.43772,1.95301]]]}},{"type":"Feature","id":"41668-e-1","properties":{"id":"41668-e-1","municipality":"San Agustín","municipalCode":"41668","focus":true,"origin":"expansion","startMonth":18,"entryEndMonth":119,"retireMonth":null,"hectares":313.9,"aptitude2026":"S3 · marginal","aptitude2035":"S3 · marginal","confidence":"Media-alta","sourceCover":"Mosaico agropecuario","nearWater":false,"steepSlope":true,"lowSoc":false,"nearProtected":true,"score":80.4},"geometry":{"type":"Polygon","coordinates":[[[-76.38565,1.9554],[-76.39363,1.95823],[-76.4013,1.95464],[-76.40414,1.94664],[-76.40053,1.93895],[-76.39252,1.9361],[-76.3848,1.93971],[-76.38195,1.94775],[-76.38565,1.9554]]]}},{"type":"Feature","id":"41668-i-0","properties":{"id":"41668-i-0","municipality":"San Agustín","municipalCode":"41668","focus":true,"origin":"initial","startMonth":0,"retireMonth":null,"retirementFraction":0,"hectares":604.1,"aptitude2026":"S1 · alta","aptitude2035":"S1 · alta","confidence":"Media-alta","sourceCover":"Café estimado 2026","nearWater":false,"steepSlope":false,"lowSoc":false,"nearProtected":true,"score":90.5},"geometry":{"type":"Polygon","coordinates":[[[-76.35226,1.83352],[-76.36062,1.83644],[-76.36864,1.83264],[-76.37158,1.82425],[-76.36768,1.8163],[-76.35936,1.81339],[-76.35138,1.81717],[-76.34846,1.82552],[-76.35226,1.83352]]]}},{"type":"Feature","id":"41668-i-1","properties":{"id":"41668-i-1","municipality":"San Agustín","municipalCode":"41668","focus":true,"origin":"initial","startMonth":0,"retireMonth":null,"retirementFraction":0,"hectares":604.1,"aptitude2026":"S1 · alta","aptitude2035":"S1 · alta","confidence":"Media-alta","sourceCover":"Café estimado 2026","nearWater":false,"steepSlope":true,"lowSoc":false,"nearProtected":true,"score":87.6},"geometry":{"type":"Polygon","coordinates":[[[-76.24815,1.83174],[-76.25669,1.83862],[-76.26758,1.83745],[-76.27445,1.82893],[-76.27338,1.818],[-76.2648,1.8111],[-76.25387,1.81227],[-76.24697,1.82083],[-76.24815,1.83174]]]}},{"type":"Feature","id":"41668-i-2","properties":{"id":"41668-i-2","municipality":"San Agustín","municipalCode":"41668","focus":true,"origin":"initial","startMonth":0,"retireMonth":null,"retirementFraction":0,"hectares":604.1,"aptitude2026":"S2 · media","aptitude2035":"S2 · media","confidence":"Media-alta","sourceCover":"Café estimado 2026","nearWater":true,"steepSlope":false,"lowSoc":false,"nearProtected":true,"score":86.8},"geometry":{"type":"Polygon","coordinates":[[[-76.31628,1.79183],[-76.32485,1.79708],[-76.33461,1.79472],[-76.33983,1.78617],[-76.33749,1.77643],[-76.32895,1.77122],[-76.31924,1.77356],[-76.31403,1.78208],[-76.31628,1.79183]]]}},{"type":"Feature","id":"41668-i-3","properties":{"id":"41668-i-3","municipality":"San Agustín","municipalCode":"41668","focus":true,"origin":"initial","startMonth":0,"retireMonth":null,"retirementFraction":0,"hectares":604.1,"aptitude2026":"S2 · media","aptitude2035":"S2 · media","confidence":"Media-alta","sourceCover":"Café estimado 2026","nearWater":true,"steepSlope":true,"lowSoc":false,"nearProtected":true,"score":83.3},"geometry":{"type":"Polygon","coordinates":[[[-76.38392,1.917],[-76.39408,1.92039],[-76.40367,1.9156],[-76.40707,1.90542],[-76.40227,1.89581],[-76.39207,1.8924],[-76.38243,1.89721],[-76.37902,1.90744],[-76.38392,1.917]]]}},{"type":"Feature","id":"41668-i-4","properties":{"id":"41668-i-4","municipality":"San Agustín","municipalCode":"41668","focus":true,"origin":"initial","startMonth":0,"retireMonth":null,"retirementFraction":0,"hectares":604.1,"aptitude2026":"S2 · media","aptitude2035":"S2 · media","confidence":"Media-alta","sourceCover":"Café estimado 2026","nearWater":false,"steepSlope":true,"lowSoc":false,"nearProtected":true,"score":83.3},"geometry":{"type":"Polygon","coordinates":[[[-76.43806,1.91046],[-76.43741,1.90086],[-76.4302,1.89449],[-76.42058,1.89514],[-76.41431,1.90241],[-76.41495,1.91196],[-76.42214,1.9183],[-76.43171,1.91765],[-76.43806,1.91046]]]}},{"type":"Feature","id":"41668-i-5","properties":{"id":"41668-i-5","municipality":"San Agustín","municipalCode":"41668","focus":true,"origin":"initial","startMonth":0,"retireMonth":null,"retirementFraction":0,"hectares":604.1,"aptitude2026":"S2 · media","aptitude2035":"S2 · media","confidence":"Media-alta","sourceCover":"Café estimado 2026","nearWater":true,"steepSlope":false,"lowSoc":false,"nearProtected":true,"score":82.6},"geometry":{"type":"Polygon","coordinates":[[[-76.29837,1.83632],[-76.30513,1.82976],[-76.30522,1.82035],[-76.29868,1.8136],[-76.2893,1.81351],[-76.28256,1.82004],[-76.28247,1.8294],[-76.28898,1.83612],[-76.29837,1.83632]]]}},{"type":"Feature","id":"41668-i-6","properties":{"id":"41668-i-6","municipality":"San Agustín","municipalCode":"41668","focus":true,"origin":"initial","startMonth":0,"retireMonth":null,"retirementFraction":0,"hectares":604.1,"aptitude2026":"S2 · media","aptitude2035":"S2 · media","confidence":"Media-alta","sourceCover":"Café estimado 2026","nearWater":false,"steepSlope":true,"lowSoc":false,"nearProtected":true,"score":81.9},"geometry":{"type":"Polygon","coordinates":[[[-76.35494,1.91738],[-76.36416,1.91773],[-76.37092,1.91146],[-76.37126,1.90226],[-76.36501,1.89552],[-76.35584,1.89518],[-76.34911,1.90141],[-76.34877,1.91057],[-76.35494,1.91738]]]}},{"type":"Feature","id":"41668-i-7","properties":{"id":"41668-i-7","municipality":"San Agustín","municipalCode":"41668","focus":true,"origin":"initial","startMonth":0,"retireMonth":null,"retirementFraction":0,"hectares":604.1,"aptitude2026":"S2 · media","aptitude2035":"S2 · media","confidence":"Media-alta","sourceCover":"Café estimado 2026","nearWater":false,"steepSlope":false,"lowSoc":false,"nearProtected":true,"score":81.2},"geometry":{"type":"Polygon","coordinates":[[[-76.25765,1.79596],[-76.26694,1.79469],[-76.27255,1.7872],[-76.27128,1.77793],[-76.26384,1.77222],[-76.25451,1.7735],[-76.24887,1.78103],[-76.25014,1.79033],[-76.25765,1.79596]]]}},{"type":"Feature","id":"41668-i-8","properties":{"id":"41668-i-8","municipality":"San Agustín","municipalCode":"41668","focus":true,"origin":"initial","startMonth":0,"retireMonth":119,"retirementStartMonth":23,"retirementFraction":0.25,"hectares":604.1,"aptitude2026":"S2 · media","aptitude2035":"S2 · media","confidence":"Media-alta","sourceCover":"Café estimado 2026","nearWater":true,"steepSlope":true,"lowSoc":true,"nearProtected":true,"score":81},"geometry":{"type":"Polygon","coordinates":[[[-76.21922,1.83245],[-76.22704,1.83622],[-76.23524,1.83335],[-76.23901,1.82551],[-76.23613,1.81728],[-76.22828,1.8135],[-76.22003,1.81639],[-76.21624,1.82426],[-76.21922,1.83245]]]}},{"type":"Feature","id":"41668-i-9","properties":{"id":"41668-i-9","municipality":"San Agustín","municipalCode":"41668","focus":true,"origin":"initial","startMonth":0,"retireMonth":null,"retirementFraction":0,"hectares":604.1,"aptitude2026":"S2 · media","aptitude2035":"S1 · alta","confidence":"Media-alta","sourceCover":"Café estimado 2026","nearWater":true,"steepSlope":true,"lowSoc":false,"nearProtected":true,"score":80.8},"geometry":{"type":"Polygon","coordinates":[[[-76.28116,1.87254],[-76.28974,1.87947],[-76.30072,1.87835],[-76.30766,1.86975],[-76.30644,1.8588],[-76.29789,1.8519],[-76.28695,1.85302],[-76.28004,1.86158],[-76.28116,1.87254]]]}},{"type":"Feature","id":"41676-e-0","properties":{"id":"41676-e-0","municipality":"Santa María","municipalCode":"41676","focus":false,"origin":"expansion","startMonth":22,"entryEndMonth":119,"retireMonth":null,"hectares":122,"aptitude2026":"S2 · media","aptitude2035":"S1 · alta","confidence":"Media-alta","sourceCover":"Mosaico agropecuario","nearWater":false,"steepSlope":true,"lowSoc":false,"nearProtected":false,"score":90.7},"geometry":{"type":"Polygon","coordinates":[[[-75.57239,2.9201],[-75.57635,2.91562],[-75.576,2.90964],[-75.57151,2.90567],[-75.56552,2.90602],[-75.56155,2.91052],[-75.56189,2.91652],[-75.5664,2.92051],[-75.57239,2.9201]]]}},{"type":"Feature","id":"41676-i-0","properties":{"id":"41676-i-0","municipality":"Santa María","municipalCode":"41676","focus":false,"origin":"initial","startMonth":0,"retireMonth":null,"retirementFraction":0,"hectares":664.5,"aptitude2026":"S1 · alta","aptitude2035":"S1 · alta","confidence":"Media-alta","sourceCover":"Café estimado 2026","nearWater":false,"steepSlope":false,"lowSoc":false,"nearProtected":true,"score":97.3},"geometry":{"type":"Polygon","coordinates":[[[-75.67436,2.88106],[-75.67616,2.87525],[-75.67333,2.86988],[-75.66754,2.86808],[-75.66212,2.87087],[-75.66032,2.8767],[-75.66316,2.88209],[-75.66898,2.88389],[-75.67436,2.88106]]]}},{"type":"Feature","id":"41676-i-1","properties":{"id":"41676-i-1","municipality":"Santa María","municipalCode":"41676","focus":false,"origin":"initial","startMonth":0,"retireMonth":null,"retirementFraction":0,"hectares":664.5,"aptitude2026":"S2 · media","aptitude2035":"S1 · alta","confidence":"Media-alta","sourceCover":"Café estimado 2026","nearWater":false,"steepSlope":false,"lowSoc":true,"nearProtected":false,"score":93.2},"geometry":{"type":"Polygon","coordinates":[[[-75.64988,2.91636],[-75.65032,2.91084],[-75.64673,2.90662],[-75.64119,2.90617],[-75.63696,2.90977],[-75.63651,2.91532],[-75.64012,2.91956],[-75.64568,2.92001],[-75.64988,2.91636]]]}},{"type":"Feature","id":"41676-i-2","properties":{"id":"41676-i-2","municipality":"Santa María","municipalCode":"41676","focus":false,"origin":"initial","startMonth":0,"retireMonth":null,"retirementFraction":0,"hectares":664.5,"aptitude2026":"S2 · media","aptitude2035":"S2 · media","confidence":"Media-alta","sourceCover":"Café estimado 2026","nearWater":false,"steepSlope":true,"lowSoc":false,"nearProtected":true,"score":93},"geometry":{"type":"Polygon","coordinates":[[[-75.62623,2.91314],[-75.62403,2.90774],[-75.61867,2.90547],[-75.61328,2.90766],[-75.61096,2.91301],[-75.61316,2.91843],[-75.61855,2.92071],[-75.62396,2.91851],[-75.62623,2.91314]]]}},{"type":"Feature","id":"41676-i-3","properties":{"id":"41676-i-3","municipality":"Santa María","municipalCode":"41676","focus":false,"origin":"initial","startMonth":0,"retireMonth":null,"retirementFraction":0,"hectares":664.5,"aptitude2026":"S2 · media","aptitude2035":"S2 · media","confidence":"Media-alta","sourceCover":"Café estimado 2026","nearWater":false,"steepSlope":true,"lowSoc":true,"nearProtected":true,"score":92.1},"geometry":{"type":"Polygon","coordinates":[[[-75.67467,2.9169],[-75.67549,2.91125],[-75.67209,2.90665],[-75.66643,2.90583],[-75.66187,2.90926],[-75.66105,2.91489],[-75.66443,2.91947],[-75.67007,2.92029],[-75.67467,2.9169]]]}},{"type":"Feature","id":"41676-i-4","properties":{"id":"41676-i-4","municipality":"Santa María","municipalCode":"41676","focus":false,"origin":"initial","startMonth":0,"retireMonth":119,"retirementStartMonth":16,"retirementFraction":0.125,"hectares":664.5,"aptitude2026":"S2 · media","aptitude2035":"S2 · media","confidence":"Media-alta","sourceCover":"Café estimado 2026","nearWater":false,"steepSlope":false,"lowSoc":false,"nearProtected":true,"score":91.8},"geometry":{"type":"Polygon","coordinates":[[[-75.6358,2.87778],[-75.63931,2.88265],[-75.64523,2.88359],[-75.6501,2.88009],[-75.65103,2.87418],[-75.64754,2.86932],[-75.64164,2.86839],[-75.6368,2.87187],[-75.6358,2.87778]]]}},{"type":"Feature","id":"41770-e-0","properties":{"id":"41770-e-0","municipality":"Suaza","municipalCode":"41770","focus":false,"origin":"expansion","startMonth":10,"entryEndMonth":119,"retireMonth":null,"hectares":380.5,"aptitude2026":"S2 · media","aptitude2035":"S2 · media","confidence":"Media-alta","sourceCover":"Mosaico agropecuario","nearWater":false,"steepSlope":false,"lowSoc":false,"nearProtected":true,"score":88.1},"geometry":{"type":"Polygon","coordinates":[[[-75.80227,1.8567],[-75.80622,1.8538],[-75.80699,1.84895],[-75.80408,1.84499],[-75.79923,1.84428],[-75.79531,1.84717],[-75.79454,1.85199],[-75.79744,1.85593],[-75.80227,1.8567]]]}},{"type":"Feature","id":"41770-e-1","properties":{"id":"41770-e-1","municipality":"Suaza","municipalCode":"41770","focus":false,"origin":"expansion","startMonth":22,"entryEndMonth":119,"retireMonth":null,"hectares":380.5,"aptitude2026":"S2 · media","aptitude2035":"S2 · media","confidence":"Media-alta","sourceCover":"Mosaico agropecuario","nearWater":false,"steepSlope":false,"lowSoc":true,"nearProtected":true,"score":87.7},"geometry":{"type":"Polygon","coordinates":[[[-75.83305,1.85366],[-75.83684,1.85642],[-75.84146,1.85569],[-75.84621,1.8524],[-75.84524,1.84624],[-75.8402,1.84256],[-75.83405,1.84353],[-75.83039,1.84856],[-75.83305,1.85366]]]}},{"type":"Feature","id":"41770-i-0","properties":{"id":"41770-i-0","municipality":"Suaza","municipalCode":"41770","focus":false,"origin":"initial","startMonth":0,"retireMonth":null,"retirementFraction":0,"hectares":610.7,"aptitude2026":"S1 · alta","aptitude2035":"S2 · media","confidence":"Media-alta","sourceCover":"Café estimado 2026","nearWater":false,"steepSlope":false,"lowSoc":false,"nearProtected":true,"score":96.7},"geometry":{"type":"Polygon","coordinates":[[[-75.80719,1.83306],[-75.80599,1.82823],[-75.80171,1.82568],[-75.79688,1.82687],[-75.79434,1.83114],[-75.79553,1.83596],[-75.79979,1.83849],[-75.8046,1.8373],[-75.80719,1.83306]]]}},{"type":"Feature","id":"41770-i-1","properties":{"id":"41770-i-1","municipality":"Suaza","municipalCode":"41770","focus":false,"origin":"initial","startMonth":0,"retireMonth":null,"retirementFraction":0,"hectares":610.7,"aptitude2026":"S1 · alta","aptitude2035":"S2 · media","confidence":"Media-alta","sourceCover":"Café estimado 2026","nearWater":false,"steepSlope":false,"lowSoc":false,"nearProtected":false,"score":94.8},"geometry":{"type":"Polygon","coordinates":[[[-75.74309,1.84005],[-75.74911,1.83869],[-75.75238,1.83346],[-75.75103,1.82745],[-75.74581,1.82418],[-75.7398,1.82554],[-75.73655,1.83075],[-75.7379,1.83674],[-75.74309,1.84005]]]}},{"type":"Feature","id":"41770-i-10","properties":{"id":"41770-i-10","municipality":"Suaza","municipalCode":"41770","focus":false,"origin":"initial","startMonth":0,"retireMonth":null,"retirementFraction":0,"hectares":610.7,"aptitude2026":"S1 · alta","aptitude2035":"S1 · alta","confidence":"Media-alta","sourceCover":"Café estimado 2026","nearWater":false,"steepSlope":false,"lowSoc":false,"nearProtected":false,"score":89.1},"geometry":{"type":"Polygon","coordinates":[[[-75.72035,1.92911],[-75.72555,1.93136],[-75.73083,1.92931],[-75.73309,1.92411],[-75.73099,1.91886],[-75.72582,1.91661],[-75.72056,1.91866],[-75.71831,1.92384],[-75.72035,1.92911]]]}},{"type":"Feature","id":"41770-i-11","properties":{"id":"41770-i-11","municipality":"Suaza","municipalCode":"41770","focus":false,"origin":"initial","startMonth":0,"retireMonth":null,"retirementFraction":0,"hectares":610.7,"aptitude2026":"S1 · alta","aptitude2035":"S1 · alta","confidence":"Media-alta","sourceCover":"Café estimado 2026","nearWater":false,"steepSlope":false,"lowSoc":true,"nearProtected":true,"score":89.1},"geometry":{"type":"Polygon","coordinates":[[[-75.88029,1.87429],[-75.88283,1.86953],[-75.88127,1.86436],[-75.8765,1.86181],[-75.87132,1.86338],[-75.86876,1.86816],[-75.87034,1.87336],[-75.87513,1.87592],[-75.88029,1.87429]]]}},{"type":"Feature","id":"41770-i-12","properties":{"id":"41770-i-12","municipality":"Suaza","municipalCode":"41770","focus":false,"origin":"initial","startMonth":0,"retireMonth":null,"retirementFraction":0,"hectares":610.7,"aptitude2026":"S1 · alta","aptitude2035":"S2 · media","confidence":"Media-alta","sourceCover":"Café estimado 2026","nearWater":false,"steepSlope":false,"lowSoc":false,"nearProtected":false,"score":88.9},"geometry":{"type":"Polygon","coordinates":[[[-75.70393,1.85646],[-75.70903,1.85681],[-75.71291,1.85347],[-75.71327,1.84836],[-75.70989,1.84452],[-75.70481,1.84417],[-75.70095,1.84749],[-75.7006,1.85258],[-75.70393,1.85646]]]}},{"type":"Feature","id":"41770-i-13","properties":{"id":"41770-i-13","municipality":"Suaza","municipalCode":"41770","focus":false,"origin":"initial","startMonth":0,"retireMonth":119,"retirementStartMonth":21,"retirementFraction":0.672,"hectares":610.7,"aptitude2026":"S2 · media","aptitude2035":"S2 · media","confidence":"Media-alta","sourceCover":"Café estimado 2026","nearWater":false,"steepSlope":false,"lowSoc":true,"nearProtected":false,"score":88.2},"geometry":{"type":"Polygon","coordinates":[[[-75.76774,1.81837],[-75.7697,1.81381],[-75.76787,1.8092],[-75.7633,1.80722],[-75.75872,1.80911],[-75.75676,1.81364],[-75.75858,1.81824],[-75.76313,1.8202],[-75.76774,1.81837]]]}},{"type":"Feature","id":"41770-i-2","properties":{"id":"41770-i-2","municipality":"Suaza","municipalCode":"41770","focus":false,"origin":"initial","startMonth":0,"retireMonth":null,"retirementFraction":0,"hectares":610.7,"aptitude2026":"S1 · alta","aptitude2035":"S2 · media","confidence":"Media-alta","sourceCover":"Café estimado 2026","nearWater":false,"steepSlope":false,"lowSoc":false,"nearProtected":true,"score":94.1},"geometry":{"type":"Polygon","coordinates":[[[-75.81291,1.85466],[-75.8178,1.85811],[-75.82369,1.85707],[-75.82714,1.85219],[-75.82615,1.84628],[-75.82124,1.84281],[-75.81532,1.84386],[-75.81186,1.84876],[-75.81291,1.85466]]]}},{"type":"Feature","id":"41770-i-3","properties":{"id":"41770-i-3","municipality":"Suaza","municipalCode":"41770","focus":false,"origin":"initial","startMonth":0,"retireMonth":null,"retirementFraction":0,"hectares":610.7,"aptitude2026":"S1 · alta","aptitude2035":"S2 · media","confidence":"Media-alta","sourceCover":"Café estimado 2026","nearWater":false,"steepSlope":false,"lowSoc":false,"nearProtected":true,"score":93.1},"geometry":{"type":"Polygon","coordinates":[[[-75.85466,1.85763],[-75.86042,1.85723],[-75.86422,1.85287],[-75.86382,1.84709],[-75.85943,1.84335],[-75.85369,1.84375],[-75.84991,1.84809],[-75.8503,1.85384],[-75.85466,1.85763]]]}},{"type":"Feature","id":"41770-i-4","properties":{"id":"41770-i-4","municipality":"Suaza","municipalCode":"41770","focus":false,"origin":"initial","startMonth":0,"retireMonth":null,"retirementFraction":0,"hectares":610.7,"aptitude2026":"S1 · alta","aptitude2035":"S1 · alta","confidence":"Media-alta","sourceCover":"Café estimado 2026","nearWater":false,"steepSlope":false,"lowSoc":false,"nearProtected":true,"score":90.8},"geometry":{"type":"Polygon","coordinates":[[[-75.83112,1.87135],[-75.83498,1.87569],[-75.84078,1.87599],[-75.84511,1.87214],[-75.84541,1.86636],[-75.84157,1.86204],[-75.8358,1.86174],[-75.83149,1.86557],[-75.83112,1.87135]]]}},{"type":"Feature","id":"41770-i-5","properties":{"id":"41770-i-5","municipality":"Suaza","municipalCode":"41770","focus":false,"origin":"initial","startMonth":0,"retireMonth":null,"retirementFraction":0,"hectares":610.7,"aptitude2026":"S2 · media","aptitude2035":"S2 · media","confidence":"Media-alta","sourceCover":"Café estimado 2026","nearWater":false,"steepSlope":false,"lowSoc":false,"nearProtected":true,"score":90.7},"geometry":{"type":"Polygon","coordinates":[[[-75.81566,1.83789],[-75.82088,1.83891],[-75.82532,1.83596],[-75.82634,1.83073],[-75.82339,1.82629],[-75.81814,1.82526],[-75.81369,1.82822],[-75.81266,1.83348],[-75.81566,1.83789]]]}},{"type":"Feature","id":"41770-i-6","properties":{"id":"41770-i-6","municipality":"Suaza","municipalCode":"41770","focus":false,"origin":"initial","startMonth":0,"retireMonth":null,"retirementFraction":0,"hectares":610.7,"aptitude2026":"S1 · alta","aptitude2035":"S1 · alta","confidence":"Media-alta","sourceCover":"Café estimado 2026","nearWater":false,"steepSlope":false,"lowSoc":false,"nearProtected":false,"score":90.2},"geometry":{"type":"Polygon","coordinates":[[[-75.74401,1.91268],[-75.74915,1.91092],[-75.75151,1.90603],[-75.74976,1.90091],[-75.74489,1.89849],[-75.73973,1.90025],[-75.73735,1.90516],[-75.73912,1.91031],[-75.74401,1.91268]]]}},{"type":"Feature","id":"41770-i-7","properties":{"id":"41770-i-7","municipality":"Suaza","municipalCode":"41770","focus":false,"origin":"initial","startMonth":0,"retireMonth":null,"retirementFraction":0,"hectares":610.7,"aptitude2026":"S2 · media","aptitude2035":"S2 · media","confidence":"Media-alta","sourceCover":"Café estimado 2026","nearWater":false,"steepSlope":false,"lowSoc":false,"nearProtected":false,"score":90.1},"geometry":{"type":"Polygon","coordinates":[[[-75.78176,1.83974],[-75.78722,1.83765],[-75.7896,1.83232],[-75.78752,1.82687],[-75.7822,1.82443],[-75.77672,1.82653],[-75.77433,1.83188],[-75.77642,1.83735],[-75.78176,1.83974]]]}},{"type":"Feature","id":"41770-i-8","properties":{"id":"41770-i-8","municipality":"Suaza","municipalCode":"41770","focus":false,"origin":"initial","startMonth":0,"retireMonth":null,"retirementFraction":0,"hectares":610.7,"aptitude2026":"S1 · alta","aptitude2035":"S2 · media","confidence":"Media-alta","sourceCover":"Café estimado 2026","nearWater":false,"steepSlope":false,"lowSoc":false,"nearProtected":true,"score":89.9},"geometry":{"type":"Polygon","coordinates":[[[-75.93722,1.85507],[-75.93898,1.85012],[-75.93672,1.84536],[-75.93175,1.8436],[-75.92699,1.84586],[-75.92522,1.85084],[-75.92749,1.85561],[-75.93248,1.85739],[-75.93722,1.85507]]]}},{"type":"Feature","id":"41770-i-9","properties":{"id":"41770-i-9","municipality":"Suaza","municipalCode":"41770","focus":false,"origin":"initial","startMonth":0,"retireMonth":null,"retirementFraction":0,"hectares":610.7,"aptitude2026":"S2 · media","aptitude2035":"S2 · media","confidence":"Media-alta","sourceCover":"Café estimado 2026","nearWater":false,"steepSlope":false,"lowSoc":false,"nearProtected":true,"score":89.8},"geometry":{"type":"Polygon","coordinates":[[[-75.85017,1.83474],[-75.85405,1.83882],[-75.85968,1.83896],[-75.86375,1.83509],[-75.86389,1.82948],[-75.86003,1.82541],[-75.85443,1.82527],[-75.85037,1.82913],[-75.85017,1.83474]]]}},{"type":"Feature","id":"41791-e-0","properties":{"id":"41791-e-0","municipality":"Tarqui","municipalCode":"41791","focus":false,"origin":"expansion","startMonth":9,"entryEndMonth":119,"retireMonth":null,"hectares":158.8,"aptitude2026":"S1 · alta","aptitude2035":"S1 · alta","confidence":"Media-alta","sourceCover":"Mosaico agropecuario","nearWater":false,"steepSlope":false,"lowSoc":false,"nearProtected":true,"score":90.7},"geometry":{"type":"Polygon","coordinates":[[[-75.88649,2.19118],[-75.88848,2.18689],[-75.88684,2.18243],[-75.88253,2.18044],[-75.87807,2.18208],[-75.87607,2.1864],[-75.87772,2.19087],[-75.88205,2.19288],[-75.88649,2.19118]]]}},{"type":"Feature","id":"41791-i-0","properties":{"id":"41791-i-0","municipality":"Tarqui","municipalCode":"41791","focus":false,"origin":"initial","startMonth":0,"retireMonth":null,"retirementFraction":0,"hectares":593.7,"aptitude2026":"S1 · alta","aptitude2035":"S1 · alta","confidence":"Media-alta","sourceCover":"Café estimado 2026","nearWater":false,"steepSlope":false,"lowSoc":true,"nearProtected":true,"score":93.8},"geometry":{"type":"Polygon","coordinates":[[[-75.88576,2.15891],[-75.88922,2.1546],[-75.8886,2.14912],[-75.8843,2.14567],[-75.87883,2.14629],[-75.87539,2.15058],[-75.87601,2.15604],[-75.88029,2.15948],[-75.88576,2.15891]]]}},{"type":"Feature","id":"41791-i-1","properties":{"id":"41791-i-1","municipality":"Tarqui","municipalCode":"41791","focus":false,"origin":"initial","startMonth":0,"retireMonth":null,"retirementFraction":0,"hectares":593.7,"aptitude2026":"S1 · alta","aptitude2035":"S1 · alta","confidence":"Media-alta","sourceCover":"Café estimado 2026","nearWater":false,"steepSlope":false,"lowSoc":true,"nearProtected":true,"score":93.5},"geometry":{"type":"Polygon","coordinates":[[[-75.87585,2.16994],[-75.87797,2.17439],[-75.88261,2.17607],[-75.88708,2.17394],[-75.88876,2.16929],[-75.88663,2.16482],[-75.88196,2.16313],[-75.87748,2.16527],[-75.87585,2.16994]]]}},{"type":"Feature","id":"41791-i-2","properties":{"id":"41791-i-2","municipality":"Tarqui","municipalCode":"41791","focus":false,"origin":"initial","startMonth":0,"retireMonth":null,"retirementFraction":0,"hectares":593.7,"aptitude2026":"S1 · alta","aptitude2035":"S1 · alta","confidence":"Media-alta","sourceCover":"Café estimado 2026","nearWater":false,"steepSlope":false,"lowSoc":false,"nearProtected":false,"score":92.7},"geometry":{"type":"Polygon","coordinates":[[[-75.81322,2.17394],[-75.81472,2.1689],[-75.81222,2.16428],[-75.80718,2.16277],[-75.80254,2.16528],[-75.80103,2.17033],[-75.80354,2.17498],[-75.80861,2.17649],[-75.81322,2.17394]]]}},{"type":"Feature","id":"41791-i-3","properties":{"id":"41791-i-3","municipality":"Tarqui","municipalCode":"41791","focus":false,"origin":"initial","startMonth":0,"retireMonth":null,"retirementFraction":0,"hectares":593.7,"aptitude2026":"S1 · alta","aptitude2035":"S1 · alta","confidence":"Media-alta","sourceCover":"Café estimado 2026","nearWater":false,"steepSlope":false,"lowSoc":false,"nearProtected":false,"score":91.8},"geometry":{"type":"Polygon","coordinates":[[[-75.81339,2.15521],[-75.81362,2.15056],[-75.8105,2.1471],[-75.80586,2.14687],[-75.80242,2.14998],[-75.80218,2.15461],[-75.80529,2.15805],[-75.80991,2.15828],[-75.81339,2.15521]]]}},{"type":"Feature","id":"41791-i-4","properties":{"id":"41791-i-4","municipality":"Tarqui","municipalCode":"41791","focus":false,"origin":"initial","startMonth":0,"retireMonth":null,"retirementFraction":0,"hectares":593.7,"aptitude2026":"S1 · alta","aptitude2035":"S1 · alta","confidence":"Media-alta","sourceCover":"Café estimado 2026","nearWater":false,"steepSlope":false,"lowSoc":false,"nearProtected":false,"score":91.7},"geometry":{"type":"Polygon","coordinates":[[[-75.78748,2.17517],[-75.79011,2.17044],[-75.78865,2.16522],[-75.78391,2.16258],[-75.77872,2.16409],[-75.7761,2.1688],[-75.77755,2.17399],[-75.78227,2.17662],[-75.78748,2.17517]]]}},{"type":"Feature","id":"41791-i-5","properties":{"id":"41791-i-5","municipality":"Tarqui","municipalCode":"41791","focus":false,"origin":"initial","startMonth":0,"retireMonth":119,"retirementStartMonth":13,"retirementFraction":0.48,"hectares":593.7,"aptitude2026":"S1 · alta","aptitude2035":"S1 · alta","confidence":"Media-alta","sourceCover":"Café estimado 2026","nearWater":false,"steepSlope":false,"lowSoc":false,"nearProtected":false,"score":90.8},"geometry":{"type":"Polygon","coordinates":[[[-75.77735,2.15433],[-75.78026,2.15788],[-75.78483,2.15831],[-75.78837,2.15541],[-75.78885,2.15084],[-75.78593,2.14727],[-75.78135,2.14684],[-75.77778,2.14975],[-75.77735,2.15433]]]}},{"type":"Feature","id":"41797-e-0","properties":{"id":"41797-e-0","municipality":"Tesalia","municipalCode":"41797","focus":false,"origin":"expansion","startMonth":10,"entryEndMonth":119,"retireMonth":null,"hectares":36,"aptitude2026":"S2 · media","aptitude2035":"S2 · media","confidence":"Media-alta","sourceCover":"Mosaico agropecuario","nearWater":false,"steepSlope":false,"lowSoc":false,"nearProtected":false,"score":87.3},"geometry":{"type":"Polygon","coordinates":[[[-75.67272,2.55329],[-75.68025,2.55364],[-75.68579,2.54853],[-75.68613,2.54102],[-75.68104,2.5355],[-75.67354,2.53515],[-75.66803,2.54024],[-75.66769,2.54772],[-75.67272,2.55329]]]}},{"type":"Feature","id":"41797-i-0","properties":{"id":"41797-i-0","municipality":"Tesalia","municipalCode":"41797","focus":false,"origin":"initial","startMonth":0,"retireMonth":null,"retirementFraction":0,"hectares":363.6,"aptitude2026":"S1 · alta","aptitude2035":"S2 · media","confidence":"Media-alta","sourceCover":"Café estimado 2026","nearWater":false,"steepSlope":false,"lowSoc":false,"nearProtected":false,"score":91.8},"geometry":{"type":"Polygon","coordinates":[[[-75.68267,2.57682],[-75.68667,2.57036],[-75.68497,2.56296],[-75.6785,2.55895],[-75.67113,2.56072],[-75.66715,2.56715],[-75.66884,2.57452],[-75.67528,2.57851],[-75.68267,2.57682]]]}},{"type":"Feature","id":"41797-i-1","properties":{"id":"41797-i-1","municipality":"Tesalia","municipalCode":"41797","focus":false,"origin":"initial","startMonth":0,"retireMonth":119,"retirementStartMonth":17,"retirementFraction":0.16,"hectares":363.6,"aptitude2026":"S2 · media","aptitude2035":"S2 · media","confidence":"Media-alta","sourceCover":"Café estimado 2026","nearWater":false,"steepSlope":false,"lowSoc":false,"nearProtected":false,"score":87.6},"geometry":{"type":"Polygon","coordinates":[[[-75.70239,2.60185],[-75.70803,2.59803],[-75.70935,2.59134],[-75.70551,2.58569],[-75.6988,2.58436],[-75.69314,2.58821],[-75.69182,2.59493],[-75.69567,2.60061],[-75.70239,2.60185]]]}},{"type":"Feature","id":"41799-e-0","properties":{"id":"41799-e-0","municipality":"Tello","municipalCode":"41799","focus":false,"origin":"expansion","startMonth":18,"entryEndMonth":119,"retireMonth":null,"hectares":121.8,"aptitude2026":"S2 · media","aptitude2035":"S2 · media","confidence":"Media-alta","sourceCover":"Mosaico agropecuario","nearWater":false,"steepSlope":false,"lowSoc":false,"nearProtected":false,"score":88.8},"geometry":{"type":"Polygon","coordinates":[[[-75.07904,3.07922],[-75.07625,3.07126],[-75.06865,3.06756],[-75.06067,3.07036],[-75.05705,3.07797],[-75.05984,3.08591],[-75.0674,3.08959],[-75.07535,3.0868],[-75.07904,3.07922]]]}},{"type":"Feature","id":"41799-i-0","properties":{"id":"41799-i-0","municipality":"Tello","municipalCode":"41799","focus":false,"origin":"initial","startMonth":0,"retireMonth":null,"retirementFraction":0,"hectares":629,"aptitude2026":"S2 · media","aptitude2035":"S2 · media","confidence":"Media-alta","sourceCover":"Café estimado 2026","nearWater":true,"steepSlope":false,"lowSoc":false,"nearProtected":false,"score":91.5},"geometry":{"type":"Polygon","coordinates":[[[-75.07914,3.05465],[-75.07746,3.04614],[-75.07024,3.0413],[-75.06171,3.04299],[-75.05695,3.05024],[-75.05863,3.05872],[-75.06582,3.06353],[-75.07431,3.06185],[-75.07914,3.05465]]]}},{"type":"Feature","id":"41799-i-1","properties":{"id":"41799-i-1","municipality":"Tello","municipalCode":"41799","focus":false,"origin":"initial","startMonth":0,"retireMonth":null,"retirementFraction":0,"hectares":629,"aptitude2026":"S2 · media","aptitude2035":"S2 · media","confidence":"Media-alta","sourceCover":"Café estimado 2026","nearWater":false,"steepSlope":false,"lowSoc":false,"nearProtected":false,"score":91.3},"geometry":{"type":"Polygon","coordinates":[[[-75.11051,3.05698],[-75.11096,3.04903],[-75.10567,3.04309],[-75.09773,3.04264],[-75.09181,3.04792],[-75.09136,3.05584],[-75.09663,3.06175],[-75.10453,3.0622],[-75.11051,3.05698]]]}},{"type":"Feature","id":"41799-i-2","properties":{"id":"41799-i-2","municipality":"Tello","municipalCode":"41799","focus":false,"origin":"initial","startMonth":0,"retireMonth":null,"retirementFraction":0,"hectares":629,"aptitude2026":"S2 · media","aptitude2035":"S2 · media","confidence":"Media-alta","sourceCover":"Café estimado 2026","nearWater":true,"steepSlope":false,"lowSoc":false,"nearProtected":false,"score":90.4},"geometry":{"type":"Polygon","coordinates":[[[-75.03049,3.06123],[-75.038,3.06177],[-75.04373,3.05687],[-75.04427,3.04934],[-75.03935,3.0436],[-75.03181,3.04306],[-75.02605,3.04799],[-75.02551,3.05555],[-75.03049,3.06123]]]}},{"type":"Feature","id":"41799-i-3","properties":{"id":"41799-i-3","municipality":"Tello","municipalCode":"41799","focus":false,"origin":"initial","startMonth":0,"retireMonth":null,"retirementFraction":0,"hectares":629,"aptitude2026":"S1 · alta","aptitude2035":"S2 · media","confidence":"Media-alta","sourceCover":"Café estimado 2026","nearWater":false,"steepSlope":false,"lowSoc":false,"nearProtected":false,"score":90.4},"geometry":{"type":"Polygon","coordinates":[[[-75.16045,3.13703],[-75.1668,3.14014],[-75.17347,3.13781],[-75.17656,3.13147],[-75.17431,3.12476],[-75.16792,3.12164],[-75.16123,3.12399],[-75.15811,3.13035],[-75.16045,3.13703]]]}},{"type":"Feature","id":"41799-i-4","properties":{"id":"41799-i-4","municipality":"Tello","municipalCode":"41799","focus":false,"origin":"initial","startMonth":0,"retireMonth":119,"retirementStartMonth":15,"retirementFraction":0.4,"hectares":629,"aptitude2026":"S2 · media","aptitude2035":"S2 · media","confidence":"Media-alta","sourceCover":"Café estimado 2026","nearWater":false,"steepSlope":false,"lowSoc":false,"nearProtected":false,"score":90.4},"geometry":{"type":"Polygon","coordinates":[[[-75.13882,3.05996],[-75.14281,3.05453],[-75.14175,3.04788],[-75.13633,3.0439],[-75.12965,3.04488],[-75.12564,3.05034],[-75.12671,3.05702],[-75.13215,3.06102],[-75.13882,3.05996]]]}},{"type":"Feature","id":"41801-e-0","properties":{"id":"41801-e-0","municipality":"Teruel","municipalCode":"41801","focus":false,"origin":"expansion","startMonth":18,"entryEndMonth":119,"retireMonth":null,"hectares":85.4,"aptitude2026":"S2 · media","aptitude2035":"S2 · media","confidence":"Media-alta","sourceCover":"Mosaico agropecuario","nearWater":false,"steepSlope":false,"lowSoc":false,"nearProtected":true,"score":78.7},"geometry":{"type":"Polygon","coordinates":[[[-75.58279,2.77212],[-75.59082,2.77366],[-75.59755,2.76904],[-75.59908,2.76103],[-75.59447,2.75431],[-75.58648,2.75279],[-75.57978,2.75739],[-75.57825,2.76536],[-75.58279,2.77212]]]}},{"type":"Feature","id":"41801-i-0","properties":{"id":"41801-i-0","municipality":"Teruel","municipalCode":"41801","focus":false,"origin":"initial","startMonth":0,"retireMonth":null,"retirementFraction":0,"hectares":567.6,"aptitude2026":"S1 · alta","aptitude2035":"S1 · alta","confidence":"Media-alta","sourceCover":"Café estimado 2026","nearWater":false,"steepSlope":false,"lowSoc":false,"nearProtected":true,"score":92.9},"geometry":{"type":"Polygon","coordinates":[[[-75.58606,2.82922],[-75.59475,2.82778],[-75.59988,2.8206],[-75.59843,2.81189],[-75.59124,2.80676],[-75.58251,2.80821],[-75.57736,2.81541],[-75.57882,2.82415],[-75.58606,2.82922]]]}},{"type":"Feature","id":"41801-i-1","properties":{"id":"41801-i-1","municipality":"Teruel","municipalCode":"41801","focus":false,"origin":"initial","startMonth":0,"retireMonth":null,"retirementFraction":0,"hectares":567.6,"aptitude2026":"S1 · alta","aptitude2035":"S1 · alta","confidence":"Media-alta","sourceCover":"Café estimado 2026","nearWater":false,"steepSlope":false,"lowSoc":true,"nearProtected":false,"score":91.7},"geometry":{"type":"Polygon","coordinates":[[[-75.54288,2.82854],[-75.5494,2.82323],[-75.55022,2.81486],[-75.54492,2.80835],[-75.53657,2.80753],[-75.53007,2.81282],[-75.52926,2.82115],[-75.53454,2.82763],[-75.54288,2.82854]]]}},{"type":"Feature","id":"41801-i-2","properties":{"id":"41801-i-2","municipality":"Teruel","municipalCode":"41801","focus":false,"origin":"initial","startMonth":0,"retireMonth":null,"retirementFraction":0,"hectares":567.6,"aptitude2026":"S1 · alta","aptitude2035":"S1 · alta","confidence":"Media-alta","sourceCover":"Café estimado 2026","nearWater":false,"steepSlope":false,"lowSoc":true,"nearProtected":true,"score":89.4},"geometry":{"type":"Polygon","coordinates":[[[-75.63459,2.79971],[-75.64191,2.79917],[-75.6467,2.7936],[-75.64616,2.78626],[-75.64054,2.78154],[-75.63326,2.78209],[-75.62849,2.78763],[-75.62903,2.79493],[-75.63459,2.79971]]]}},{"type":"Feature","id":"41801-i-3","properties":{"id":"41801-i-3","municipality":"Teruel","municipalCode":"41801","focus":false,"origin":"initial","startMonth":0,"retireMonth":null,"retirementFraction":0,"hectares":567.6,"aptitude2026":"S2 · media","aptitude2035":"S2 · media","confidence":"Media-alta","sourceCover":"Café estimado 2026","nearWater":false,"steepSlope":false,"lowSoc":false,"nearProtected":true,"score":84.7},"geometry":{"type":"Polygon","coordinates":[[[-75.59867,2.71367],[-75.59948,2.70503],[-75.59394,2.69834],[-75.58528,2.69753],[-75.57866,2.70312],[-75.57785,2.71172],[-75.58337,2.71839],[-75.59199,2.7192],[-75.59867,2.71367]]]}},{"type":"Feature","id":"41801-i-4","properties":{"id":"41801-i-4","municipality":"Teruel","municipalCode":"41801","focus":false,"origin":"initial","startMonth":0,"retireMonth":119,"retirementStartMonth":22,"retirementFraction":0.4,"hectares":567.6,"aptitude2026":"S2 · media","aptitude2035":"S2 · media","confidence":"Media-alta","sourceCover":"Café estimado 2026","nearWater":false,"steepSlope":false,"lowSoc":false,"nearProtected":true,"score":82.3},"geometry":{"type":"Polygon","coordinates":[[[-75.5979,2.79423],[-75.59774,2.78663],[-75.59228,2.78133],[-75.58466,2.78149],[-75.57934,2.78696],[-75.57951,2.7946],[-75.585,2.79993],[-75.59265,2.79977],[-75.5979,2.79423]]]}},{"type":"Feature","id":"41807-e-0","properties":{"id":"41807-e-0","municipality":"Timaná","municipalCode":"41807","focus":true,"origin":"expansion","startMonth":21,"entryEndMonth":119,"retireMonth":null,"hectares":258.7,"aptitude2026":"S2 · media","aptitude2035":"S2 · media","confidence":"Media-alta","sourceCover":"Mosaico agropecuario","nearWater":false,"steepSlope":false,"lowSoc":false,"nearProtected":true,"score":90.8},"geometry":{"type":"Polygon","coordinates":[[[-75.89194,1.97048],[-75.89586,1.97068],[-75.89876,1.96804],[-75.89896,1.96412],[-75.89634,1.96118],[-75.8924,1.96098],[-75.88949,1.96364],[-75.88928,1.96758],[-75.89194,1.97048]]]}},{"type":"Feature","id":"41807-i-0","properties":{"id":"41807-i-0","municipality":"Timaná","municipalCode":"41807","focus":true,"origin":"initial","startMonth":0,"retireMonth":null,"retirementFraction":0,"hectares":663.3,"aptitude2026":"S1 · alta","aptitude2035":"S1 · alta","confidence":"Media-alta","sourceCover":"Café estimado 2026","nearWater":true,"steepSlope":false,"lowSoc":false,"nearProtected":true,"score":97.5},"geometry":{"type":"Polygon","coordinates":[[[-75.87963,2.00381],[-75.88362,2.00202],[-75.88517,1.99795],[-75.88339,1.99397],[-75.87932,1.99237],[-75.87532,1.99417],[-75.87376,1.99826],[-75.87555,2.00225],[-75.87963,2.00381]]]}},{"type":"Feature","id":"41807-i-1","properties":{"id":"41807-i-1","municipality":"Timaná","municipalCode":"41807","focus":true,"origin":"initial","startMonth":0,"retireMonth":null,"retirementFraction":0,"hectares":663.3,"aptitude2026":"S1 · alta","aptitude2035":"S1 · alta","confidence":"Media-alta","sourceCover":"Café estimado 2026","nearWater":true,"steepSlope":false,"lowSoc":true,"nearProtected":true,"score":97.1},"geometry":{"type":"Polygon","coordinates":[[[-75.90661,1.97147],[-75.91123,1.97136],[-75.91441,1.96802],[-75.9143,1.96342],[-75.91097,1.96024],[-75.90637,1.96035],[-75.90321,1.96368],[-75.90332,1.96826],[-75.90661,1.97147]]]}},{"type":"Feature","id":"41807-i-2","properties":{"id":"41807-i-2","municipality":"Timaná","municipalCode":"41807","focus":true,"origin":"initial","startMonth":0,"retireMonth":null,"retirementFraction":0,"hectares":663.3,"aptitude2026":"S1 · alta","aptitude2035":"S1 · alta","confidence":"Media-alta","sourceCover":"Café estimado 2026","nearWater":false,"steepSlope":false,"lowSoc":false,"nearProtected":true,"score":96.9},"geometry":{"type":"Polygon","coordinates":[[[-75.91887,1.9676],[-75.92146,1.97033],[-75.92522,1.97044],[-75.92796,1.96785],[-75.92801,1.96409],[-75.92544,1.96138],[-75.9217,1.96128],[-75.91898,1.96385],[-75.91887,1.9676]]]}},{"type":"Feature","id":"41807-i-3","properties":{"id":"41807-i-3","municipality":"Timaná","municipalCode":"41807","focus":true,"origin":"initial","startMonth":0,"retireMonth":null,"retirementFraction":0,"hectares":663.3,"aptitude2026":"S1 · alta","aptitude2035":"S1 · alta","confidence":"Media-alta","sourceCover":"Café estimado 2026","nearWater":false,"steepSlope":false,"lowSoc":false,"nearProtected":true,"score":96.9},"geometry":{"type":"Polygon","coordinates":[[[-75.87126,1.99825],[-75.86948,1.99365],[-75.86497,1.99168],[-75.86038,1.99345],[-75.8584,1.99795],[-75.86017,2.00254],[-75.86467,2.0045],[-75.86924,2.00274],[-75.87126,1.99825]]]}},{"type":"Feature","id":"41807-i-4","properties":{"id":"41807-i-4","municipality":"Timaná","municipalCode":"41807","focus":true,"origin":"initial","startMonth":0,"retireMonth":null,"retirementFraction":0,"hectares":663.3,"aptitude2026":"S1 · alta","aptitude2035":"S1 · alta","confidence":"Media-alta","sourceCover":"Café estimado 2026","nearWater":false,"steepSlope":false,"lowSoc":true,"nearProtected":true,"score":93.8},"geometry":{"type":"Polygon","coordinates":[[[-75.92687,1.95414],[-75.92899,1.95043],[-75.92789,1.94629],[-75.92417,1.94417],[-75.92006,1.94531],[-75.91794,1.949],[-75.91904,1.95312],[-75.92274,1.95524],[-75.92687,1.95414]]]}},{"type":"Feature","id":"41807-i-5","properties":{"id":"41807-i-5","municipality":"Timaná","municipalCode":"41807","focus":true,"origin":"initial","startMonth":0,"retireMonth":null,"retirementFraction":0,"hectares":663.3,"aptitude2026":"S1 · alta","aptitude2035":"S1 · alta","confidence":"Media-alta","sourceCover":"Café estimado 2026","nearWater":true,"steepSlope":false,"lowSoc":false,"nearProtected":true,"score":92.8},"geometry":{"type":"Polygon","coordinates":[[[-75.94138,1.95402],[-75.94347,1.95044],[-75.94242,1.94644],[-75.93884,1.94434],[-75.93483,1.94539],[-75.93273,1.94898],[-75.93378,1.95301],[-75.93738,1.95511],[-75.94138,1.95402]]]}},{"type":"Feature","id":"41807-i-6","properties":{"id":"41807-i-6","municipality":"Timaná","municipalCode":"41807","focus":true,"origin":"initial","startMonth":0,"retireMonth":119,"retirementStartMonth":17,"retirementFraction":0.43684552,"hectares":663.3,"aptitude2026":"S1 · alta","aptitude2035":"S1 · alta","confidence":"Media-alta","sourceCover":"Café estimado 2026","nearWater":false,"steepSlope":true,"lowSoc":true,"nearProtected":false,"score":91.8},"geometry":{"type":"Polygon","coordinates":[[[-75.84689,2.03474],[-75.85094,2.03576],[-75.85454,2.03364],[-75.85557,2.02958],[-75.85344,2.02597],[-75.84937,2.02494],[-75.84575,2.02707],[-75.84472,2.03115],[-75.84689,2.03474]]]}}]}
