{"type":"FeatureCollection","features":[{"type":"Feature","id":198,"geometry":{"type":"Polygon","coordinates":[[[-75.35464,3.2836],[-75.35561,3.28399],[-75.35686,3.28232],[-75.35898,3.28129],[-75.35951,3.27985],[-75.35892,3.27848],[-75.3631,3.27347],[-75.36261,3.27076],[-75.36303,3.26892],[-75.36527,3.26591],[-75.36689,3.26572],[-75.36929,3.26731],[-75.37058,3.27043],[-75.37179,3.27577],[-75.37566,3.27576],[-75.37717,3.2748],[-75.37886,3.27473],[-75.38176,3.27047],[-75.38474,3.26808],[-75.38702,3.26783],[-75.38721,3.26435],[-75.38671,3.26296],[-75.38932,3.26244],[-75.39227,3.26094],[-75.39228,3.26015],[-75.39027,3.25912],[-75.39061,3.25844],[-75.39382,3.25831],[-75.39854,3.25692],[-75.39956,3.25286],[-75.40055,3.25266],[-75.40169,3.25377],[-75.40353,3.25316],[-75.40516,3.25216],[-75.40562,3.25008],[-75.4113,3.24879],[-75.41622,3.25182],[-75.41895,3.25132],[-75.42099,3.25025],[-75.42196,3.24845],[-75.42373,3.24827],[-75.42438,3.24683],[-75.42616,3.24654],[-75.42866,3.24812],[-75.43067,3.24825],[-75.43126,3.24579],[-75.43448,3.24487],[-75.43458,3.24345],[-75.43625,3.243],[-75.43732,3.2438],[-75.43932,3.24232],[-75.44075,3.24434],[-75.44316,3.24453],[-75.44487,3.24529],[-75.44539,3.2464],[-75.44512,3.24797],[-75.44672,3.24806],[-75.44833,3.24949],[-75.44993,3.2499],[-75.45145,3.24886],[-75.45356,3.24879],[-75.45387,3.24686],[-75.45515,3.24594],[-75.45716,3.24621],[-75.45817,3.24389],[-75.46076,3.24293],[-75.46192,3.24092],[-75.4635,3.24101],[-75.46447,3.24168],[-75.46633,3.24384],[-75.46713,3.24663],[-75.4693,3.24934],[-75.47026,3.24906],[-75.47302,3.24987],[-75.47727,3.24813],[-75.47819,3.24695],[-75.47986,3.2442],[-75.47992,3.24303],[-75.48156,3.24178],[-75.48053,3.24005],[-75.48178,3.2364],[-75.48405,3.23643],[-75.48377,3.23314],[-75.48519,3.23034],[-75.48634,3.22976],[-75.48801,3.23021],[-75.49128,3.22978],[-75.49219,3.22899],[-75.4934,3.22943],[-75.49501,3.22917],[-75.49583,3.23051],[-75.49737,3.23011],[-75.49836,3.23066],[-75.49883,3.22913],[-75.50058,3.22829],[-75.50319,3.2281],[-75.50404,3.22898],[-75.50559,3.2294],[-75.50618,3.22924],[-75.50649,3.22832],[-75.50799,3.22892],[-75.50886,3.23125],[-75.50927,3.2301],[-75.50895,3.22926],[-75.51079,3.22883],[-75.51143,3.22916],[-75.51122,3.23047],[-75.51172,3.2309],[-75.51774,3.2312],[-75.51921,3.22991],[-75.51892,3.22879],[-75.52175,3.23048],[-75.52298,3.23226],[-75.52541,3.23161],[-75.52626,3.23352],[-75.52784,3.23252],[-75.52859,3.23282],[-75.5292,3.23219],[-75.53032,3.23222],[-75.53402,3.2275],[-75.53418,3.22495],[-75.53696,3.22395],[-75.53776,3.22289],[-75.53873,3.22312],[-75.53917,3.22125],[-75.53999,3.22148],[-75.54102,3.22069],[-75.54094,3.21957],[-75.54196,3.21865],[-75.54309,3.21856],[-75.54332,3.2176],[-75.54508,3.21713],[-75.54509,3.21649],[-75.54669,3.2151],[-75.54822,3.21509],[-75.54951,3.21408],[-75.54959,3.21274],[-75.55137,3.21268],[-75.55087,3.21181],[-75.55214,3.21164],[-75.55159,3.2109],[-75.55332,3.21004],[-75.55377,3.20837],[-75.55663,3.20702],[-75.55652,3.20572],[-75.55732,3.20448],[-75.55783,3.20498],[-75.55807,3.20384],[-75.55865,3.20363],[-75.56034,3.20434],[-75.56134,3.2028],[-75.56214,3.2027],[-75.5629,3.2017],[-75.56255,3.19933],[-75.56473,3.19597],[-75.56502,3.1943],[-75.56597,3.19347],[-75.56592,3.19216],[-75.56804,3.1879],[-75.56773,3.18612],[-75.56866,3.18462],[-75.56852,3.18362],[-75.57056,3.18024],[-75.57137,3.17624],[-75.57094,3.17149],[-75.57304,3.16501],[-75.57435,3.16416],[-75.5762,3.15933],[-75.57827,3.15749],[-75.57913,3.15552],[-75.5807,3.15459],[-75.5818,3.15288],[-75.5848,3.15015],[-75.58306,3.14687],[-75.58179,3.14689],[-75.57949,3.14498],[-75.57775,3.14525],[-75.57632,3.14478],[-75.57687,3.14269],[-75.58057,3.13958],[-75.58215,3.13722],[-75.58214,3.13433],[-75.58318,3.13204],[-75.58294,3.12918],[-75.58338,3.12695],[-75.58255,3.1238],[-75.58582,3.11981],[-75.5885,3.11779],[-75.5932,3.11633],[-75.597,3.11645],[-75.60003,3.11532],[-75.60233,3.11301],[-75.60276,3.10834],[-75.60443,3.10566],[-75.6047,3.10335],[-75.6059,3.10083],[-75.61048,3.09334],[-75.61399,3.09018],[-75.61673,3.0837],[-75.62036,3.07948],[-75.62196,3.07638],[-75.62143,3.07234],[-75.61822,3.06312],[-75.61625,3.0608],[-75.61423,3.05961],[-75.60561,3.05776],[-75.60487,3.0572],[-75.60198,3.05411],[-75.60001,3.04845],[-75.59987,3.05422],[-75.59726,3.06102],[-75.59715,3.06325],[-75.59529,3.06834],[-75.59448,3.07549],[-75.59226,3.07922],[-75.58927,3.0822],[-75.58577,3.08799],[-75.58393,3.08998],[-75.58047,3.09267],[-75.57787,3.09387],[-75.57603,3.0964],[-75.57275,3.09791],[-75.56928,3.10042],[-75.56657,3.10117],[-75.56262,3.10346],[-75.56097,3.10352],[-75.55865,3.10464],[-75.55781,3.10437],[-75.55825,3.10269],[-75.55164,3.09668],[-75.54948,3.09247],[-75.55181,3.09048],[-75.54382,3.08317],[-75.5393,3.08075],[-75.53909,3.07975],[-75.53979,3.07897],[-75.53917,3.07653],[-75.53975,3.0755],[-75.53911,3.07513],[-75.53906,3.07382],[-75.53803,3.07207],[-75.53527,3.071],[-75.533,3.07106],[-75.53159,3.06968],[-75.52351,3.06874],[-75.5232,3.06583],[-75.52399,3.065],[-75.52347,3.06243],[-75.52468,3.06174],[-75.52507,3.06045],[-75.52912,3.05547],[-75.52633,3.05058],[-75.52801,3.04513],[-75.52903,3.04398],[-75.52942,3.04149],[-75.53143,3.0377],[-75.52751,3.03774],[-75.52436,3.03684],[-75.52096,3.03872],[-75.51776,3.03778],[-75.51454,3.03783],[-75.51315,3.03848],[-75.51201,3.03765],[-75.51097,3.03806],[-75.50863,3.03736],[-75.50716,3.036],[-75.50286,3.0343],[-75.49974,3.03566],[-75.4992,3.03647],[-75.4926,3.03624],[-75.48955,3.03493],[-75.48872,3.032],[-75.49119,3.02748],[-75.49121,3.02658],[-75.48879,3.02585],[-75.47649,3.02818],[-75.47523,3.02782],[-75.47417,3.02616],[-75.47218,3.02554],[-75.47075,3.02347],[-75.46655,3.02335],[-75.46324,3.02115],[-75.4607,3.02539],[-75.45866,3.02658],[-75.45805,3.0287],[-75.45358,3.03004],[-75.45421,3.03194],[-75.4526,3.03269],[-75.45206,3.03513],[-75.45283,3.03633],[-75.4507,3.0396],[-75.44908,3.04047],[-75.44626,3.04078],[-75.44612,3.0421],[-75.44198,3.04496],[-75.43907,3.04826],[-75.43906,3.04964],[-75.43728,3.05205],[-75.43785,3.05285],[-75.4381,3.05551],[-75.43713,3.0566],[-75.43744,3.05845],[-75.43628,3.06168],[-75.43672,3.06343],[-75.43566,3.06508],[-75.43655,3.06788],[-75.43609,3.06904],[-75.43643,3.07029],[-75.43479,3.07283],[-75.43436,3.07524],[-75.4348,3.07634],[-75.43382,3.07814],[-75.43356,3.08136],[-75.43269,3.08266],[-75.43133,3.08885],[-75.43027,3.09086],[-75.42976,3.09514],[-75.42839,3.09689],[-75.42501,3.09676],[-75.42393,3.09536],[-75.42445,3.09327],[-75.42389,3.0921],[-75.42424,3.09014],[-75.42322,3.08851],[-75.42106,3.0879],[-75.41989,3.08836],[-75.41886,3.08772],[-75.41856,3.08662],[-75.41627,3.08662],[-75.4152,3.08555],[-75.41378,3.08573],[-75.40945,3.08177],[-75.40967,3.08061],[-75.40714,3.08],[-75.40461,3.07766],[-75.40283,3.07742],[-75.39836,3.07278],[-75.39814,3.06766],[-75.39914,3.06557],[-75.39875,3.064],[-75.39975,3.06356],[-75.39836,3.0632],[-75.39927,3.06176],[-75.40067,3.06148],[-75.40088,3.06097],[-75.39997,3.06048],[-75.39836,3.05787],[-75.3992,3.05595],[-75.40244,3.05369],[-75.4032,3.05205],[-75.40253,3.05246],[-75.39915,3.05187],[-75.39627,3.05206],[-75.39547,3.05286],[-75.39306,3.05296],[-75.38952,3.05169],[-75.38808,3.0506],[-75.38658,3.05119],[-75.38555,3.05029],[-75.38495,3.04858],[-75.38152,3.04702],[-75.37995,3.04461],[-75.37698,3.04402],[-75.37655,3.04281],[-75.37576,3.04287],[-75.37361,3.04499],[-75.37286,3.04501],[-75.37043,3.0445],[-75.3693,3.04216],[-75.36693,3.0434],[-75.36508,3.04287],[-75.3648,3.04228],[-75.36044,3.0419],[-75.36063,3.04086],[-75.35936,3.04003],[-75.35791,3.04092],[-75.35641,3.04355],[-75.35659,3.0473],[-75.35478,3.04741],[-75.35422,3.04694],[-75.35387,3.04494],[-75.35187,3.04504],[-75.35144,3.04328],[-75.35043,3.04353],[-75.34716,3.04253],[-75.34526,3.04079],[-75.34347,3.04079],[-75.34222,3.04183],[-75.34151,3.04141],[-75.33933,3.04169],[-75.33776,3.04037],[-75.33775,3.0389],[-75.33663,3.03739],[-75.33684,3.03682],[-75.33637,3.03663],[-75.33677,3.03626],[-75.3355,3.03424],[-75.33569,3.03286],[-75.33261,3.03064],[-75.33593,3.01826],[-75.33579,3.01659],[-75.33407,3.01232],[-75.32919,3.0071],[-75.32236,2.98988],[-75.32168,2.98641],[-75.32216,2.9859],[-75.32138,2.98539],[-75.31949,2.98086],[-75.31606,2.96995],[-75.31526,2.9688],[-75.31338,2.96791],[-75.313,2.96885],[-75.3065,2.96722],[-75.30613,2.96775],[-75.30678,2.9681],[-75.30632,2.9692],[-75.304,2.97143],[-75.30269,2.97221],[-75.30259,2.97163],[-75.30122,2.97181],[-75.30074,2.97128],[-75.30048,2.96197],[-75.30176,2.95925],[-75.30465,2.95731],[-75.30665,2.95427],[-75.30888,2.94648],[-75.30929,2.93962],[-75.30878,2.9381],[-75.30422,2.93489],[-75.30559,2.93073],[-75.30379,2.92822],[-75.30406,2.92451],[-75.30339,2.92403],[-75.30087,2.92403],[-75.29986,2.92288],[-75.29537,2.92049],[-75.29552,2.91694],[-75.29654,2.91558],[-75.29709,2.91195],[-75.29627,2.91031],[-75.29432,2.90988],[-75.2926,2.90875],[-75.29228,2.90603],[-75.29476,2.90438],[-75.29768,2.90132],[-75.29694,2.90011],[-75.29439,2.9],[-75.2929,2.89859],[-75.29368,2.89604],[-75.29372,2.89098],[-75.28999,2.88595],[-75.29032,2.88449],[-75.28954,2.87729],[-75.29023,2.86839],[-75.28849,2.86746],[-75.28693,2.86525],[-75.28132,2.86486],[-75.28014,2.86309],[-75.27607,2.8639],[-75.27415,2.86267],[-75.272,2.86309],[-75.27034,2.86277],[-75.26732,2.86002],[-75.26452,2.86051],[-75.26312,2.85874],[-75.26197,2.85824],[-75.25477,2.85851],[-75.25131,2.85648],[-75.24599,2.85837],[-75.24353,2.85698],[-75.24171,2.85774],[-75.23882,2.8573],[-75.2382,2.85801],[-75.2364,2.8585],[-75.23575,2.86049],[-75.23503,2.86076],[-75.2325,2.86008],[-75.22883,2.86027],[-75.22711,2.86108],[-75.22245,2.86105],[-75.22149,2.86043],[-75.22028,2.86245],[-75.21946,2.86219],[-75.21851,2.86063],[-75.21628,2.861],[-75.21487,2.85912],[-75.21468,2.85747],[-75.21316,2.8561],[-75.21319,2.85542],[-75.21091,2.85455],[-75.20818,2.8501],[-75.20853,2.84686],[-75.20803,2.84572],[-75.20857,2.84485],[-75.2017,2.83526],[-75.20211,2.83333],[-75.20119,2.83187],[-75.19781,2.82911],[-75.19624,2.82922],[-75.19402,2.82782],[-75.19293,2.82505],[-75.19049,2.82578],[-75.18725,2.82312],[-75.18151,2.82209],[-75.18162,2.81805],[-75.18047,2.81594],[-75.17537,2.81348],[-75.16607,2.81211],[-75.16145,2.80929],[-75.15953,2.80552],[-75.16065,2.80045],[-75.16446,2.79759],[-75.16853,2.79693],[-75.17005,2.79604],[-75.17049,2.79476],[-75.17022,2.7923],[-75.17132,2.78714],[-75.17086,2.78606],[-75.16785,2.78621],[-75.16546,2.78376],[-75.16455,2.78352],[-75.16484,2.77987],[-75.16318,2.77841],[-75.15975,2.77681],[-75.15866,2.77505],[-75.1582,2.77181],[-75.15877,2.77101],[-75.16156,2.76982],[-75.16308,2.76733],[-75.16672,2.76642],[-75.16701,2.76533],[-75.16334,2.76215],[-75.16278,2.76057],[-75.16172,2.75955],[-75.15525,2.75651],[-75.15389,2.75714],[-75.15408,2.75938],[-75.15306,2.7601],[-75.15122,2.76025],[-75.15022,2.7601],[-75.14822,2.75845],[-75.1402,2.75693],[-75.1384,2.75308],[-75.13673,2.75186],[-75.13525,2.74963],[-75.13525,2.7483],[-75.1378,2.74391],[-75.13796,2.73918],[-75.13886,2.73635],[-75.14174,2.73296],[-75.14497,2.73062],[-75.14613,2.72674],[-75.14529,2.72341],[-75.14013,2.72604],[-75.13612,2.72656],[-75.12799,2.72886],[-75.12548,2.72871],[-75.12211,2.72952],[-75.12058,2.72952],[-75.11819,2.72643],[-75.11494,2.72468],[-75.11404,2.72482],[-75.10773,2.73186],[-75.10283,2.73519],[-75.09935,2.73521],[-75.09628,2.73757],[-75.09224,2.73493],[-75.0896,2.73045],[-75.08786,2.73033],[-75.08494,2.73208],[-75.07677,2.74373],[-75.07472,2.74546],[-75.07225,2.74604],[-75.07034,2.74215],[-75.06973,2.74514],[-75.06597,2.7488],[-75.06143,2.75482],[-75.0579,2.75832],[-75.05504,2.76443],[-75.048,2.77019],[-75.04689,2.7717],[-75.04622,2.77453],[-75.04235,2.77701],[-75.04139,2.77894],[-75.04111,2.78308],[-75.03587,2.78837],[-75.03297,2.78929],[-75.02649,2.79315],[-75.02676,2.79647],[-75.02552,2.79978],[-75.0211,2.80364],[-75.02248,2.80957],[-75.02028,2.81496],[-75.01434,2.8242],[-75.01186,2.82448],[-75.00951,2.82724],[-75.00772,2.83151],[-75.00551,2.83469],[-75.00303,2.83579],[-75.00082,2.83772],[-74.99696,2.84448],[-74.99654,2.84614],[-74.99171,2.85097],[-74.99089,2.85414],[-74.98896,2.858],[-74.98468,2.86104],[-74.97543,2.86283],[-74.97226,2.86766],[-74.97129,2.87015],[-74.96922,2.8718],[-74.96412,2.87304],[-74.96274,2.8758],[-74.9626,2.87801],[-74.95819,2.87953],[-74.95579,2.87971],[-74.95524,2.88042],[-74.9546,2.88588],[-74.9506,2.89098],[-74.94729,2.89291],[-74.94464,2.89678],[-74.94753,2.89665],[-74.95047,2.89549],[-74.95702,2.89886],[-74.96021,2.89957],[-74.96511,2.89705],[-74.96911,2.89719],[-74.97088,2.89839],[-74.9735,2.90386],[-74.9744,2.90723],[-74.97564,2.90848],[-74.97513,2.90999],[-74.97204,2.91183],[-74.96938,2.91759],[-74.96933,2.91926],[-74.97056,2.921],[-74.97194,2.92067],[-74.97249,2.92161],[-74.97158,2.92345],[-74.97158,2.92469],[-74.97065,2.92588],[-74.97072,2.9284],[-74.96991,2.93012],[-74.97098,2.93241],[-74.97051,2.93415],[-74.97408,2.9336],[-74.97458,2.93239],[-74.97665,2.9308],[-74.97906,2.93164],[-74.97972,2.9314],[-74.98121,2.92939],[-74.98228,2.92969],[-74.98362,2.93109],[-74.98733,2.93155],[-74.98855,2.93207],[-74.9894,2.93324],[-74.99216,2.93425],[-74.99312,2.9344],[-74.99726,2.93223],[-74.99843,2.93405],[-74.99971,2.93422],[-75.00244,2.93594],[-75.00646,2.93554],[-75.00806,2.93412],[-75.00975,2.93383],[-75.01306,2.9365],[-75.01649,2.93546],[-75.01939,2.93697],[-75.02274,2.93721],[-75.0252,2.94052],[-75.02702,2.94019],[-75.02927,2.94216],[-75.03283,2.94165],[-75.03455,2.94024],[-75.03557,2.94206],[-75.03719,2.94178],[-75.03785,2.94217],[-75.03775,2.94312],[-75.03847,2.94365],[-75.03922,2.94575],[-75.04378,2.95098],[-75.04552,2.95047],[-75.04743,2.9488],[-75.04981,2.94875],[-75.0501,2.94477],[-75.05159,2.94416],[-75.05402,2.9451],[-75.05657,2.94533],[-75.05774,2.94629],[-75.06029,2.94652],[-75.06063,2.94888],[-75.06165,2.94866],[-75.06207,2.94926],[-75.06182,2.95061],[-75.0649,2.9513],[-75.06577,2.95268],[-75.06696,2.9518],[-75.06905,2.95172],[-75.07005,2.95034],[-75.07066,2.95071],[-75.07125,2.94967],[-75.07211,2.94998],[-75.07358,2.94841],[-75.07439,2.94911],[-75.0821,2.94185],[-75.08453,2.94224],[-75.08665,2.94087],[-75.08778,2.9421],[-75.08899,2.94074],[-75.0901,2.94134],[-75.09175,2.94055],[-75.09332,2.94123],[-75.09485,2.94091],[-75.09555,2.94207],[-75.09662,2.94075],[-75.09878,2.94134],[-75.10062,2.94252],[-75.1006,2.94567],[-75.10097,2.94628],[-75.10223,2.9465],[-75.10275,2.95013],[-75.10364,2.95115],[-75.10518,2.95578],[-75.10659,2.95761],[-75.10776,2.95797],[-75.10792,2.95947],[-75.11151,2.96166],[-75.10949,2.96272],[-75.10893,2.96405],[-75.10965,2.96511],[-75.10918,2.96744],[-75.11121,2.97183],[-75.1118,2.97691],[-75.11132,2.97835],[-75.11346,2.98151],[-75.11337,2.98395],[-75.11422,2.98533],[-75.11307,2.9861],[-75.11322,2.98837],[-75.11196,2.99082],[-75.11453,2.99232],[-75.11409,2.99364],[-75.11513,2.99538],[-75.11484,2.99611],[-75.11568,2.99738],[-75.11548,2.99806],[-75.11867,2.99747],[-75.12034,3.00011],[-75.12386,2.99894],[-75.12712,3.00028],[-75.1279,3.00184],[-75.12943,3.0008],[-75.13142,3.00227],[-75.13295,3.00119],[-75.1336,2.99995],[-75.13402,3.00025],[-75.13354,3.00137],[-75.13412,3.00215],[-75.13569,3.00205],[-75.13742,3],[-75.13758,3.00113],[-75.13983,3.00272],[-75.1408,3.00003],[-75.15079,3.00165],[-75.15157,3.00052],[-75.15322,3.00074],[-75.15537,2.99966],[-75.15671,3.00159],[-75.15961,2.99956],[-75.16203,2.99924],[-75.1629,2.99812],[-75.16276,2.99643],[-75.16438,2.99509],[-75.16754,2.99521],[-75.17055,2.99678],[-75.1771,2.99296],[-75.18208,2.99512],[-75.18739,3.00155],[-75.18987,3.00145],[-75.19083,3.00235],[-75.19279,3.00277],[-75.19373,3.00623],[-75.19515,3.00807],[-75.20489,3.01209],[-75.20697,3.01566],[-75.20825,3.02338],[-75.20991,3.0232],[-75.21163,3.02545],[-75.2151,3.02684],[-75.21613,3.02867],[-75.21889,3.02935],[-75.22007,3.03169],[-75.22259,3.03048],[-75.22359,3.03203],[-75.22443,3.03238],[-75.22482,3.03496],[-75.22567,3.03538],[-75.22709,3.035],[-75.22827,3.03748],[-75.23132,3.03675],[-75.2399,3.03777],[-75.24193,3.03692],[-75.24251,3.03455],[-75.24316,3.03433],[-75.24585,3.0385],[-75.24811,3.04074],[-75.24918,3.04126],[-75.25049,3.04003],[-75.25048,3.04151],[-75.24319,3.04704],[-75.24166,3.04903],[-75.23781,3.05202],[-75.23755,3.05824],[-75.23715,3.05824],[-75.23684,3.06009],[-75.23429,3.06318],[-75.23288,3.06399],[-75.23232,3.06575],[-75.23476,3.06588],[-75.23538,3.07226],[-75.23625,3.07346],[-75.23775,3.07396],[-75.23782,3.07466],[-75.24001,3.07566],[-75.24447,3.0763],[-75.2472,3.07578],[-75.25042,3.07723],[-75.25345,3.0827],[-75.25946,3.08826],[-75.26172,3.09156],[-75.26247,3.10134],[-75.26168,3.10241],[-75.25992,3.10326],[-75.25968,3.10573],[-75.26021,3.10895],[-75.25937,3.11344],[-75.25954,3.11499],[-75.2617,3.11889],[-75.26105,3.12019],[-75.25923,3.12038],[-75.25641,3.12406],[-75.25622,3.12494],[-75.25784,3.1269],[-75.26399,3.12805],[-75.26594,3.12864],[-75.26678,3.12973],[-75.26803,3.12975],[-75.26714,3.12568],[-75.26733,3.11971],[-75.26909,3.11612],[-75.26936,3.11307],[-75.26708,3.10706],[-75.27003,3.10796],[-75.27177,3.10945],[-75.27231,3.10813],[-75.27403,3.10802],[-75.27394,3.1055],[-75.27515,3.10539],[-75.27625,3.10419],[-75.27763,3.10484],[-75.2785,3.10429],[-75.27867,3.10157],[-75.27929,3.10044],[-75.27877,3.09918],[-75.27935,3.09318],[-75.28128,3.08789],[-75.28213,3.07823],[-75.2832,3.07309],[-75.29218,3.0661],[-75.29222,3.0623],[-75.29485,3.05815],[-75.29674,3.0578],[-75.29758,3.05971],[-75.29953,3.06171],[-75.30312,3.06005],[-75.30508,3.06035],[-75.3053,3.06157],[-75.30731,3.06303],[-75.30719,3.06175],[-75.30801,3.0597],[-75.31059,3.06081],[-75.31143,3.06206],[-75.31246,3.06173],[-75.31376,3.06489],[-75.31396,3.0682],[-75.31549,3.06981],[-75.31642,3.06953],[-75.31781,3.07028],[-75.31951,3.07027],[-75.32011,3.07118],[-75.32245,3.07084],[-75.32334,3.07143],[-75.3242,3.07065],[-75.32533,3.07137],[-75.32723,3.07092],[-75.32748,3.0703],[-75.32868,3.07036],[-75.32892,3.0698],[-75.33098,3.07017],[-75.3322,3.07101],[-75.33377,3.07035],[-75.33449,3.07119],[-75.33632,3.07098],[-75.33705,3.07191],[-75.33884,3.07167],[-75.3383,3.07353],[-75.34147,3.07699],[-75.34028,3.0828],[-75.34092,3.08512],[-75.34068,3.09085],[-75.34244,3.09097],[-75.34345,3.08894],[-75.34457,3.08815],[-75.34554,3.08816],[-75.34613,3.08911],[-75.34431,3.09668],[-75.34449,3.09812],[-75.34661,3.09824],[-75.35029,3.09657],[-75.35183,3.09865],[-75.35266,3.09898],[-75.35401,3.09785],[-75.35595,3.09755],[-75.35531,3.09629],[-75.35565,3.09537],[-75.357,3.09594],[-75.3571,3.09438],[-75.35851,3.09431],[-75.36114,3.09263],[-75.36548,3.09658],[-75.36424,3.10509],[-75.36534,3.10699],[-75.3678,3.10887],[-75.37039,3.11316],[-75.3719,3.11151],[-75.37522,3.11017],[-75.37963,3.11172],[-75.38143,3.11408],[-75.38684,3.11359],[-75.38829,3.11397],[-75.39024,3.11765],[-75.39258,3.11779],[-75.39307,3.11843],[-75.39544,3.11884],[-75.39705,3.11987],[-75.39723,3.11705],[-75.39777,3.11609],[-75.4019,3.11595],[-75.40357,3.11499],[-75.40471,3.11544],[-75.40517,3.11511],[-75.4057,3.11182],[-75.40686,3.11155],[-75.40804,3.11212],[-75.4092,3.11376],[-75.40949,3.11573],[-75.40405,3.12642],[-75.40345,3.13208],[-75.4037,3.13284],[-75.40485,3.13303],[-75.40599,3.13454],[-75.40763,3.13434],[-75.40921,3.13591],[-75.41302,3.13705],[-75.4122,3.13992],[-75.41075,3.14075],[-75.41091,3.14193],[-75.40942,3.14264],[-75.40909,3.14337],[-75.40983,3.14592],[-75.40975,3.14928],[-75.40667,3.15395],[-75.40549,3.16056],[-75.39866,3.17575],[-75.39818,3.17903],[-75.39499,3.18671],[-75.39359,3.19341],[-75.39042,3.19943],[-75.39008,3.2029],[-75.38646,3.20772],[-75.38375,3.21567],[-75.3798,3.21967],[-75.37973,3.22171],[-75.37899,3.22332],[-75.37554,3.2275],[-75.37348,3.23184],[-75.37136,3.23485],[-75.36935,3.23332],[-75.36768,3.23371],[-75.36321,3.24031],[-75.36163,3.24482],[-75.35939,3.24625],[-75.35672,3.25068],[-75.35371,3.25382],[-75.3426,3.26314],[-75.33742,3.27173],[-75.33722,3.27402],[-75.33875,3.27505],[-75.33953,3.2771],[-75.34127,3.27846],[-75.34507,3.27944],[-75.34734,3.28116],[-75.35274,3.28203],[-75.35429,3.28283],[-75.35464,3.2836]]]},"properties":{"OBJECTID":198,"MpCodigo":"41001","MpNombre":"Neiva","Depto":"Huila","MpCategor":1,"MpNorma":null,"MpArea":1269.143133620137,"MpAltitud":442}},{"type":"Feature","id":95,"geometry":{"type":"Polygon","coordinates":[[[-75.83728,1.74023],[-75.83841,1.74145],[-75.83802,1.74367],[-75.83859,1.74581],[-75.83834,1.74748],[-75.84054,1.75053],[-75.84185,1.75176],[-75.84314,1.75186],[-75.84415,1.75312],[-75.84413,1.75734],[-75.84562,1.75897],[-75.84575,1.76087],[-75.84665,1.76204],[-75.84656,1.76308],[-75.84584,1.76376],[-75.84691,1.76548],[-75.84687,1.76951],[-75.84803,1.77222],[-75.84893,1.7724],[-75.84961,1.77344],[-75.84896,1.77753],[-75.85015,1.77909],[-75.85249,1.78015],[-75.85342,1.7823],[-75.8545,1.78294],[-75.8546,1.78529],[-75.85648,1.78734],[-75.85648,1.78871],[-75.85563,1.78937],[-75.85679,1.79208],[-75.85634,1.79249],[-75.85651,1.79496],[-75.85739,1.7961],[-75.85681,1.79853],[-75.8574,1.80295],[-75.86141,1.80509],[-75.86281,1.80858],[-75.86624,1.81181],[-75.86679,1.81358],[-75.86778,1.81427],[-75.86865,1.81719],[-75.87125,1.81884],[-75.87331,1.82185],[-75.87183,1.82345],[-75.87102,1.82777],[-75.87015,1.82919],[-75.87049,1.83085],[-75.87102,1.83094],[-75.8708,1.83461],[-75.87562,1.83971],[-75.87599,1.84158],[-75.87806,1.84391],[-75.87719,1.8469],[-75.87765,1.84763],[-75.88041,1.84779],[-75.88128,1.85035],[-75.8826,1.85165],[-75.88757,1.85223],[-75.89402,1.8508],[-75.90015,1.85243],[-75.90277,1.85372],[-75.90549,1.85429],[-75.90919,1.85422],[-75.91046,1.8552],[-75.91167,1.85888],[-75.91262,1.85935],[-75.9157,1.85854],[-75.91694,1.85644],[-75.91716,1.8547],[-75.918,1.85384],[-75.92214,1.85346],[-75.92536,1.85244],[-75.93114,1.84933],[-75.93563,1.84525],[-75.9402,1.84702],[-75.94175,1.84849],[-75.9488,1.85093],[-75.94936,1.85417],[-75.95088,1.85677],[-75.96143,1.85544],[-75.96247,1.85439],[-75.96224,1.85191],[-75.9634,1.84763],[-75.96686,1.84562],[-75.96805,1.84422],[-75.97012,1.84343],[-75.97112,1.84358],[-75.97216,1.84238],[-75.97575,1.8438],[-75.97728,1.84365],[-75.97832,1.84325],[-75.97882,1.84199],[-75.98023,1.84084],[-75.98071,1.83849],[-75.98173,1.83808],[-75.98192,1.837],[-75.98121,1.83335],[-75.98151,1.83251],[-75.98043,1.83039],[-75.98117,1.82807],[-75.98259,1.82689],[-75.98242,1.82622],[-75.98499,1.82321],[-75.98418,1.82],[-75.98518,1.81921],[-75.98704,1.81967],[-75.98865,1.81815],[-75.99043,1.81845],[-75.99343,1.81725],[-75.99474,1.81395],[-75.99361,1.81159],[-75.9946,1.80769],[-75.99398,1.80462],[-75.99681,1.8006],[-75.99907,1.79852],[-76.00087,1.79814],[-76.0062,1.79408],[-76.0066,1.79126],[-76.01018,1.789],[-76.01184,1.78575],[-76.01393,1.7838],[-76.01328,1.78205],[-76.01154,1.77998],[-76.00974,1.77401],[-76.00797,1.77218],[-76.00793,1.76713],[-76.0091,1.76458],[-76.01023,1.76392],[-76.01353,1.76],[-76.01539,1.75677],[-76.01986,1.75261],[-76.02351,1.75139],[-76.02462,1.74987],[-76.02504,1.74686],[-76.02641,1.74331],[-76.02876,1.74161],[-76.03405,1.74278],[-76.0363,1.74393],[-76.03938,1.74199],[-76.04221,1.74334],[-76.04637,1.73913],[-76.05062,1.73676],[-76.05324,1.73623],[-76.05441,1.73544],[-76.05578,1.73588],[-76.05779,1.73798],[-76.06168,1.73445],[-76.06107,1.73233],[-76.0623,1.73008],[-76.06224,1.72921],[-76.0644,1.72785],[-76.07258,1.72464],[-76.07778,1.72348],[-76.07841,1.72273],[-76.08165,1.72195],[-76.08596,1.71989],[-76.09171,1.71933],[-76.0936,1.71822],[-76.09696,1.71767],[-76.09931,1.71639],[-76.10375,1.71107],[-76.10466,1.70737],[-76.10835,1.70285],[-76.10749,1.70031],[-76.10823,1.69794],[-76.10932,1.69654],[-76.11495,1.69425],[-76.11596,1.69276],[-76.11598,1.68948],[-76.11276,1.68448],[-76.11328,1.68294],[-76.11132,1.67968],[-76.10726,1.67668],[-76.10563,1.67679],[-76.10402,1.67798],[-76.10294,1.67691],[-76.10385,1.6757],[-76.10448,1.67221],[-76.10716,1.67101],[-76.10786,1.6699],[-76.10828,1.66517],[-76.11032,1.65914],[-76.11078,1.65463],[-76.1125,1.65385],[-76.11676,1.65365],[-76.12412,1.65138],[-76.12527,1.65051],[-76.11733,1.64917],[-76.11478,1.64822],[-76.11268,1.64889],[-76.11063,1.64703],[-76.10934,1.64688],[-76.10846,1.64569],[-76.10711,1.64545],[-76.10611,1.64456],[-76.10318,1.64408],[-76.10106,1.64187],[-76.10099,1.64117],[-76.10507,1.63982],[-76.1065,1.63791],[-76.10697,1.63583],[-76.11165,1.63282],[-76.11414,1.63265],[-76.1168,1.631],[-76.11916,1.63083],[-76.11971,1.62926],[-76.12187,1.62785],[-76.12125,1.62592],[-76.12184,1.62401],[-76.1213,1.62333],[-76.12176,1.62178],[-76.12504,1.61795],[-76.12993,1.61502],[-76.13164,1.61572],[-76.13274,1.61435],[-76.13481,1.61348],[-76.13618,1.612],[-76.13876,1.61139],[-76.13903,1.61003],[-76.14046,1.60835],[-76.14044,1.60715],[-76.14366,1.60318],[-76.14374,1.60207],[-76.1425,1.60086],[-76.14264,1.60014],[-76.14421,1.59931],[-76.14563,1.60034],[-76.14863,1.60104],[-76.15043,1.599],[-76.15203,1.60022],[-76.15288,1.60001],[-76.15327,1.59893],[-76.15461,1.59793],[-76.15656,1.59772],[-76.15714,1.5968],[-76.15871,1.59631],[-76.16208,1.59312],[-76.16506,1.59189],[-76.16703,1.5892],[-76.16975,1.58798],[-76.16541,1.58743],[-76.16257,1.5853],[-76.15987,1.58546],[-76.158,1.58494],[-76.156,1.58354],[-76.15284,1.58301],[-76.15156,1.58231],[-76.14507,1.57533],[-76.14412,1.57481],[-76.14084,1.57546],[-76.1373,1.5747],[-76.1312,1.56997],[-76.12438,1.56607],[-76.1237,1.5649],[-76.12334,1.5575],[-76.11991,1.55213],[-76.11731,1.55347],[-76.11367,1.55709],[-76.10969,1.55814],[-76.10667,1.56039],[-76.1027,1.56171],[-76.09792,1.56507],[-76.09312,1.56657],[-76.09032,1.5682],[-76.08909,1.56993],[-76.08889,1.57404],[-76.08745,1.57715],[-76.08614,1.57795],[-76.08262,1.57721],[-76.08097,1.57754],[-76.07742,1.58065],[-76.0762,1.58081],[-76.07458,1.58483],[-76.06839,1.5846],[-76.06515,1.58573],[-76.06238,1.58239],[-76.05977,1.58197],[-76.05562,1.58034],[-76.04635,1.58434],[-76.04013,1.58161],[-76.03438,1.58277],[-76.03052,1.5873],[-76.02352,1.59085],[-76.02262,1.59325],[-76.02014,1.59694],[-76.0165,1.60013],[-76.01555,1.60367],[-76.01258,1.60537],[-76.01117,1.60957],[-76.00901,1.61122],[-76.00603,1.61475],[-75.9999,1.61583],[-75.9953,1.61457],[-75.99406,1.61475],[-75.98916,1.61957],[-75.98343,1.62133],[-75.98085,1.62436],[-75.98047,1.62726],[-75.98153,1.62882],[-75.98128,1.63149],[-75.98001,1.63781],[-75.97753,1.64236],[-75.97847,1.64826],[-75.97979,1.6507],[-75.98188,1.65266],[-75.98021,1.65555],[-75.97999,1.65759],[-75.97817,1.65869],[-75.97598,1.65906],[-75.97377,1.66082],[-75.97247,1.66112],[-75.96311,1.65908],[-75.96001,1.66118],[-75.95454,1.66273],[-75.95265,1.6638],[-75.95199,1.66495],[-75.95247,1.66802],[-75.95186,1.67027],[-75.95075,1.67062],[-75.9496,1.67211],[-75.94479,1.67342],[-75.94275,1.67538],[-75.93868,1.68238],[-75.93829,1.68672],[-75.93583,1.68799],[-75.9352,1.69107],[-75.9337,1.69296],[-75.93081,1.69493],[-75.92717,1.69466],[-75.92351,1.69635],[-75.92119,1.69945],[-75.92117,1.70306],[-75.92065,1.70421],[-75.91224,1.71196],[-75.90366,1.71676],[-75.89995,1.7171],[-75.89163,1.71691],[-75.88334,1.7133],[-75.87941,1.71419],[-75.87334,1.71425],[-75.87051,1.71665],[-75.86786,1.71676],[-75.86501,1.71886],[-75.8621,1.71944],[-75.85823,1.72348],[-75.85349,1.72565],[-75.84951,1.72385],[-75.84733,1.72217],[-75.84402,1.72265],[-75.84175,1.72401],[-75.8407,1.7253],[-75.84165,1.72672],[-75.84164,1.72815],[-75.83973,1.73117],[-75.83936,1.73507],[-75.83801,1.73693],[-75.83736,1.73995],[-75.83728,1.74023]]]},"properties":{"OBJECTID":95,"MpCodigo":"41006","MpNombre":"Acevedo","Depto":"Huila","MpCategor":1,"MpNorma":null,"MpArea":521.8067722664936,"MpAltitud":1563}},{"type":"Feature","id":136,"geometry":{"type":"Polygon","coordinates":[[[-75.78055,2.3639],[-75.78662,2.36149],[-75.78581,2.35911],[-75.78658,2.35778],[-75.78658,2.35429],[-75.78557,2.35335],[-75.78529,2.34942],[-75.78593,2.34853],[-75.78524,2.34756],[-75.78606,2.34581],[-75.78609,2.34353],[-75.78763,2.34054],[-75.78786,2.33828],[-75.78623,2.33575],[-75.78595,2.33428],[-75.78505,2.33419],[-75.7837,2.33279],[-75.78343,2.33132],[-75.78149,2.33029],[-75.78169,2.32977],[-75.78365,2.32944],[-75.78372,2.32861],[-75.78354,2.3268],[-75.78166,2.32635],[-75.78434,2.32423],[-75.78856,2.31963],[-75.79138,2.31838],[-75.79222,2.31701],[-75.7964,2.31646],[-75.79853,2.31265],[-75.79456,2.30849],[-75.79409,2.30562],[-75.79125,2.30299],[-75.78784,2.29828],[-75.78627,2.29766],[-75.78145,2.2843],[-75.78101,2.28203],[-75.78163,2.28145],[-75.7818,2.2798],[-75.78043,2.27408],[-75.78249,2.26902],[-75.7845,2.2661],[-75.78249,2.26395],[-75.78287,2.26233],[-75.78223,2.26067],[-75.78155,2.25229],[-75.78324,2.24945],[-75.78284,2.24449],[-75.7794,2.23519],[-75.7621,2.23757],[-75.76058,2.23865],[-75.7582,2.23843],[-75.75535,2.23958],[-75.7505,2.23905],[-75.74884,2.23952],[-75.74129,2.2382],[-75.73964,2.2366],[-75.73849,2.23724],[-75.73585,2.2366],[-75.73281,2.23284],[-75.73272,2.23153],[-75.73304,2.23055],[-75.73426,2.23018],[-75.73513,2.22895],[-75.73587,2.22913],[-75.73625,2.22815],[-75.73785,2.22861],[-75.74044,2.22727],[-75.74144,2.2274],[-75.74213,2.22572],[-75.74512,2.22619],[-75.74639,2.22549],[-75.74685,2.22408],[-75.74818,2.22367],[-75.74999,2.22522],[-75.7516,2.22515],[-75.7531,2.22614],[-75.75393,2.22596],[-75.75575,2.22802],[-75.75913,2.22784],[-75.76255,2.2259],[-75.76445,2.22566],[-75.76497,2.22501],[-75.76579,2.22572],[-75.77783,2.2258],[-75.78158,2.22833],[-75.78381,2.22833],[-75.78686,2.22603],[-75.78992,2.22724],[-75.78959,2.22534],[-75.78769,2.22263],[-75.78705,2.2196],[-75.78638,2.21851],[-75.78518,2.21859],[-75.78401,2.21696],[-75.78108,2.21746],[-75.7795,2.21577],[-75.77612,2.21547],[-75.77476,2.21598],[-75.77296,2.21549],[-75.77238,2.21327],[-75.76924,2.21128],[-75.76807,2.20558],[-75.76623,2.20487],[-75.76629,2.20325],[-75.76493,2.2007],[-75.76025,2.19827],[-75.7567,2.19716],[-75.75512,2.19547],[-75.75561,2.19325],[-75.7548,2.19197],[-75.75288,2.19128],[-75.75057,2.19126],[-75.74957,2.18974],[-75.74495,2.18778],[-75.74318,2.1853],[-75.74136,2.18481],[-75.73942,2.18329],[-75.73356,2.17013],[-75.73258,2.16594],[-75.72959,2.16319],[-75.72748,2.16267],[-75.72268,2.16587],[-75.71825,2.16473],[-75.7124,2.16544],[-75.70924,2.16434],[-75.70507,2.16545],[-75.70292,2.16484],[-75.69953,2.16259],[-75.69205,2.17003],[-75.68914,2.16967],[-75.68639,2.16799],[-75.68466,2.16924],[-75.68291,2.17196],[-75.67531,2.17262],[-75.67488,2.17394],[-75.67576,2.17482],[-75.67193,2.18133],[-75.66961,2.18176],[-75.66598,2.17944],[-75.66374,2.18178],[-75.66033,2.19062],[-75.66196,2.19337],[-75.6626,2.19879],[-75.66545,2.19951],[-75.66679,2.19877],[-75.66785,2.19696],[-75.66938,2.19676],[-75.67393,2.19802],[-75.67696,2.19976],[-75.67613,2.20293],[-75.66955,2.20988],[-75.6714,2.2157],[-75.67045,2.21709],[-75.66952,2.21745],[-75.66275,2.21417],[-75.65881,2.21543],[-75.65778,2.21662],[-75.65825,2.21802],[-75.65771,2.2216],[-75.65695,2.22229],[-75.65105,2.22392],[-75.6476,2.22593],[-75.64724,2.22683],[-75.64794,2.22848],[-75.64788,2.23224],[-75.64936,2.24353],[-75.65086,2.24762],[-75.6503,2.24892],[-75.64883,2.25025],[-75.64818,2.25232],[-75.64838,2.25723],[-75.64631,2.25974],[-75.64388,2.26085],[-75.64225,2.26336],[-75.6439,2.26458],[-75.6484,2.26414],[-75.65215,2.26706],[-75.64743,2.27521],[-75.63972,2.28042],[-75.63688,2.2816],[-75.63558,2.28531],[-75.63596,2.28691],[-75.63724,2.2875],[-75.63907,2.28717],[-75.6428,2.28451],[-75.64381,2.28524],[-75.64518,2.289],[-75.6436,2.29079],[-75.64212,2.29428],[-75.64282,2.29589],[-75.64735,2.29695],[-75.649,2.29828],[-75.65037,2.3],[-75.65069,2.30136],[-75.6479,2.30711],[-75.64785,2.30908],[-75.64659,2.31089],[-75.64602,2.31319],[-75.64008,2.31525],[-75.63989,2.31612],[-75.64182,2.31777],[-75.64554,2.32405],[-75.6461,2.32661],[-75.64534,2.32791],[-75.64341,2.3292],[-75.64036,2.33006],[-75.6395,2.33116],[-75.64002,2.33523],[-75.64251,2.33741],[-75.64431,2.33778],[-75.64658,2.34044],[-75.64998,2.33952],[-75.65178,2.33838],[-75.65449,2.33884],[-75.65912,2.34199],[-75.66172,2.34191],[-75.66519,2.34889],[-75.66448,2.35208],[-75.66603,2.3557],[-75.66648,2.35494],[-75.66857,2.35422],[-75.66988,2.35297],[-75.67088,2.35314],[-75.67465,2.34994],[-75.67611,2.34954],[-75.67729,2.34989],[-75.67819,2.3485],[-75.67976,2.34805],[-75.6813,2.34643],[-75.68175,2.34474],[-75.68076,2.34332],[-75.68227,2.33821],[-75.68171,2.33521],[-75.68075,2.33391],[-75.68027,2.33026],[-75.68169,2.32896],[-75.682,2.32753],[-75.68415,2.3254],[-75.68488,2.32731],[-75.6884,2.33044],[-75.68812,2.33211],[-75.68935,2.33352],[-75.69258,2.33208],[-75.69385,2.33063],[-75.6965,2.3334],[-75.69714,2.33331],[-75.6992,2.33692],[-75.7043,2.34123],[-75.70385,2.34308],[-75.70508,2.34399],[-75.70546,2.34518],[-75.70821,2.34618],[-75.70893,2.34706],[-75.70986,2.34687],[-75.71229,2.34908],[-75.71475,2.35038],[-75.71695,2.35348],[-75.71931,2.35552],[-75.72059,2.35909],[-75.72196,2.35991],[-75.72451,2.36075],[-75.72789,2.36004],[-75.73173,2.36016],[-75.73205,2.35853],[-75.7333,2.35767],[-75.73302,2.35659],[-75.73494,2.35652],[-75.73578,2.3575],[-75.7401,2.35769],[-75.74108,2.35849],[-75.74385,2.35835],[-75.74472,2.35921],[-75.74586,2.35905],[-75.74853,2.36208],[-75.7479,2.36284],[-75.74819,2.36323],[-75.74931,2.36269],[-75.75154,2.36269],[-75.75085,2.36101],[-75.75127,2.36168],[-75.75547,2.36225],[-75.75636,2.36194],[-75.75717,2.36222],[-75.75759,2.36329],[-75.76107,2.36015],[-75.76309,2.35743],[-75.7653,2.35692],[-75.76859,2.35837],[-75.77228,2.36313],[-75.78025,2.36387],[-75.78055,2.3639]]]},"properties":{"OBJECTID":136,"MpCodigo":"41013","MpNombre":"Agrado","Depto":"Huila","MpCategor":1,"MpNorma":null,"MpArea":273.68701987312016,"MpAltitud":838}},{"type":"Feature","id":205,"geometry":{"type":"Polygon","coordinates":[[[-75.31851,3.4195],[-75.32125,3.41824],[-75.3215,3.4165],[-75.32238,3.41617],[-75.32298,3.41472],[-75.32326,3.41086],[-75.32249,3.40968],[-75.32116,3.40895],[-75.32177,3.40804],[-75.32388,3.40767],[-75.32662,3.40373],[-75.32854,3.40365],[-75.32962,3.40175],[-75.33273,3.40094],[-75.33505,3.39952],[-75.33898,3.40014],[-75.34029,3.39797],[-75.34151,3.39837],[-75.33972,3.40205],[-75.34104,3.40381],[-75.34138,3.40537],[-75.34335,3.40533],[-75.34399,3.40407],[-75.34551,3.40516],[-75.34822,3.40481],[-75.35034,3.40273],[-75.35144,3.40257],[-75.35324,3.40313],[-75.35623,3.40291],[-75.35682,3.40434],[-75.35845,3.40514],[-75.35664,3.40616],[-75.35688,3.40786],[-75.35833,3.40859],[-75.35943,3.40774],[-75.36029,3.40915],[-75.36241,3.40826],[-75.36368,3.40588],[-75.36482,3.40719],[-75.36646,3.40658],[-75.36915,3.40447],[-75.37119,3.40058],[-75.37021,3.39823],[-75.37053,3.39626],[-75.37289,3.3962],[-75.37367,3.39514],[-75.37282,3.3933],[-75.37274,3.3902],[-75.37101,3.38789],[-75.37337,3.38567],[-75.37297,3.3846],[-75.37516,3.38412],[-75.37722,3.38194],[-75.37764,3.37746],[-75.37506,3.37515],[-75.37683,3.37471],[-75.38041,3.37542],[-75.38469,3.37544],[-75.38539,3.37503],[-75.3882,3.37674],[-75.38986,3.37569],[-75.39281,3.37692],[-75.39622,3.37738],[-75.39941,3.37541],[-75.4003,3.37424],[-75.40147,3.37404],[-75.40201,3.37232],[-75.40349,3.37091],[-75.40669,3.36945],[-75.40728,3.36938],[-75.40849,3.37056],[-75.40903,3.36897],[-75.40967,3.36897],[-75.41071,3.37007],[-75.41212,3.36983],[-75.41285,3.37166],[-75.41497,3.37123],[-75.41634,3.37043],[-75.41661,3.36949],[-75.4164,3.36847],[-75.41512,3.36738],[-75.41709,3.36476],[-75.41902,3.36385],[-75.4186,3.36222],[-75.42245,3.36126],[-75.42355,3.3582],[-75.42545,3.35541],[-75.42665,3.35512],[-75.4261,3.3525],[-75.42976,3.35185],[-75.43241,3.34904],[-75.4347,3.34865],[-75.43606,3.34944],[-75.43727,3.3478],[-75.439,3.34811],[-75.44035,3.34525],[-75.44146,3.34588],[-75.44111,3.34715],[-75.44214,3.34917],[-75.44361,3.35492],[-75.44487,3.35684],[-75.44635,3.357],[-75.44968,3.35619],[-75.45139,3.35434],[-75.45538,3.35525],[-75.46287,3.35438],[-75.46366,3.35471],[-75.46487,3.35673],[-75.46572,3.35673],[-75.46688,3.35792],[-75.46904,3.35718],[-75.47028,3.35909],[-75.47114,3.35949],[-75.47386,3.35789],[-75.47594,3.36046],[-75.4788,3.36114],[-75.48122,3.35982],[-75.48201,3.35822],[-75.48094,3.35635],[-75.48218,3.35506],[-75.48142,3.35499],[-75.48081,3.35318],[-75.48505,3.34897],[-75.48576,3.34673],[-75.48654,3.34595],[-75.4864,3.34167],[-75.48703,3.33962],[-75.48666,3.33681],[-75.48605,3.33642],[-75.48628,3.33477],[-75.48546,3.33395],[-75.48599,3.33202],[-75.48888,3.32807],[-75.49066,3.32701],[-75.49013,3.32662],[-75.49042,3.32591],[-75.49222,3.32568],[-75.49218,3.32493],[-75.49366,3.32363],[-75.49648,3.32201],[-75.49761,3.32248],[-75.49854,3.3214],[-75.49938,3.32193],[-75.49995,3.32341],[-75.50139,3.32299],[-75.50221,3.32421],[-75.50325,3.32371],[-75.50804,3.32585],[-75.50896,3.32729],[-75.51109,3.32876],[-75.51147,3.32814],[-75.51217,3.32823],[-75.51225,3.32755],[-75.51393,3.32714],[-75.51489,3.32549],[-75.51618,3.32679],[-75.51696,3.32566],[-75.51771,3.32589],[-75.51932,3.32522],[-75.52193,3.32289],[-75.52319,3.32284],[-75.52508,3.32119],[-75.5276,3.31756],[-75.52418,3.31463],[-75.52276,3.31249],[-75.52322,3.31092],[-75.522,3.30687],[-75.52195,3.30123],[-75.52474,3.29712],[-75.52818,3.29408],[-75.53067,3.29281],[-75.53144,3.29102],[-75.53029,3.28643],[-75.53228,3.28505],[-75.53737,3.2797],[-75.54248,3.27598],[-75.54364,3.2729],[-75.54546,3.27052],[-75.54617,3.26536],[-75.54979,3.25708],[-75.55434,3.25609],[-75.55863,3.25066],[-75.5588,3.24886],[-75.56104,3.24808],[-75.5659,3.2429],[-75.56932,3.24083],[-75.56998,3.23811],[-75.57167,3.23528],[-75.5721,3.23192],[-75.57592,3.22841],[-75.5775,3.22141],[-75.57583,3.22088],[-75.57265,3.21803],[-75.57307,3.21374],[-75.57153,3.21072],[-75.57364,3.20934],[-75.57586,3.20627],[-75.57521,3.20558],[-75.57429,3.20204],[-75.57255,3.20066],[-75.57636,3.19773],[-75.57801,3.19419],[-75.57654,3.18975],[-75.57748,3.18568],[-75.57883,3.18366],[-75.58292,3.18048],[-75.58322,3.17865],[-75.58499,3.17681],[-75.58478,3.17498],[-75.58223,3.17125],[-75.58225,3.16884],[-75.58594,3.16351],[-75.58694,3.15862],[-75.58851,3.15582],[-75.5848,3.15015],[-75.5818,3.15288],[-75.5807,3.15459],[-75.57913,3.15552],[-75.57827,3.15749],[-75.5762,3.15933],[-75.57435,3.16416],[-75.57304,3.16501],[-75.57094,3.17149],[-75.57137,3.17624],[-75.57056,3.18024],[-75.56852,3.18362],[-75.56866,3.18462],[-75.56773,3.18612],[-75.56804,3.1879],[-75.56592,3.19216],[-75.56597,3.19347],[-75.56502,3.1943],[-75.56473,3.19597],[-75.56255,3.19933],[-75.56307,3.20049],[-75.56274,3.20197],[-75.56134,3.2028],[-75.56034,3.20434],[-75.55819,3.20373],[-75.55793,3.20487],[-75.55732,3.20448],[-75.55652,3.20572],[-75.55649,3.20719],[-75.55387,3.20828],[-75.55332,3.21004],[-75.55168,3.21073],[-75.55221,3.21155],[-75.55087,3.21181],[-75.55137,3.21268],[-75.54959,3.21274],[-75.54951,3.21408],[-75.54822,3.21509],[-75.54669,3.2151],[-75.54509,3.21649],[-75.54508,3.21713],[-75.54332,3.2176],[-75.54309,3.21856],[-75.54196,3.21865],[-75.54094,3.21957],[-75.54102,3.22069],[-75.53999,3.22148],[-75.53917,3.22125],[-75.53873,3.22312],[-75.53776,3.22289],[-75.53696,3.22395],[-75.53418,3.22495],[-75.53402,3.2275],[-75.53032,3.23222],[-75.5292,3.23219],[-75.52859,3.23282],[-75.52784,3.23252],[-75.52626,3.23352],[-75.52541,3.23161],[-75.52298,3.23226],[-75.52175,3.23048],[-75.51892,3.22879],[-75.51921,3.22991],[-75.51774,3.2312],[-75.51172,3.2309],[-75.51122,3.23047],[-75.51143,3.22916],[-75.51079,3.22883],[-75.50895,3.22926],[-75.50927,3.2301],[-75.50886,3.23125],[-75.50799,3.22892],[-75.50649,3.22832],[-75.50618,3.22924],[-75.50559,3.2294],[-75.50404,3.22898],[-75.50319,3.2281],[-75.50058,3.22829],[-75.49883,3.22913],[-75.49836,3.23066],[-75.49737,3.23011],[-75.49583,3.23051],[-75.49501,3.22917],[-75.4934,3.22943],[-75.49219,3.22899],[-75.49128,3.22978],[-75.48801,3.23021],[-75.48634,3.22976],[-75.48519,3.23034],[-75.48377,3.23314],[-75.48405,3.23643],[-75.48178,3.2364],[-75.48053,3.24005],[-75.48156,3.24178],[-75.47992,3.24303],[-75.47986,3.2442],[-75.47819,3.24695],[-75.47727,3.24813],[-75.47302,3.24987],[-75.47026,3.24906],[-75.4693,3.24934],[-75.46713,3.24663],[-75.46633,3.24384],[-75.46447,3.24168],[-75.4635,3.24101],[-75.46192,3.24092],[-75.46076,3.24293],[-75.45817,3.24389],[-75.45716,3.24621],[-75.45515,3.24594],[-75.45387,3.24686],[-75.45356,3.24879],[-75.45145,3.24886],[-75.44993,3.2499],[-75.44833,3.24949],[-75.44672,3.24806],[-75.44512,3.24797],[-75.44539,3.2464],[-75.44487,3.24529],[-75.44316,3.24453],[-75.44075,3.24434],[-75.43932,3.24232],[-75.43732,3.2438],[-75.43625,3.243],[-75.43458,3.24345],[-75.43448,3.24487],[-75.43126,3.24579],[-75.43067,3.24825],[-75.42866,3.24812],[-75.42616,3.24654],[-75.42438,3.24683],[-75.42373,3.24827],[-75.42196,3.24845],[-75.42099,3.25025],[-75.41895,3.25132],[-75.41622,3.25182],[-75.4113,3.24879],[-75.40562,3.25008],[-75.40516,3.25216],[-75.40353,3.25316],[-75.40169,3.25377],[-75.40055,3.25266],[-75.39956,3.25286],[-75.39854,3.25692],[-75.39382,3.25831],[-75.39061,3.25844],[-75.39027,3.25912],[-75.39228,3.26015],[-75.39227,3.26094],[-75.38932,3.26244],[-75.38671,3.26296],[-75.38721,3.26435],[-75.38702,3.26783],[-75.38474,3.26808],[-75.38176,3.27047],[-75.37886,3.27473],[-75.37717,3.2748],[-75.37566,3.27576],[-75.37179,3.27577],[-75.37058,3.27043],[-75.36929,3.26731],[-75.36689,3.26572],[-75.36527,3.26591],[-75.36303,3.26892],[-75.36261,3.27076],[-75.3631,3.27347],[-75.35892,3.27848],[-75.35951,3.27985],[-75.35898,3.28129],[-75.35686,3.28232],[-75.35561,3.28399],[-75.35503,3.28402],[-75.35429,3.28283],[-75.35274,3.28203],[-75.34734,3.28116],[-75.34507,3.27944],[-75.34127,3.27846],[-75.33953,3.2771],[-75.33875,3.27505],[-75.33722,3.27402],[-75.33742,3.27173],[-75.3426,3.26314],[-75.35371,3.25382],[-75.35672,3.25068],[-75.35939,3.24625],[-75.36163,3.24482],[-75.36321,3.24031],[-75.36768,3.23371],[-75.36935,3.23332],[-75.37136,3.23485],[-75.37348,3.23184],[-75.37554,3.2275],[-75.37899,3.22332],[-75.37973,3.22171],[-75.3798,3.21967],[-75.38375,3.21567],[-75.38646,3.20772],[-75.39008,3.2029],[-75.39042,3.19943],[-75.39359,3.19341],[-75.39499,3.18671],[-75.39818,3.17903],[-75.39866,3.17575],[-75.40549,3.16056],[-75.40667,3.15395],[-75.40975,3.14928],[-75.40983,3.14592],[-75.40909,3.14337],[-75.40942,3.14264],[-75.41091,3.14193],[-75.41075,3.14075],[-75.4122,3.13992],[-75.41302,3.13705],[-75.40921,3.13591],[-75.40763,3.13434],[-75.40599,3.13454],[-75.40485,3.13303],[-75.4037,3.13284],[-75.40337,3.13162],[-75.40405,3.12642],[-75.40949,3.11573],[-75.40944,3.11458],[-75.40804,3.11212],[-75.40602,3.11164],[-75.40498,3.11532],[-75.40357,3.11499],[-75.4019,3.11595],[-75.39777,3.11609],[-75.39723,3.11705],[-75.39705,3.11987],[-75.39544,3.11884],[-75.39307,3.11843],[-75.39258,3.11779],[-75.39024,3.11765],[-75.38829,3.11397],[-75.38684,3.11359],[-75.38143,3.11408],[-75.37963,3.11172],[-75.37522,3.11017],[-75.3719,3.11151],[-75.37039,3.11316],[-75.3678,3.10887],[-75.36534,3.10699],[-75.36424,3.10509],[-75.36548,3.09658],[-75.36114,3.09263],[-75.35851,3.09431],[-75.3571,3.09438],[-75.357,3.09594],[-75.35565,3.09537],[-75.35531,3.09629],[-75.35595,3.09755],[-75.35401,3.09785],[-75.35266,3.09898],[-75.35183,3.09865],[-75.35029,3.09657],[-75.34661,3.09824],[-75.34449,3.09812],[-75.34431,3.09668],[-75.34613,3.08911],[-75.34554,3.08816],[-75.34457,3.08815],[-75.34345,3.08894],[-75.34244,3.09097],[-75.34068,3.09085],[-75.34092,3.08512],[-75.34028,3.0828],[-75.34147,3.07699],[-75.3383,3.07353],[-75.33884,3.07167],[-75.33705,3.07191],[-75.33632,3.07098],[-75.33449,3.07119],[-75.33377,3.07035],[-75.3322,3.07101],[-75.33098,3.07017],[-75.32892,3.0698],[-75.32868,3.07036],[-75.32748,3.0703],[-75.32723,3.07092],[-75.32533,3.07137],[-75.3242,3.07065],[-75.32334,3.07143],[-75.32245,3.07084],[-75.32011,3.07118],[-75.31951,3.07027],[-75.31781,3.07028],[-75.31642,3.06953],[-75.31549,3.06981],[-75.31396,3.0682],[-75.31376,3.06489],[-75.31246,3.06173],[-75.31143,3.06206],[-75.31059,3.06081],[-75.30801,3.0597],[-75.30719,3.06175],[-75.30731,3.06303],[-75.3053,3.06157],[-75.30508,3.06035],[-75.30312,3.06005],[-75.29953,3.06171],[-75.29758,3.05971],[-75.29674,3.0578],[-75.29485,3.05815],[-75.29222,3.0623],[-75.29218,3.0661],[-75.2832,3.07309],[-75.28213,3.07823],[-75.28128,3.08789],[-75.27935,3.09318],[-75.27877,3.09918],[-75.27929,3.10044],[-75.27867,3.10157],[-75.2785,3.10429],[-75.27763,3.10484],[-75.27625,3.10419],[-75.27515,3.10539],[-75.27394,3.1055],[-75.27403,3.10802],[-75.27231,3.10813],[-75.27177,3.10945],[-75.26879,3.10735],[-75.26704,3.10717],[-75.26936,3.11307],[-75.26909,3.11612],[-75.26733,3.11971],[-75.26714,3.12568],[-75.26803,3.12975],[-75.26678,3.12973],[-75.2667,3.13217],[-75.2649,3.13783],[-75.2651,3.13884],[-75.26746,3.1406],[-75.26766,3.14326],[-75.26901,3.14625],[-75.27038,3.14796],[-75.27227,3.14865],[-75.2731,3.15338],[-75.27429,3.15472],[-75.27563,3.15879],[-75.27537,3.16141],[-75.27361,3.16442],[-75.26894,3.16617],[-75.26713,3.16793],[-75.26564,3.17245],[-75.26564,3.17503],[-75.26171,3.17854],[-75.25807,3.18643],[-75.25636,3.18822],[-75.25279,3.1895],[-75.24211,3.19662],[-75.23657,3.1974],[-75.22937,3.20153],[-75.23166,3.21004],[-75.23189,3.21324],[-75.23103,3.21832],[-75.23086,3.22386],[-75.22595,3.22464],[-75.22399,3.23022],[-75.224,3.2395],[-75.22612,3.24132],[-75.22625,3.2424],[-75.22577,3.24747],[-75.2248,3.24885],[-75.22691,3.25689],[-75.22961,3.25867],[-75.23199,3.26134],[-75.23272,3.26316],[-75.23264,3.26756],[-75.23307,3.26881],[-75.23203,3.27719],[-75.23242,3.27926],[-75.23332,3.28232],[-75.2351,3.28547],[-75.23941,3.29142],[-75.23948,3.29246],[-75.23737,3.29724],[-75.23964,3.30776],[-75.23912,3.31032],[-75.23737,3.31297],[-75.23562,3.31427],[-75.22528,3.31776],[-75.22297,3.3215],[-75.22259,3.32597],[-75.22063,3.32891],[-75.21934,3.32951],[-75.20445,3.33051],[-75.20382,3.33149],[-75.20362,3.33334],[-75.20445,3.33596],[-75.20629,3.33907],[-75.21047,3.3425],[-75.21542,3.34509],[-75.21659,3.34631],[-75.21704,3.35007],[-75.21687,3.35188],[-75.21611,3.35309],[-75.21507,3.35357],[-75.212,3.3529],[-75.20945,3.35116],[-75.20558,3.34591],[-75.20386,3.3449],[-75.20212,3.34483],[-75.20093,3.34621],[-75.19959,3.35036],[-75.18956,3.36365],[-75.18891,3.36703],[-75.18625,3.36875],[-75.18335,3.36899],[-75.17823,3.37323],[-75.17531,3.37427],[-75.17295,3.37595],[-75.17277,3.37833],[-75.1749,3.37731],[-75.17602,3.37769],[-75.17805,3.38031],[-75.18396,3.37961],[-75.18903,3.38092],[-75.19763,3.3843],[-75.19988,3.38455],[-75.20032,3.39549],[-75.20091,3.39636],[-75.20228,3.39656],[-75.20218,3.39858],[-75.20069,3.40196],[-75.19966,3.40624],[-75.20009,3.40911],[-75.20078,3.40958],[-75.20409,3.4092],[-75.20753,3.41015],[-75.21113,3.40765],[-75.21222,3.40891],[-75.21093,3.41117],[-75.21148,3.41244],[-75.21436,3.41309],[-75.2183,3.41312],[-75.22118,3.41205],[-75.22246,3.41223],[-75.22674,3.41586],[-75.24128,3.4043],[-75.24099,3.40105],[-75.2432,3.39801],[-75.24342,3.39654],[-75.2457,3.39543],[-75.24622,3.3945],[-75.24662,3.39137],[-75.24523,3.38972],[-75.24494,3.3879],[-75.24525,3.38188],[-75.2479,3.37935],[-75.24814,3.37785],[-75.24767,3.37665],[-75.25067,3.37513],[-75.24989,3.37177],[-75.25052,3.36727],[-75.25267,3.36572],[-75.25482,3.36895],[-75.25708,3.3703],[-75.25749,3.37193],[-75.2602,3.37232],[-75.26019,3.37328],[-75.25742,3.37462],[-75.25932,3.37676],[-75.2667,3.37874],[-75.26824,3.38211],[-75.27118,3.38377],[-75.2768,3.38255],[-75.27898,3.38493],[-75.28108,3.38606],[-75.28227,3.38866],[-75.28523,3.38927],[-75.28595,3.3902],[-75.28874,3.39105],[-75.29013,3.39193],[-75.29038,3.3932],[-75.29212,3.39321],[-75.29443,3.39541],[-75.29682,3.39579],[-75.29976,3.3989],[-75.30163,3.39917],[-75.30121,3.40291],[-75.30236,3.40442],[-75.30324,3.40435],[-75.304,3.40344],[-75.30591,3.40499],[-75.3083,3.40391],[-75.30789,3.40534],[-75.30876,3.40891],[-75.30993,3.40945],[-75.31053,3.41043],[-75.30928,3.41147],[-75.30917,3.41224],[-75.31169,3.41342],[-75.31258,3.41443],[-75.3168,3.41468],[-75.31833,3.41664],[-75.31829,3.41919],[-75.31851,3.4195]]]},"properties":{"OBJECTID":205,"MpCodigo":"41016","MpNombre":"Aipe","Depto":"Huila","MpCategor":1,"MpNorma":null,"MpArea":795.298557767732,"MpAltitud":391}},{"type":"Feature","id":162,"geometry":{"type":"Polygon","coordinates":[[[-75.15275,2.70824],[-75.15267,2.70885],[-75.15433,2.70828],[-75.15662,2.70495],[-75.15824,2.70421],[-75.15961,2.70387],[-75.1647,2.70604],[-75.17001,2.70473],[-75.17196,2.70331],[-75.17245,2.69691],[-75.17058,2.69412],[-75.1729,2.69116],[-75.17408,2.68757],[-75.17155,2.68379],[-75.17162,2.68252],[-75.17429,2.67753],[-75.18288,2.67409],[-75.18491,2.67217],[-75.1881,2.6672],[-75.18895,2.6667],[-75.19134,2.6663],[-75.19635,2.66311],[-75.20014,2.66289],[-75.20111,2.662],[-75.20204,2.65951],[-75.20218,2.65713],[-75.20311,2.65599],[-75.20315,2.65437],[-75.20419,2.65188],[-75.20703,2.65082],[-75.20949,2.65177],[-75.21381,2.65057],[-75.21771,2.64645],[-75.21706,2.6439],[-75.21761,2.64309],[-75.22174,2.64135],[-75.22332,2.64016],[-75.22327,2.63924],[-75.22463,2.63798],[-75.2301,2.6341],[-75.23473,2.63125],[-75.24228,2.63091],[-75.24395,2.62775],[-75.24469,2.62213],[-75.24749,2.62189],[-75.25577,2.61832],[-75.26112,2.61742],[-75.26234,2.61418],[-75.2616,2.61166],[-75.26203,2.61019],[-75.26289,2.61],[-75.26496,2.60766],[-75.2659,2.60703],[-75.27218,2.60616],[-75.27289,2.60511],[-75.27574,2.60456],[-75.27686,2.60275],[-75.28179,2.60001],[-75.28307,2.59814],[-75.28311,2.59683],[-75.28482,2.59495],[-75.28438,2.59219],[-75.28701,2.58941],[-75.28714,2.58823],[-75.2896,2.58786],[-75.29225,2.58632],[-75.29343,2.58345],[-75.29705,2.58129],[-75.2982,2.57888],[-75.30009,2.57742],[-75.29964,2.57446],[-75.29783,2.57299],[-75.2984,2.57149],[-75.29785,2.57011],[-75.29814,2.56897],[-75.29958,2.56944],[-75.30095,2.56876],[-75.30147,2.56772],[-75.30544,2.56742],[-75.30861,2.56492],[-75.30925,2.56361],[-75.31182,2.56293],[-75.31372,2.56109],[-75.31597,2.56141],[-75.31732,2.55995],[-75.31996,2.5586],[-75.32061,2.55687],[-75.32234,2.55569],[-75.32308,2.55446],[-75.32551,2.55313],[-75.3316,2.55364],[-75.33496,2.55481],[-75.33702,2.55234],[-75.34001,2.5518],[-75.34356,2.55231],[-75.34606,2.551],[-75.3445,2.54711],[-75.34435,2.54536],[-75.34607,2.54279],[-75.34513,2.54159],[-75.34739,2.54202],[-75.34799,2.54152],[-75.34774,2.5408],[-75.34945,2.54069],[-75.3502,2.53822],[-75.35176,2.53724],[-75.35153,2.53621],[-75.3534,2.53173],[-75.3534,2.53016],[-75.35624,2.52854],[-75.35855,2.52813],[-75.35958,2.52726],[-75.36006,2.5263],[-75.35971,2.52435],[-75.36031,2.5212],[-75.36211,2.51763],[-75.36388,2.51601],[-75.36499,2.5162],[-75.36622,2.51436],[-75.36823,2.51295],[-75.36985,2.51303],[-75.37877,2.50941],[-75.38097,2.50711],[-75.38289,2.50486],[-75.38258,2.50238],[-75.38438,2.49837],[-75.38765,2.49542],[-75.38992,2.49157],[-75.39102,2.49075],[-75.39143,2.48944],[-75.39318,2.48898],[-75.39324,2.48758],[-75.39422,2.4867],[-75.3953,2.48127],[-75.39869,2.47735],[-75.40179,2.47663],[-75.4055,2.47426],[-75.40683,2.4726],[-75.40761,2.47046],[-75.41043,2.46863],[-75.41173,2.46463],[-75.41137,2.46167],[-75.41649,2.45879],[-75.41657,2.45656],[-75.41737,2.45498],[-75.42159,2.45278],[-75.42541,2.45339],[-75.4279,2.45297],[-75.4289,2.45184],[-75.42851,2.44962],[-75.42961,2.44558],[-75.43135,2.44351],[-75.43393,2.44171],[-75.43385,2.43839],[-75.4317,2.4341],[-75.43151,2.43034],[-75.43422,2.42567],[-75.43515,2.42193],[-75.43887,2.41657],[-75.43833,2.41363],[-75.43956,2.4075],[-75.442,2.40313],[-75.44158,2.39964],[-75.4432,2.39671],[-75.44383,2.39422],[-75.4456,2.39273],[-75.44508,2.38561],[-75.43991,2.37891],[-75.43785,2.37301],[-75.43661,2.37183],[-75.43239,2.37072],[-75.43083,2.36841],[-75.42957,2.3645],[-75.42989,2.35945],[-75.42756,2.35498],[-75.4201,2.35201],[-75.4089,2.35187],[-75.40475,2.35085],[-75.40333,2.3497],[-75.4021,2.3482],[-75.40129,2.34569],[-75.40034,2.33788],[-75.39898,2.33598],[-75.39443,2.33306],[-75.39368,2.33156],[-75.39288,2.32597],[-75.38937,2.32008],[-75.38675,2.31687],[-75.38628,2.31458],[-75.38196,2.31627],[-75.37926,2.31829],[-75.37636,2.31901],[-75.37316,2.32488],[-75.37177,2.32605],[-75.36979,2.32658],[-75.36548,2.32645],[-75.36311,2.32453],[-75.36305,2.32331],[-75.36189,2.32161],[-75.35878,2.32002],[-75.35713,2.32009],[-75.35546,2.3212],[-75.35302,2.32155],[-75.34809,2.32378],[-75.34342,2.33068],[-75.3413,2.33893],[-75.33763,2.34552],[-75.33709,2.34906],[-75.33455,2.35476],[-75.3337,2.35838],[-75.32962,2.36531],[-75.32839,2.36592],[-75.32554,2.36492],[-75.31914,2.36124],[-75.31785,2.35915],[-75.31638,2.35884],[-75.31015,2.36161],[-75.30672,2.3671],[-75.30607,2.36939],[-75.30387,2.37123],[-75.30165,2.37886],[-75.3011,2.3795],[-75.29614,2.38071],[-75.29437,2.38209],[-75.29267,2.38402],[-75.28982,2.38917],[-75.28628,2.39641],[-75.2879,2.40295],[-75.28774,2.40465],[-75.28674,2.40657],[-75.28713,2.40973],[-75.28628,2.41165],[-75.28097,2.41827],[-75.27954,2.42271],[-75.27788,2.42422],[-75.27614,2.4247],[-75.27196,2.42246],[-75.27054,2.42246],[-75.26871,2.42516],[-75.268,2.43049],[-75.26293,2.43406],[-75.2604,2.43851],[-75.25953,2.44113],[-75.25502,2.44223],[-75.25059,2.44445],[-75.25035,2.44684],[-75.25232,2.44931],[-75.25342,2.45193],[-75.25334,2.45296],[-75.24788,2.45788],[-75.24582,2.46225],[-75.24202,2.46694],[-75.23696,2.47178],[-75.2311,2.48091],[-75.23038,2.48632],[-75.22657,2.49561],[-75.22728,2.50022],[-75.22569,2.50253],[-75.2264,2.50547],[-75.2279,2.50658],[-75.2271,2.51167],[-75.22631,2.51191],[-75.22157,2.51071],[-75.2128,2.51062],[-75.20703,2.50854],[-75.20569,2.50854],[-75.203,2.50957],[-75.20118,2.51132],[-75.19446,2.51194],[-75.18909,2.50947],[-75.18435,2.50636],[-75.18111,2.50707],[-75.17858,2.51104],[-75.17612,2.51676],[-75.17524,2.52066],[-75.17287,2.5228],[-75.17263,2.52383],[-75.17588,2.5256],[-75.17753,2.52726],[-75.18116,2.5283],[-75.18179,2.52989],[-75.18076,2.53243],[-75.17973,2.53426],[-75.17625,2.5364],[-75.17426,2.5418],[-75.17102,2.54609],[-75.17046,2.5507],[-75.16247,2.55633],[-75.16175,2.55736],[-75.16199,2.56141],[-75.15756,2.56363],[-75.15644,2.57086],[-75.15422,2.57372],[-75.15493,2.57738],[-75.15366,2.58199],[-75.15199,2.58326],[-75.14274,2.5877],[-75.13269,2.59515],[-75.13261,2.59595],[-75.13437,2.59905],[-75.13466,2.60142],[-75.13402,2.60485],[-75.13686,2.60708],[-75.13939,2.61106],[-75.14309,2.61536],[-75.14953,2.62074],[-75.149,2.62795],[-75.14981,2.62987],[-75.15016,2.63361],[-75.15286,2.63747],[-75.15502,2.64262],[-75.1556,2.64593],[-75.15352,2.65692],[-75.1477,2.66279],[-75.14139,2.66701],[-75.14028,2.6688],[-75.13959,2.67289],[-75.13788,2.67649],[-75.13703,2.68237],[-75.13373,2.68895],[-75.13317,2.69363],[-75.13835,2.69516],[-75.14328,2.69917],[-75.14929,2.7004],[-75.15111,2.70301],[-75.15409,2.70412],[-75.15379,2.70741],[-75.15275,2.70824]]]},"properties":{"OBJECTID":162,"MpCodigo":"41020","MpNombre":"Algeciras","Depto":"Huila","MpCategor":1,"MpNorma":"Ordenanza No. 41 de 1924","MpArea":589.4271625193848,"MpAltitud":1078}},{"type":"Feature","id":118,"geometry":{"type":"Polygon","coordinates":[[[-75.69131,2.16998],[-75.69312,2.16933],[-75.69637,2.16539],[-75.69953,2.16259],[-75.70292,2.16484],[-75.70507,2.16545],[-75.70924,2.16434],[-75.7124,2.16544],[-75.71825,2.16473],[-75.72268,2.16587],[-75.72748,2.16267],[-75.72915,2.16327],[-75.73129,2.1629],[-75.73349,2.16147],[-75.73549,2.15864],[-75.73927,2.15095],[-75.74114,2.1496],[-75.74275,2.14572],[-75.74309,2.14245],[-75.74217,2.13962],[-75.74149,2.13159],[-75.74052,2.12854],[-75.74329,2.12146],[-75.74541,2.12033],[-75.74696,2.11469],[-75.74811,2.11352],[-75.75304,2.11204],[-75.75576,2.11209],[-75.75749,2.1108],[-75.75882,2.11062],[-75.75961,2.10881],[-75.76237,2.10985],[-75.76377,2.10782],[-75.76534,2.10692],[-75.76731,2.10671],[-75.76958,2.10824],[-75.77471,2.11461],[-75.77462,2.11759],[-75.77532,2.11985],[-75.77643,2.12071],[-75.78474,2.12224],[-75.79341,2.12124],[-75.79963,2.11672],[-75.79977,2.11347],[-75.79892,2.1079],[-75.80022,2.10578],[-75.8026,2.10547],[-75.80693,2.10314],[-75.8119,2.10168],[-75.81513,2.10335],[-75.81737,2.10356],[-75.81776,2.10165],[-75.81712,2.09898],[-75.81876,2.09675],[-75.82218,2.09633],[-75.8276,2.09372],[-75.8324,2.0935],[-75.8361,2.09097],[-75.83996,2.08645],[-75.84142,2.08018],[-75.84448,2.07783],[-75.84583,2.07543],[-75.84562,2.07151],[-75.84435,2.06953],[-75.84509,2.06873],[-75.84788,2.06947],[-75.84913,2.06908],[-75.84857,2.06613],[-75.84695,2.06281],[-75.84735,2.05875],[-75.85006,2.05516],[-75.85415,2.05173],[-75.85607,2.04909],[-75.85944,2.04864],[-75.85991,2.04688],[-75.85898,2.0462],[-75.85681,2.04644],[-75.85564,2.04576],[-75.85181,2.0386],[-75.84758,2.03545],[-75.84772,2.03273],[-75.84513,2.0323],[-75.8394,2.03267],[-75.83801,2.03094],[-75.83747,2.02973],[-75.8377,2.0288],[-75.83622,2.02666],[-75.83482,2.02626],[-75.83459,2.02529],[-75.83351,2.02507],[-75.83267,2.02362],[-75.83194,2.01942],[-75.8281,2.01575],[-75.82875,2.01112],[-75.82842,2.00977],[-75.8291,2.00778],[-75.82875,2.00555],[-75.82927,2.00149],[-75.8286,1.99938],[-75.82393,1.99907],[-75.823,1.9997],[-75.81919,1.99628],[-75.81607,1.99564],[-75.81537,1.99344],[-75.81245,1.99305],[-75.81044,1.99471],[-75.80862,1.99324],[-75.80512,1.99231],[-75.80291,1.99247],[-75.80169,1.99156],[-75.8009,1.99185],[-75.7994,1.9906],[-75.79901,1.98914],[-75.79758,1.9887],[-75.79452,1.98874],[-75.79214,1.99154],[-75.78896,1.99161],[-75.79063,1.99703],[-75.78936,1.99738],[-75.78762,1.99625],[-75.78713,1.99805],[-75.78857,2.00067],[-75.78607,2.00237],[-75.78566,2.00489],[-75.78446,2.00744],[-75.78008,2.01222],[-75.77979,2.01529],[-75.77759,2.02086],[-75.77714,2.02404],[-75.77478,2.02819],[-75.77311,2.02987],[-75.7723,2.02988],[-75.7707,2.0283],[-75.76894,2.02277],[-75.767,2.02279],[-75.75968,2.02602],[-75.75691,2.02927],[-75.75192,2.03281],[-75.74881,2.03335],[-75.74654,2.03664],[-75.74693,2.03996],[-75.74648,2.04151],[-75.7441,2.04196],[-75.74306,2.04359],[-75.74492,2.04528],[-75.74534,2.04642],[-75.74416,2.04749],[-75.74265,2.04791],[-75.7402,2.0472],[-75.73783,2.05224],[-75.73729,2.05238],[-75.73552,2.05103],[-75.73383,2.05177],[-75.73305,2.05331],[-75.73409,2.05611],[-75.73312,2.05854],[-75.7287,2.06253],[-75.72673,2.06334],[-75.72433,2.06535],[-75.72247,2.06503],[-75.72132,2.06558],[-75.71784,2.06913],[-75.71741,2.07053],[-75.7141,2.07449],[-75.71025,2.0778],[-75.71008,2.08158],[-75.70852,2.08847],[-75.70552,2.09311],[-75.70698,2.09496],[-75.70707,2.09617],[-75.70325,2.10092],[-75.70249,2.10359],[-75.70061,2.1056],[-75.70036,2.10645],[-75.70122,2.10805],[-75.70122,2.10938],[-75.69853,2.11318],[-75.69847,2.11681],[-75.69947,2.11721],[-75.7001,2.11831],[-75.69896,2.11919],[-75.69652,2.11982],[-75.69171,2.11979],[-75.68845,2.12071],[-75.68777,2.12392],[-75.68372,2.12687],[-75.67895,2.12614],[-75.67874,2.12804],[-75.67424,2.13195],[-75.6741,2.13409],[-75.67283,2.13741],[-75.66849,2.14152],[-75.6685,2.14214],[-75.68716,2.15749],[-75.68684,2.16248],[-75.68544,2.16434],[-75.68637,2.16521],[-75.68791,2.16526],[-75.6883,2.16691],[-75.68639,2.16799],[-75.68914,2.16967],[-75.69131,2.16998]]]},"properties":{"OBJECTID":118,"MpCodigo":"41026","MpNombre":"Altamira","Depto":"Huila","MpCategor":1,"MpNorma":null,"MpArea":180.9754726412076,"MpAltitud":1027}},{"type":"Feature","id":200,"geometry":{"type":"Polygon","coordinates":[[[-74.91545,3.29061],[-74.91759,3.29035],[-74.92048,3.28617],[-74.92263,3.28548],[-74.92518,3.28554],[-74.92808,3.28291],[-74.92939,3.28303],[-74.93285,3.28591],[-74.93396,3.28602],[-74.93978,3.28397],[-74.94136,3.28238],[-74.94598,3.28174],[-74.94824,3.28015],[-74.95294,3.28169],[-74.95695,3.2795],[-74.95853,3.27715],[-74.95908,3.27708],[-74.96075,3.27869],[-74.96386,3.27963],[-74.96368,3.28149],[-74.96418,3.28238],[-74.96721,3.28326],[-74.97059,3.28299],[-74.97268,3.28377],[-74.97461,3.2831],[-74.97665,3.28483],[-74.9789,3.28536],[-74.98378,3.28369],[-74.99013,3.28317],[-74.99115,3.28154],[-74.99116,3.27976],[-74.99272,3.27826],[-74.99562,3.27703],[-75.00091,3.27626],[-75.00215,3.27712],[-75.00427,3.27731],[-75.00528,3.27808],[-75.00585,3.28],[-75.00794,3.2804],[-75.00909,3.27932],[-75.01093,3.27926],[-75.01757,3.27647],[-75.02522,3.26627],[-75.03324,3.24974],[-75.03547,3.24721],[-75.03985,3.24388],[-75.04865,3.2324],[-75.0496,3.23038],[-75.05133,3.22398],[-75.05115,3.2213],[-75.04678,3.20786],[-75.04265,3.2006],[-75.04583,3.19829],[-75.04761,3.1982],[-75.05012,3.19929],[-75.05259,3.20243],[-75.05399,3.20181],[-75.05422,3.20232],[-75.05582,3.20255],[-75.05852,3.19995],[-75.0607,3.20038],[-75.06184,3.19835],[-75.06405,3.19857],[-75.06402,3.19742],[-75.06531,3.19692],[-75.06624,3.19533],[-75.06996,3.19558],[-75.07316,3.19263],[-75.07523,3.19203],[-75.07712,3.18969],[-75.07949,3.19022],[-75.08136,3.1893],[-75.0822,3.1905],[-75.08373,3.19088],[-75.08424,3.18968],[-75.08847,3.18844],[-75.08974,3.18675],[-75.08984,3.18532],[-75.09071,3.18408],[-75.09305,3.18364],[-75.09351,3.18373],[-75.09324,3.18458],[-75.09378,3.18614],[-75.09612,3.18808],[-75.09681,3.18813],[-75.09931,3.18649],[-75.09904,3.18844],[-75.10038,3.19121],[-75.10307,3.19057],[-75.10407,3.19201],[-75.10634,3.19185],[-75.10661,3.19271],[-75.10811,3.19266],[-75.10944,3.19002],[-75.11052,3.18916],[-75.11133,3.19129],[-75.11213,3.19171],[-75.11534,3.19113],[-75.11534,3.19296],[-75.11641,3.19376],[-75.11679,3.19485],[-75.11988,3.19336],[-75.1207,3.19377],[-75.12356,3.19345],[-75.12489,3.19918],[-75.12602,3.19846],[-75.12614,3.19762],[-75.12804,3.19712],[-75.13014,3.19778],[-75.13077,3.19901],[-75.13182,3.19904],[-75.13223,3.19825],[-75.13422,3.20032],[-75.13537,3.19821],[-75.13709,3.1909],[-75.13934,3.19133],[-75.13961,3.19097],[-75.14586,3.1701],[-75.15003,3.166],[-75.1511,3.16223],[-75.15085,3.16097],[-75.15215,3.15923],[-75.15279,3.15663],[-75.15725,3.15107],[-75.1579,3.1487],[-75.1567,3.14657],[-75.15688,3.14591],[-75.15853,3.14315],[-75.16363,3.13758],[-75.16248,3.1346],[-75.16264,3.13387],[-75.16343,3.1335],[-75.16321,3.13258],[-75.16181,3.1334],[-75.16152,3.13283],[-75.16022,3.13294],[-75.16051,3.12998],[-75.15928,3.1299],[-75.16105,3.12554],[-75.16097,3.12382],[-75.1568,3.12194],[-75.15701,3.12088],[-75.15645,3.12048],[-75.15383,3.12178],[-75.15362,3.12085],[-75.15432,3.11871],[-75.153,3.11746],[-75.15031,3.11688],[-75.14859,3.11763],[-75.1481,3.11697],[-75.14824,3.11569],[-75.15008,3.11422],[-75.15019,3.11358],[-75.14811,3.11252],[-75.14698,3.11252],[-75.14712,3.11139],[-75.1453,3.11107],[-75.14505,3.1119],[-75.14321,3.11179],[-75.14344,3.10978],[-75.14158,3.10805],[-75.14042,3.10781],[-75.13964,3.10889],[-75.13854,3.10843],[-75.13849,3.10777],[-75.13912,3.10804],[-75.13941,3.10736],[-75.13812,3.10682],[-75.13717,3.10736],[-75.13639,3.1064],[-75.13654,3.10335],[-75.13555,3.10378],[-75.13495,3.10277],[-75.13239,3.103],[-75.13118,3.10144],[-75.12941,3.10139],[-75.12663,3.09971],[-75.12711,3.09772],[-75.12659,3.09724],[-75.12721,3.09646],[-75.12682,3.09559],[-75.12572,3.09617],[-75.12399,3.09589],[-75.1232,3.09513],[-75.12355,3.09422],[-75.12247,3.09368],[-75.12212,3.09448],[-75.1202,3.09414],[-75.12032,3.09336],[-75.11855,3.09275],[-75.11846,3.09182],[-75.11774,3.09129],[-75.11443,3.09179],[-75.11542,3.09007],[-75.11467,3.08978],[-75.11424,3.08769],[-75.11368,3.08747],[-75.11408,3.08541],[-75.11302,3.08478],[-75.1118,3.08107],[-75.11133,3.08122],[-75.11049,3.07977],[-75.11101,3.07923],[-75.1108,3.07845],[-75.11157,3.07802],[-75.11075,3.07622],[-75.11113,3.07566],[-75.11021,3.07549],[-75.10971,3.07596],[-75.10848,3.07447],[-75.10513,3.07259],[-75.10259,3.06977],[-75.10012,3.06848],[-75.09674,3.07444],[-75.09522,3.08009],[-75.09183,3.07778],[-75.08837,3.07433],[-75.08636,3.07385],[-75.08403,3.07245],[-75.0843,3.07111],[-75.08366,3.07085],[-75.08298,3.0709],[-75.07962,3.07753],[-75.07774,3.07796],[-75.07502,3.07582],[-75.07436,3.07609],[-75.07298,3.07976],[-75.07314,3.08368],[-75.06978,3.08979],[-75.06825,3.09146],[-75.06824,3.09264],[-75.06558,3.09437],[-75.06381,3.09691],[-75.06201,3.09812],[-75.06149,3.09804],[-75.06139,3.09646],[-75.0592,3.09648],[-75.05583,3.09366],[-75.0534,3.09311],[-75.05195,3.09042],[-75.04964,3.09052],[-75.0455,3.08827],[-75.0446,3.08623],[-75.04378,3.08623],[-75.04185,3.08488],[-75.04161,3.08348],[-75.0405,3.08231],[-75.03964,3.08259],[-75.0364,3.08093],[-75.0349,3.07743],[-75.03483,3.07475],[-75.03368,3.07382],[-75.03093,3.0735],[-75.02994,3.07275],[-75.02708,3.07311],[-75.02183,3.07746],[-75.02105,3.07757],[-75.01891,3.07675],[-75.01643,3.07375],[-75.0145,3.0736],[-75.0123,3.07444],[-75.0101,3.07451],[-75.00693,3.07347],[-75.00243,3.07027],[-74.99593,3.07062],[-74.98884,3.06955],[-74.98676,3.06855],[-74.98444,3.06542],[-74.98259,3.0662],[-74.98132,3.06307],[-74.97953,3.06075],[-74.97975,3.05862],[-74.97878,3.05602],[-74.97791,3.0555],[-74.97721,3.05738],[-74.97267,3.05533],[-74.97038,3.05366],[-74.96853,3.05562],[-74.96708,3.05575],[-74.96592,3.05124],[-74.96389,3.05179],[-74.96147,3.05158],[-74.95839,3.05264],[-74.95652,3.05183],[-74.9567,3.04799],[-74.95295,3.04813],[-74.95151,3.04654],[-74.94901,3.0452],[-74.94671,3.04604],[-74.94258,3.04642],[-74.94029,3.04308],[-74.93602,3.04092],[-74.9341,3.03904],[-74.93304,3.03555],[-74.93572,3.03441],[-74.93651,3.0322],[-74.93434,3.02462],[-74.93485,3.022],[-74.93698,3.01951],[-74.93731,3.0174],[-74.93991,3.01588],[-74.9394,3.01442],[-74.93962,3.01216],[-74.93812,3.01033],[-74.93648,3.0052],[-74.93763,3.00198],[-74.93936,2.99938],[-74.93982,2.9907],[-74.93798,2.98918],[-74.93913,2.98748],[-74.93952,2.98431],[-74.93899,2.98372],[-74.94097,2.97828],[-74.93822,2.97553],[-74.93304,2.97588],[-74.93142,2.97504],[-74.92647,2.97414],[-74.92509,2.97287],[-74.92544,2.97115],[-74.92429,2.96965],[-74.92038,2.96689],[-74.91865,2.96701],[-74.91704,2.96586],[-74.91543,2.96356],[-74.91393,2.95969],[-74.91182,2.95734],[-74.91065,2.95734],[-74.90444,2.95823],[-74.90101,2.96274],[-74.89674,2.96591],[-74.8942,2.96685],[-74.89262,2.96685],[-74.88907,2.96462],[-74.88717,2.96454],[-74.88575,2.96517],[-74.88424,2.96707],[-74.88285,2.97156],[-74.87843,2.97115],[-74.87609,2.96949],[-74.87415,2.96949],[-74.86905,2.97363],[-74.8659,2.9811],[-74.86619,2.98217],[-74.86808,2.9837],[-74.86808,2.985],[-74.86656,2.98771],[-74.86351,2.99102],[-74.86293,2.99358],[-74.85721,2.99482],[-74.85231,2.99307],[-74.8496,2.99471],[-74.84727,2.99856],[-74.84668,3.0014],[-74.84476,3.00481],[-74.84435,3.0073],[-74.84311,3.00964],[-74.8409,3.01199],[-74.83483,3.02275],[-74.83187,3.02554],[-74.83235,3.02717],[-74.83166,3.02869],[-74.83014,3.02965],[-74.82798,3.03251],[-74.82768,3.03441],[-74.82593,3.03765],[-74.82038,3.03989],[-74.81916,3.04352],[-74.82005,3.04774],[-74.81771,3.04966],[-74.81596,3.05303],[-74.81414,3.05397],[-74.81042,3.05468],[-74.80412,3.0539],[-74.80007,3.05676],[-74.79726,3.05698],[-74.79359,3.0558],[-74.79181,3.05621],[-74.79054,3.05807],[-74.78778,3.06042],[-74.78753,3.06144],[-74.78874,3.06387],[-74.78902,3.06884],[-74.79012,3.07035],[-74.79026,3.07367],[-74.78902,3.07532],[-74.78585,3.07643],[-74.78392,3.07988],[-74.77991,3.08195],[-74.77646,3.08595],[-74.77426,3.09022],[-74.76819,3.09395],[-74.76596,3.09686],[-74.76876,3.09776],[-74.77008,3.09679],[-74.77138,3.09668],[-74.77309,3.0977],[-74.77385,3.09958],[-74.7787,3.09815],[-74.78149,3.09892],[-74.78375,3.0982],[-74.78515,3.10049],[-74.78754,3.10164],[-74.78978,3.10468],[-74.79125,3.10515],[-74.79364,3.10427],[-74.79507,3.10541],[-74.79627,3.10531],[-74.79741,3.10602],[-74.79942,3.10565],[-74.80134,3.10758],[-74.80208,3.10747],[-74.80441,3.11044],[-74.80739,3.11176],[-74.80987,3.11476],[-74.8108,3.11761],[-74.81273,3.11879],[-74.81455,3.12388],[-74.81423,3.12489],[-74.81605,3.12832],[-74.81609,3.12936],[-74.81537,3.13025],[-74.81586,3.13102],[-74.8195,3.13078],[-74.8216,3.13145],[-74.82692,3.12884],[-74.83489,3.12966],[-74.83733,3.13146],[-74.83824,3.13283],[-74.83915,3.133],[-74.83994,3.13471],[-74.83976,3.13749],[-74.84106,3.13976],[-74.84252,3.14071],[-74.84328,3.14028],[-74.84436,3.14131],[-74.84709,3.14211],[-74.84824,3.14303],[-74.84881,3.14398],[-74.8486,3.14524],[-74.84986,3.14644],[-74.84981,3.1471],[-74.8505,3.14807],[-74.85217,3.14866],[-74.85268,3.15304],[-74.85557,3.15705],[-74.85129,3.15999],[-74.8509,3.16136],[-74.85177,3.16316],[-74.84912,3.16465],[-74.84942,3.1659],[-74.84826,3.16759],[-74.84865,3.16876],[-74.84742,3.17107],[-74.84724,3.17385],[-74.84674,3.17481],[-74.84501,3.17572],[-74.84532,3.17706],[-74.84409,3.17882],[-74.84503,3.18345],[-74.84602,3.1837],[-74.84923,3.18732],[-74.85028,3.18655],[-74.85197,3.18698],[-74.85186,3.18796],[-74.85276,3.18926],[-74.85326,3.19189],[-74.85524,3.19434],[-74.85538,3.19845],[-74.85766,3.20071],[-74.85801,3.20573],[-74.85906,3.20773],[-74.85776,3.20947],[-74.8593,3.2105],[-74.86027,3.21196],[-74.86056,3.21429],[-74.86193,3.21525],[-74.86183,3.21687],[-74.86269,3.21706],[-74.86355,3.21911],[-74.86251,3.22061],[-74.86268,3.22136],[-74.86692,3.22626],[-74.8709,3.22872],[-74.87666,3.2337],[-74.87664,3.2368],[-74.87954,3.23801],[-74.88209,3.24038],[-74.88641,3.24062],[-74.88712,3.24358],[-74.88894,3.24495],[-74.89055,3.24442],[-74.89101,3.24697],[-74.89367,3.24825],[-74.89416,3.25107],[-74.89599,3.25146],[-74.89737,3.25312],[-74.90024,3.25777],[-74.89964,3.25981],[-74.90226,3.26323],[-74.90198,3.26867],[-74.90297,3.27083],[-74.90229,3.27183],[-74.90278,3.27268],[-74.90157,3.27735],[-74.90312,3.27833],[-74.9041,3.2803],[-74.90596,3.2788],[-74.90713,3.27916],[-74.90852,3.28387],[-74.90746,3.28626],[-74.9092,3.29053],[-74.91198,3.28978],[-74.914,3.29025],[-74.91545,3.29061]]]},"properties":{"OBJECTID":200,"MpCodigo":"41078","MpNombre":"Baraya","Depto":"Huila","MpCategor":1,"MpNorma":null,"MpArea":785.479230550748,"MpAltitud":612}},{"type":"Feature","id":166,"geometry":{"type":"Polygon","coordinates":[[[-75.33365,2.7797],[-75.33442,2.78031],[-75.33577,2.77834],[-75.3445,2.77362],[-75.34709,2.77024],[-75.35221,2.76685],[-75.35562,2.7677],[-75.36204,2.76814],[-75.36424,2.76671],[-75.36784,2.75544],[-75.37534,2.75236],[-75.37805,2.74884],[-75.37852,2.74604],[-75.37761,2.74077],[-75.37858,2.73845],[-75.382,2.73489],[-75.38676,2.72765],[-75.39287,2.72261],[-75.39546,2.72489],[-75.40154,2.73701],[-75.40312,2.74249],[-75.40464,2.74356],[-75.40654,2.74295],[-75.41002,2.7365],[-75.41241,2.73469],[-75.41543,2.73447],[-75.41798,2.73515],[-75.41943,2.73469],[-75.42166,2.73645],[-75.42291,2.73615],[-75.42319,2.73381],[-75.41966,2.72837],[-75.41941,2.72674],[-75.42129,2.72656],[-75.42357,2.72737],[-75.42453,2.72588],[-75.42456,2.72351],[-75.42634,2.72055],[-75.43286,2.71956],[-75.43725,2.71726],[-75.43699,2.71516],[-75.43607,2.71422],[-75.43495,2.71424],[-75.43395,2.71327],[-75.43331,2.71145],[-75.43163,2.71093],[-75.4306,2.70937],[-75.43108,2.70642],[-75.43213,2.70379],[-75.43376,2.70211],[-75.43746,2.70033],[-75.43886,2.69645],[-75.43955,2.69064],[-75.44171,2.68944],[-75.44225,2.68859],[-75.4423,2.68778],[-75.44077,2.6862],[-75.4374,2.68471],[-75.4359,2.68202],[-75.43563,2.67862],[-75.43644,2.6777],[-75.43585,2.6762],[-75.43728,2.67485],[-75.43761,2.67369],[-75.43629,2.67388],[-75.43678,2.67232],[-75.43574,2.6719],[-75.4357,2.67063],[-75.43584,2.6702],[-75.43787,2.67002],[-75.43751,2.66897],[-75.4364,2.66837],[-75.43772,2.66763],[-75.43803,2.66476],[-75.43918,2.66385],[-75.43705,2.66326],[-75.43683,2.66235],[-75.4348,2.66311],[-75.43519,2.66206],[-75.4335,2.66171],[-75.435,2.66067],[-75.43404,2.65977],[-75.43447,2.65914],[-75.43391,2.65852],[-75.43517,2.65535],[-75.43442,2.65365],[-75.43318,2.65397],[-75.43324,2.65257],[-75.43133,2.65017],[-75.43228,2.64811],[-75.43198,2.64558],[-75.43312,2.64271],[-75.43822,2.63736],[-75.43765,2.62526],[-75.39462,2.56267],[-75.39517,2.56207],[-75.39453,2.559],[-75.39277,2.55811],[-75.39189,2.55834],[-75.38964,2.5565],[-75.38947,2.55522],[-75.38994,2.55478],[-75.38838,2.55401],[-75.38538,2.54995],[-75.38473,2.54617],[-75.38578,2.54466],[-75.38654,2.54456],[-75.38606,2.54196],[-75.38647,2.54059],[-75.38737,2.54008],[-75.38707,2.53582],[-75.38516,2.53226],[-75.38654,2.52999],[-75.38678,2.52726],[-75.38559,2.5262],[-75.38486,2.5226],[-75.38561,2.51696],[-75.38512,2.51688],[-75.38487,2.51569],[-75.37846,2.51186],[-75.37818,2.51127],[-75.37873,2.51081],[-75.37877,2.50941],[-75.36985,2.51303],[-75.36823,2.51295],[-75.36622,2.51436],[-75.36499,2.5162],[-75.36388,2.51601],[-75.36211,2.51763],[-75.36031,2.5212],[-75.35971,2.52435],[-75.36006,2.5263],[-75.35958,2.52726],[-75.35855,2.52813],[-75.35624,2.52854],[-75.3534,2.53016],[-75.3534,2.53173],[-75.35153,2.53621],[-75.35176,2.53724],[-75.3502,2.53822],[-75.34945,2.54069],[-75.34774,2.5408],[-75.34799,2.54152],[-75.34739,2.54202],[-75.34513,2.54159],[-75.34607,2.54279],[-75.34435,2.54536],[-75.3445,2.54711],[-75.34606,2.551],[-75.34356,2.55231],[-75.34001,2.5518],[-75.33702,2.55234],[-75.33496,2.55481],[-75.3316,2.55364],[-75.32551,2.55313],[-75.32308,2.55446],[-75.32234,2.55569],[-75.32061,2.55687],[-75.31996,2.5586],[-75.31732,2.55995],[-75.31597,2.56141],[-75.31372,2.56109],[-75.31182,2.56293],[-75.30925,2.56361],[-75.30861,2.56492],[-75.30544,2.56742],[-75.30147,2.56772],[-75.30095,2.56876],[-75.29958,2.56944],[-75.29814,2.56897],[-75.29785,2.57011],[-75.2984,2.57149],[-75.29783,2.57299],[-75.29964,2.57446],[-75.30009,2.57742],[-75.2982,2.57888],[-75.29705,2.58129],[-75.29343,2.58345],[-75.29225,2.58632],[-75.2896,2.58786],[-75.28714,2.58823],[-75.28701,2.58941],[-75.28438,2.59219],[-75.28482,2.59495],[-75.28311,2.59683],[-75.28307,2.59814],[-75.28157,2.60022],[-75.27686,2.60275],[-75.27633,2.6042],[-75.27289,2.60511],[-75.27218,2.60616],[-75.2659,2.60703],[-75.26496,2.60766],[-75.26289,2.61],[-75.26203,2.61019],[-75.2616,2.61166],[-75.26234,2.61418],[-75.26112,2.61742],[-75.25577,2.61832],[-75.24749,2.62189],[-75.24469,2.62213],[-75.24395,2.62775],[-75.24228,2.63091],[-75.23473,2.63125],[-75.2301,2.6341],[-75.22463,2.63798],[-75.22327,2.63924],[-75.22332,2.64016],[-75.22174,2.64135],[-75.21761,2.64309],[-75.21706,2.6439],[-75.21771,2.64645],[-75.21381,2.65057],[-75.20949,2.65177],[-75.20703,2.65082],[-75.20419,2.65188],[-75.20315,2.65437],[-75.20311,2.65599],[-75.20218,2.65713],[-75.20204,2.65951],[-75.20111,2.662],[-75.20014,2.66289],[-75.19635,2.66311],[-75.19134,2.6663],[-75.1881,2.6672],[-75.18491,2.67217],[-75.18288,2.67409],[-75.17429,2.67753],[-75.17162,2.68252],[-75.17155,2.68379],[-75.17408,2.68757],[-75.1729,2.69116],[-75.17058,2.69412],[-75.17245,2.69691],[-75.17196,2.70331],[-75.17418,2.69965],[-75.17706,2.697],[-75.18051,2.6987],[-75.18197,2.69874],[-75.18412,2.69789],[-75.18708,2.69512],[-75.19068,2.69414],[-75.19416,2.69352],[-75.20106,2.6942],[-75.20356,2.69328],[-75.20594,2.69346],[-75.21118,2.69063],[-75.214,2.6909],[-75.21435,2.69129],[-75.21295,2.69329],[-75.21122,2.69845],[-75.2104,2.70298],[-75.21669,2.70909],[-75.22013,2.71099],[-75.22872,2.72046],[-75.22962,2.72095],[-75.23072,2.72067],[-75.23181,2.72101],[-75.23211,2.72177],[-75.23305,2.72171],[-75.2343,2.72299],[-75.23403,2.72421],[-75.23584,2.7253],[-75.23782,2.72503],[-75.243,2.73037],[-75.24496,2.73045],[-75.2466,2.73514],[-75.24794,2.73578],[-75.24876,2.73826],[-75.25131,2.73975],[-75.25196,2.7407],[-75.25277,2.74427],[-75.25642,2.74678],[-75.26229,2.74664],[-75.26328,2.74773],[-75.26585,2.7479],[-75.26671,2.74954],[-75.26846,2.74969],[-75.27123,2.75154],[-75.27302,2.75234],[-75.27367,2.75204],[-75.27559,2.75316],[-75.28027,2.75271],[-75.28256,2.75304],[-75.28635,2.75112],[-75.28788,2.7507],[-75.28984,2.75104],[-75.29114,2.75012],[-75.29281,2.74998],[-75.2943,2.74867],[-75.29572,2.74898],[-75.29781,2.74769],[-75.29905,2.74787],[-75.29939,2.74718],[-75.30064,2.74838],[-75.30171,2.74785],[-75.30333,2.74824],[-75.30436,2.74783],[-75.3089,2.7485],[-75.3105,2.74728],[-75.31239,2.74722],[-75.31267,2.74537],[-75.31419,2.74488],[-75.31444,2.74346],[-75.31571,2.74337],[-75.31708,2.74208],[-75.31718,2.74128],[-75.31957,2.74053],[-75.32091,2.743],[-75.32215,2.74408],[-75.32185,2.74597],[-75.32491,2.74811],[-75.32321,2.75171],[-75.3251,2.75335],[-75.32475,2.75425],[-75.3262,2.75726],[-75.32847,2.75931],[-75.32775,2.76141],[-75.33083,2.76313],[-75.3317,2.76575],[-75.33347,2.76707],[-75.33339,2.77255],[-75.33234,2.77772],[-75.33304,2.77915],[-75.33365,2.7797]]]},"properties":{"OBJECTID":166,"MpCodigo":"41132","MpNombre":"Campoalegre","Depto":"Huila","MpCategor":1,"MpNorma":null,"MpArea":462.4971887610317,"MpAltitud":531}},{"type":"Feature","id":233,"geometry":{"type":"Polygon","coordinates":[[[-74.53345,3.84313],[-74.53474,3.84321],[-74.53188,3.84102],[-74.53107,3.83799],[-74.53132,3.83647],[-74.53452,3.83409],[-74.53477,3.82976],[-74.53683,3.82728],[-74.53676,3.82431],[-74.53454,3.82102],[-74.53572,3.81916],[-74.53611,3.81667],[-74.53769,3.81599],[-74.53982,3.8139],[-74.54174,3.81335],[-74.54488,3.80724],[-74.54674,3.80272],[-74.54703,3.79831],[-74.54642,3.79325],[-74.54838,3.79086],[-74.54961,3.78794],[-74.551,3.78725],[-74.55307,3.78459],[-74.55286,3.78211],[-74.55427,3.7792],[-74.55435,3.77626],[-74.55574,3.77493],[-74.55704,3.77471],[-74.55764,3.77326],[-74.55802,3.77057],[-74.5576,3.76707],[-74.55985,3.76747],[-74.56108,3.7669],[-74.56164,3.76271],[-74.5662,3.75815],[-74.56688,3.75681],[-74.56999,3.7538],[-74.5751,3.75022],[-74.57698,3.74842],[-74.57803,3.74637],[-74.57992,3.74452],[-74.58145,3.74398],[-74.58239,3.74219],[-74.58524,3.74072],[-74.58693,3.73817],[-74.58717,3.73425],[-74.59,3.73111],[-74.59078,3.72946],[-74.59408,3.72619],[-74.59633,3.72493],[-74.59797,3.72238],[-74.60102,3.72222],[-74.60248,3.72095],[-74.60498,3.72063],[-74.60695,3.71891],[-74.60923,3.71539],[-74.61476,3.71248],[-74.6171,3.70833],[-74.62236,3.70305],[-74.62357,3.70085],[-74.62419,3.70075],[-74.62487,3.69874],[-74.62782,3.69834],[-74.62864,3.69736],[-74.63095,3.69637],[-74.63445,3.69292],[-74.63721,3.69131],[-74.63774,3.68997],[-74.64056,3.68994],[-74.64022,3.68853],[-74.64074,3.68766],[-74.64214,3.68797],[-74.64307,3.68674],[-74.64502,3.68668],[-74.64643,3.68531],[-74.64727,3.68309],[-74.6483,3.68386],[-74.64946,3.68294],[-74.65052,3.68346],[-74.653,3.6828],[-74.6553,3.68113],[-74.65667,3.68191],[-74.65809,3.68162],[-74.66115,3.67836],[-74.66089,3.67605],[-74.66385,3.67311],[-74.66787,3.67373],[-74.66993,3.67299],[-74.67235,3.67112],[-74.67538,3.67172],[-74.67659,3.66767],[-74.67625,3.66649],[-74.67795,3.66375],[-74.67941,3.66176],[-74.68044,3.66133],[-74.68079,3.6601],[-74.68248,3.65923],[-74.68291,3.65769],[-74.68558,3.65615],[-74.68748,3.65428],[-74.68793,3.65274],[-74.68906,3.65217],[-74.68923,3.64767],[-74.69077,3.64526],[-74.69432,3.64166],[-74.69739,3.64163],[-74.69774,3.63768],[-74.69938,3.63506],[-74.69833,3.63214],[-74.69929,3.62988],[-74.69866,3.62916],[-74.69874,3.62639],[-74.69971,3.62445],[-74.70056,3.61919],[-74.69939,3.61844],[-74.70098,3.61572],[-74.70232,3.61576],[-74.70321,3.61435],[-74.70699,3.61324],[-74.70883,3.61144],[-74.71038,3.61168],[-74.71219,3.61065],[-74.715,3.61241],[-74.71707,3.61504],[-74.72022,3.61411],[-74.72161,3.6129],[-74.72279,3.61037],[-74.72508,3.6089],[-74.72571,3.60338],[-74.72831,3.60073],[-74.72957,3.59751],[-74.73687,3.59245],[-74.73856,3.59041],[-74.73865,3.58824],[-74.73963,3.58621],[-74.73852,3.58398],[-74.73951,3.58182],[-74.73849,3.58092],[-74.73624,3.58166],[-74.73524,3.57929],[-74.73517,3.57562],[-74.73415,3.57157],[-74.73287,3.57056],[-74.73386,3.56636],[-74.72927,3.564],[-74.72665,3.56201],[-74.72723,3.55991],[-74.72676,3.55827],[-74.72848,3.55468],[-74.72863,3.55158],[-74.73096,3.54895],[-74.73308,3.54753],[-74.73361,3.54445],[-74.73682,3.53899],[-74.73817,3.53762],[-74.73855,3.53607],[-74.74073,3.53365],[-74.74281,3.53274],[-74.74409,3.53057],[-74.74628,3.53013],[-74.74758,3.52773],[-74.75163,3.52796],[-74.75316,3.5306],[-74.75587,3.53187],[-74.75829,3.53203],[-74.76924,3.53012],[-74.77476,3.52415],[-74.7753,3.52061],[-74.77492,3.5187],[-74.77638,3.51726],[-74.77719,3.51294],[-74.77792,3.51137],[-74.78072,3.50971],[-74.77906,3.5069],[-74.78017,3.50523],[-74.7796,3.50354],[-74.78062,3.49916],[-74.7823,3.49729],[-74.7829,3.49285],[-74.78101,3.48908],[-74.7809,3.48634],[-74.77973,3.48447],[-74.78083,3.47901],[-74.77882,3.47512],[-74.77731,3.47479],[-74.77724,3.47284],[-74.77543,3.47167],[-74.77533,3.4696],[-74.77174,3.46404],[-74.76832,3.46212],[-74.76597,3.46145],[-74.76447,3.45938],[-74.76524,3.45631],[-74.76317,3.45584],[-74.76171,3.45461],[-74.76155,3.44981],[-74.76423,3.44754],[-74.76451,3.44088],[-74.76949,3.43933],[-74.77231,3.43643],[-74.77563,3.43633],[-74.77666,3.43559],[-74.7768,3.43368],[-74.77932,3.43215],[-74.78048,3.4304],[-74.78049,3.42944],[-74.78273,3.42851],[-74.78495,3.42515],[-74.79138,3.42362],[-74.79799,3.41818],[-74.80326,3.41574],[-74.80537,3.41575],[-74.80578,3.41287],[-74.81029,3.41216],[-74.81233,3.40836],[-74.81635,3.40643],[-74.81806,3.40209],[-74.81769,3.39985],[-74.81488,3.39579],[-74.81532,3.39347],[-74.81611,3.39301],[-74.81793,3.39346],[-74.82102,3.38984],[-74.82175,3.38948],[-74.82414,3.39014],[-74.82567,3.38888],[-74.82745,3.38011],[-74.82709,3.37675],[-74.83112,3.37093],[-74.83114,3.36961],[-74.83564,3.36719],[-74.83877,3.36328],[-74.83977,3.36085],[-74.84561,3.35629],[-74.84867,3.35174],[-74.84954,3.34745],[-74.84807,3.34274],[-74.84849,3.34083],[-74.85124,3.34021],[-74.85715,3.33652],[-74.85915,3.33483],[-74.86029,3.33228],[-74.86408,3.33127],[-74.86693,3.32766],[-74.874,3.32692],[-74.87548,3.32613],[-74.87664,3.32437],[-74.8759,3.32279],[-74.8748,3.32213],[-74.87489,3.32117],[-74.87633,3.31964],[-74.8794,3.31877],[-74.87942,3.31559],[-74.8799,3.31491],[-74.88123,3.31422],[-74.88301,3.31467],[-74.88449,3.3133],[-74.88724,3.3078],[-74.88997,3.30683],[-74.89114,3.30349],[-74.89372,3.30325],[-74.89522,3.30072],[-74.89925,3.29781],[-74.90349,3.29269],[-74.90695,3.29054],[-74.9092,3.29053],[-74.90746,3.28626],[-74.90852,3.28387],[-74.90713,3.27916],[-74.90596,3.2788],[-74.9041,3.2803],[-74.90312,3.27833],[-74.90157,3.27735],[-74.9024,3.27544],[-74.90278,3.27268],[-74.90226,3.27204],[-74.90296,3.2703],[-74.90198,3.26867],[-74.90217,3.26292],[-74.89964,3.25981],[-74.90012,3.2575],[-74.89612,3.25159],[-74.89416,3.25107],[-74.89348,3.24797],[-74.89101,3.24697],[-74.89055,3.24442],[-74.88894,3.24495],[-74.88728,3.24374],[-74.88641,3.24062],[-74.88209,3.24038],[-74.87954,3.23801],[-74.87664,3.2368],[-74.87666,3.2337],[-74.8709,3.22872],[-74.86692,3.22626],[-74.86268,3.22136],[-74.86251,3.22061],[-74.86355,3.21911],[-74.86269,3.21706],[-74.86183,3.21687],[-74.86193,3.21525],[-74.86056,3.21429],[-74.86027,3.21196],[-74.8593,3.2105],[-74.85776,3.20947],[-74.85906,3.20773],[-74.85801,3.20573],[-74.85766,3.20071],[-74.85538,3.19845],[-74.85524,3.19434],[-74.85326,3.19189],[-74.85276,3.18926],[-74.85186,3.18796],[-74.85197,3.18698],[-74.85028,3.18655],[-74.84923,3.18732],[-74.84602,3.1837],[-74.84503,3.18345],[-74.84409,3.17882],[-74.84532,3.17706],[-74.84501,3.17572],[-74.84674,3.17481],[-74.84724,3.17385],[-74.84742,3.17107],[-74.84865,3.16876],[-74.84826,3.16759],[-74.84942,3.1659],[-74.84912,3.16465],[-74.85177,3.16316],[-74.8509,3.16136],[-74.85129,3.15999],[-74.85555,3.15729],[-74.85488,3.15562],[-74.85268,3.15304],[-74.85217,3.14866],[-74.8505,3.14807],[-74.84981,3.1471],[-74.84986,3.14644],[-74.8486,3.14524],[-74.84881,3.14398],[-74.84824,3.14303],[-74.84709,3.14211],[-74.84436,3.14131],[-74.84328,3.14028],[-74.84252,3.14071],[-74.84106,3.13976],[-74.83976,3.13749],[-74.83994,3.13471],[-74.83915,3.133],[-74.83824,3.13283],[-74.83733,3.13146],[-74.83489,3.12966],[-74.82692,3.12884],[-74.8216,3.13145],[-74.8195,3.13078],[-74.81586,3.13102],[-74.81537,3.13025],[-74.81612,3.12861],[-74.81423,3.12489],[-74.81455,3.12388],[-74.81396,3.12325],[-74.8132,3.11978],[-74.81246,3.1185],[-74.8108,3.11761],[-74.80987,3.11476],[-74.80739,3.11176],[-74.80441,3.11044],[-74.80208,3.10747],[-74.80134,3.10758],[-74.79942,3.10565],[-74.79741,3.10602],[-74.79627,3.10531],[-74.79507,3.10541],[-74.79364,3.10427],[-74.79125,3.10515],[-74.78952,3.10455],[-74.78754,3.10164],[-74.78495,3.10027],[-74.78375,3.0982],[-74.78149,3.09892],[-74.7787,3.09815],[-74.77385,3.09958],[-74.77309,3.0977],[-74.77138,3.09668],[-74.77008,3.09679],[-74.76876,3.09776],[-74.76596,3.09686],[-74.76502,3.09892],[-74.76612,3.10057],[-74.76598,3.10237],[-74.76433,3.10513],[-74.75867,3.1054],[-74.75618,3.10678],[-74.75094,3.10816],[-74.74901,3.11023],[-74.74942,3.11382],[-74.74915,3.11616],[-74.74804,3.11865],[-74.74887,3.12251],[-74.7457,3.12596],[-74.73673,3.13272],[-74.73066,3.13658],[-74.72721,3.13796],[-74.72473,3.1421],[-74.72583,3.14611],[-74.72569,3.1479],[-74.72224,3.15356],[-74.72266,3.15756],[-74.72155,3.15935],[-74.71907,3.16073],[-74.71658,3.16473],[-74.71369,3.16791],[-74.71302,3.16996],[-74.71166,3.17073],[-74.70711,3.17015],[-74.70115,3.17244],[-74.69954,3.17221],[-74.69664,3.17314],[-74.68412,3.18237],[-74.67326,3.18635],[-74.67268,3.19032],[-74.67035,3.19517],[-74.67074,3.19653],[-74.66686,3.2073],[-74.66657,3.21186],[-74.66802,3.21457],[-74.6687,3.21777],[-74.66705,3.22068],[-74.66705,3.22669],[-74.66637,3.23009],[-74.65784,3.24027],[-74.65789,3.2435],[-74.65658,3.24759],[-74.6496,3.25575],[-74.64989,3.25744],[-74.64756,3.26161],[-74.64329,3.26452],[-74.64183,3.26937],[-74.63669,3.27276],[-74.63553,3.27848],[-74.62826,3.28285],[-74.62641,3.28459],[-74.61633,3.2878],[-74.61642,3.28973],[-74.6173,3.29177],[-74.61953,3.29458],[-74.62271,3.29588],[-74.62606,3.29979],[-74.62439,3.30519],[-74.62066,3.31059],[-74.61656,3.32102],[-74.61638,3.32456],[-74.61787,3.33051],[-74.62364,3.33834],[-74.62401,3.34113],[-74.62494,3.34299],[-74.62705,3.34517],[-74.6276,3.34746],[-74.62724,3.35095],[-74.63126,3.35397],[-74.63153,3.35755],[-74.63729,3.36369],[-74.63984,3.36763],[-74.63984,3.36837],[-74.63382,3.37305],[-74.62388,3.37626],[-74.62214,3.37828],[-74.62196,3.37929],[-74.62552,3.38525],[-74.62398,3.39305],[-74.61954,3.39718],[-74.61787,3.3996],[-74.61191,3.40314],[-74.60912,3.40612],[-74.60707,3.40966],[-74.60567,3.41414],[-74.60622,3.4151],[-74.61358,3.41916],[-74.6147,3.42139],[-74.61507,3.42605],[-74.6175,3.4294],[-74.61787,3.43182],[-74.61582,3.43387],[-74.61507,3.43704],[-74.61228,3.44337],[-74.61191,3.44597],[-74.61209,3.44914],[-74.61358,3.451],[-74.6147,3.45417],[-74.61551,3.45954],[-74.61634,3.4605],[-74.62476,3.46441],[-74.62643,3.46609],[-74.63053,3.46851],[-74.63053,3.4713],[-74.62476,3.47987],[-74.62122,3.48303],[-74.62082,3.48569],[-74.61507,3.49086],[-74.61098,3.49812],[-74.60707,3.50166],[-74.60696,3.5029],[-74.60376,3.50758],[-74.60359,3.51314],[-74.60312,3.51401],[-74.59884,3.51638],[-74.5929,3.52106],[-74.59178,3.52248],[-74.59067,3.52733],[-74.58615,3.52978],[-74.58425,3.52977],[-74.58244,3.52881],[-74.58244,3.52627],[-74.58158,3.52412],[-74.58079,3.52357],[-74.57676,3.52332],[-74.57454,3.52482],[-74.57193,3.52529],[-74.57011,3.52465],[-74.56862,3.52186],[-74.56807,3.52162],[-74.56648,3.52241],[-74.56363,3.5259],[-74.55973,3.53288],[-74.55488,3.53842],[-74.54931,3.5479],[-74.54659,3.54979],[-74.53739,3.55979],[-74.52753,3.57503],[-74.52505,3.57752],[-74.5241,3.57974],[-74.52441,3.58062],[-74.52726,3.58221],[-74.52791,3.58385],[-74.52758,3.58841],[-74.52472,3.5952],[-74.52325,3.59759],[-74.52167,3.59879],[-74.51912,3.59972],[-74.5155,3.59979],[-74.51459,3.60007],[-74.5142,3.60093],[-74.51409,3.60366],[-74.5153,3.60808],[-74.5126,3.62126],[-74.51029,3.62682],[-74.50956,3.63247],[-74.50866,3.63418],[-74.50796,3.63762],[-74.50286,3.64628],[-74.50066,3.64822],[-74.49585,3.65012],[-74.49156,3.65418],[-74.48767,3.65926],[-74.48514,3.66519],[-74.48243,3.66754],[-74.47965,3.66795],[-74.47794,3.66431],[-74.47447,3.66318],[-74.46552,3.66373],[-74.4645,3.66419],[-74.46105,3.6672],[-74.45436,3.68699],[-74.45185,3.6914],[-74.45095,3.6922],[-74.44375,3.69314],[-74.43839,3.69878],[-74.43777,3.7002],[-74.43915,3.70538],[-74.43899,3.70726],[-74.43774,3.70863],[-74.43593,3.70881],[-74.43094,3.70871],[-74.42708,3.70787],[-74.42448,3.7084],[-74.42065,3.71542],[-74.41931,3.72043],[-74.41841,3.72186],[-74.41331,3.72376],[-74.41304,3.72564],[-74.41425,3.72905],[-74.4167,3.73173],[-74.41684,3.73764],[-74.41593,3.74083],[-74.41779,3.74196],[-74.42285,3.742],[-74.42469,3.74142],[-74.42902,3.73714],[-74.43286,3.73458],[-74.43935,3.7307],[-74.44212,3.73023],[-74.45265,3.7305],[-74.45634,3.73383],[-74.46031,3.73642],[-74.46273,3.73925],[-74.46345,3.7409],[-74.46236,3.74578],[-74.45858,3.7513],[-74.45783,3.75404],[-74.45774,3.75572],[-74.45929,3.75881],[-74.45958,3.76462],[-74.45819,3.77263],[-74.45354,3.78501],[-74.45008,3.79129],[-74.45042,3.79459],[-74.44617,3.79894],[-74.4453,3.8008],[-74.44694,3.80979],[-74.45023,3.81899],[-74.45351,3.82024],[-74.45552,3.82008],[-74.45742,3.81898],[-74.46245,3.81915],[-74.4712,3.82203],[-74.475,3.8242],[-74.47702,3.82434],[-74.47932,3.82354],[-74.48147,3.82001],[-74.48352,3.81847],[-74.48609,3.81744],[-74.4902,3.81761],[-74.495,3.81915],[-74.49877,3.82172],[-74.50168,3.82155],[-74.50709,3.82449],[-74.50853,3.82732],[-74.50854,3.83032],[-74.50923,3.83202],[-74.51214,3.83432],[-74.51563,3.83593],[-74.51853,3.836],[-74.52304,3.83753],[-74.52535,3.83923],[-74.53251,3.84279],[-74.53345,3.84313]]]},"properties":{"OBJECTID":233,"MpCodigo":"41206","MpNombre":"Colombia","Depto":"Huila","MpCategor":1,"MpNorma":null,"MpArea":1583.6230325672066,"MpAltitud":770}},{"type":"Feature","id":109,"geometry":{"type":"Polygon","coordinates":[[[-75.95062,2.05035],[-75.95318,2.05017],[-75.95657,2.04777],[-75.95781,2.04848],[-75.95866,2.0483],[-75.95931,2.04344],[-75.96285,2.04129],[-75.96335,2.03997],[-75.96246,2.03464],[-75.96492,2.03249],[-75.96596,2.02969],[-75.96799,2.0293],[-75.97028,2.03001],[-75.9792,2.02319],[-75.97981,2.02057],[-75.98215,2.01601],[-75.98455,2.01547],[-75.98493,2.0129],[-75.98556,2.01225],[-75.98847,2.01128],[-75.99229,2.01185],[-75.99572,2.01035],[-75.99649,2.00963],[-75.99666,2.00681],[-75.99741,2.00592],[-75.99724,2.00208],[-75.99907,2.0008],[-76.00092,2.00038],[-76.0059,2.00108],[-76.00618,1.99905],[-76.00442,1.99581],[-76.00655,1.99192],[-76.0067,1.98974],[-76.00769,1.98923],[-76.01083,1.98936],[-76.01591,1.98641],[-76.01651,1.9854],[-76.01523,1.98305],[-76.0161,1.98177],[-76.0215,1.9771],[-76.02278,1.97656],[-76.02486,1.97695],[-76.02612,1.9764],[-76.02526,1.97254],[-76.02382,1.9708],[-76.02191,1.96494],[-76.02056,1.96233],[-76.01843,1.95995],[-76.0164,1.9598],[-76.01467,1.95836],[-76.01089,1.9568],[-76.00314,1.95884],[-75.9976,1.95812],[-75.99548,1.95876],[-75.99517,1.95969],[-75.99412,1.95957],[-75.99189,1.96055],[-75.98779,1.9601],[-75.9866,1.95817],[-75.98712,1.95475],[-75.98625,1.95608],[-75.98346,1.9576],[-75.98166,1.95788],[-75.97947,1.96017],[-75.97752,1.96095],[-75.97573,1.96053],[-75.97323,1.96343],[-75.97073,1.96495],[-75.96997,1.96859],[-75.97012,1.97371],[-75.96927,1.9797],[-75.96706,1.98242],[-75.96701,1.98321],[-75.96475,1.98282],[-75.96307,1.98385],[-75.9616,1.98649],[-75.96151,1.98793],[-75.96019,1.98905],[-75.95935,1.98904],[-75.95679,1.98652],[-75.95265,1.98674],[-75.95115,1.98804],[-75.95029,1.98791],[-75.94603,1.99243],[-75.94562,1.99353],[-75.94316,1.99508],[-75.94279,1.99596],[-75.93839,1.99711],[-75.93687,1.99556],[-75.93368,1.99415],[-75.93254,1.99273],[-75.92969,1.99186],[-75.92974,1.98985],[-75.92881,1.98957],[-75.92835,1.9876],[-75.92588,1.98657],[-75.9242,1.98712],[-75.92392,1.98819],[-75.92118,1.98827],[-75.92042,1.98959],[-75.921,1.99129],[-75.91816,1.99215],[-75.91845,1.99398],[-75.91498,1.99445],[-75.91466,1.99592],[-75.91264,1.99683],[-75.91307,2.0004],[-75.91179,1.99947],[-75.90817,2.00014],[-75.90686,2.00256],[-75.90305,2.00297],[-75.9013,2.00398],[-75.90099,2.00612],[-75.90036,2.0065],[-75.89939,2.00618],[-75.89893,2.00482],[-75.89804,2.00462],[-75.8957,2.00532],[-75.89359,2.00764],[-75.88997,2.00779],[-75.88906,2.00955],[-75.88989,2.01022],[-75.89009,2.01129],[-75.88903,2.01288],[-75.88859,2.01524],[-75.88715,2.01581],[-75.88433,2.01578],[-75.88329,2.01776],[-75.88131,2.01815],[-75.88031,2.02292],[-75.87514,2.02789],[-75.87364,2.0291],[-75.86978,2.02927],[-75.86873,2.03028],[-75.8679,2.03137],[-75.86739,2.03356],[-75.86481,2.03479],[-75.86463,2.03976],[-75.86249,2.0433],[-75.86308,2.04455],[-75.86412,2.04517],[-75.87006,2.0458],[-75.87123,2.04759],[-75.8752,2.04885],[-75.87601,2.04824],[-75.87566,2.046],[-75.87607,2.04456],[-75.87723,2.04415],[-75.87898,2.04554],[-75.88042,2.04407],[-75.88357,2.04356],[-75.88406,2.04304],[-75.88369,2.04147],[-75.88208,2.04052],[-75.8819,2.03887],[-75.88743,2.03544],[-75.88887,2.0358],[-75.89007,2.03952],[-75.89117,2.04082],[-75.89277,2.04212],[-75.89436,2.04245],[-75.89663,2.04151],[-75.89879,2.03676],[-75.89935,2.03357],[-75.90234,2.03339],[-75.90523,2.03446],[-75.9072,2.03595],[-75.90927,2.03629],[-75.91347,2.03479],[-75.91652,2.03464],[-75.9191,2.03349],[-75.92404,2.03469],[-75.9279,2.03781],[-75.93003,2.03875],[-75.93276,2.03771],[-75.93456,2.03842],[-75.93775,2.04387],[-75.94098,2.04807],[-75.94355,2.04938],[-75.94836,2.04996],[-75.95062,2.05035]]]},"properties":{"OBJECTID":109,"MpCodigo":"41244","MpNombre":"Elías","Depto":"Huila","MpCategor":1,"MpNorma":null,"MpArea":80.44179958767054,"MpAltitud":1500}},{"type":"Feature","id":131,"geometry":{"type":"Polygon","coordinates":[[[-75.61566,2.31766],[-75.61853,2.31739],[-75.62019,2.31624],[-75.62545,2.31487],[-75.62615,2.31333],[-75.62695,2.31353],[-75.63052,2.31198],[-75.63143,2.31081],[-75.63347,2.31058],[-75.63422,2.30956],[-75.63655,2.30983],[-75.63743,2.30926],[-75.63888,2.31018],[-75.64181,2.30982],[-75.64254,2.31089],[-75.6434,2.31034],[-75.6454,2.31028],[-75.64659,2.31089],[-75.64785,2.30908],[-75.6479,2.30711],[-75.65065,2.3007],[-75.649,2.29828],[-75.64735,2.29695],[-75.64282,2.29589],[-75.64212,2.29428],[-75.6436,2.29079],[-75.64518,2.289],[-75.64453,2.28645],[-75.6428,2.28451],[-75.63907,2.28717],[-75.63724,2.2875],[-75.63596,2.28691],[-75.63558,2.28531],[-75.63688,2.2816],[-75.63972,2.28042],[-75.64743,2.27521],[-75.65215,2.26706],[-75.6484,2.26414],[-75.6439,2.26458],[-75.64225,2.26336],[-75.64388,2.26085],[-75.64631,2.25974],[-75.64838,2.25723],[-75.64818,2.25232],[-75.64883,2.25025],[-75.6503,2.24892],[-75.65086,2.24762],[-75.64936,2.24353],[-75.64788,2.23224],[-75.64794,2.22848],[-75.64724,2.22683],[-75.6476,2.22593],[-75.65105,2.22392],[-75.65695,2.22229],[-75.65771,2.2216],[-75.65825,2.21802],[-75.65778,2.21662],[-75.65881,2.21543],[-75.66173,2.21414],[-75.66275,2.21417],[-75.66952,2.21745],[-75.67045,2.21709],[-75.67138,2.21501],[-75.66955,2.20988],[-75.67613,2.20293],[-75.67696,2.19976],[-75.67393,2.19802],[-75.66938,2.19676],[-75.66785,2.19696],[-75.66679,2.19877],[-75.66545,2.19951],[-75.6626,2.19879],[-75.66196,2.19337],[-75.66033,2.19062],[-75.6614,2.18749],[-75.6634,2.18358],[-75.66374,2.18178],[-75.66598,2.17944],[-75.66961,2.18176],[-75.67193,2.18133],[-75.67576,2.17482],[-75.67488,2.17394],[-75.67531,2.17262],[-75.68291,2.17196],[-75.68466,2.16924],[-75.68838,2.16674],[-75.68791,2.16526],[-75.68637,2.16521],[-75.68544,2.16434],[-75.68684,2.16248],[-75.68716,2.15749],[-75.6685,2.14214],[-75.66849,2.14152],[-75.67283,2.13741],[-75.6741,2.13409],[-75.67424,2.13195],[-75.67874,2.12804],[-75.67895,2.12614],[-75.68372,2.12687],[-75.68777,2.12392],[-75.68845,2.12071],[-75.69171,2.11979],[-75.69652,2.11982],[-75.69896,2.11919],[-75.7001,2.11831],[-75.69947,2.11721],[-75.69847,2.11681],[-75.69849,2.11356],[-75.70122,2.10938],[-75.7004,2.10609],[-75.70249,2.10359],[-75.70325,2.10092],[-75.70707,2.09617],[-75.70698,2.09496],[-75.70552,2.09311],[-75.70816,2.08913],[-75.70749,2.08848],[-75.70737,2.08655],[-75.70495,2.08465],[-75.70019,2.08672],[-75.69875,2.08636],[-75.69784,2.08503],[-75.69871,2.08308],[-75.69827,2.08032],[-75.69559,2.07948],[-75.69398,2.07684],[-75.69606,2.07134],[-75.69482,2.07044],[-75.69484,2.069],[-75.69373,2.06827],[-75.69287,2.06671],[-75.69224,2.06663],[-75.68914,2.06867],[-75.68756,2.06816],[-75.68673,2.06879],[-75.68559,2.06815],[-75.68276,2.06865],[-75.68212,2.0676],[-75.68299,2.06602],[-75.68086,2.0645],[-75.68246,2.06281],[-75.68055,2.06006],[-75.68044,2.05894],[-75.67951,2.05872],[-75.67824,2.05928],[-75.67846,2.05683],[-75.67604,2.05297],[-75.67559,2.05132],[-75.67252,2.04971],[-75.67127,2.04821],[-75.66848,2.04696],[-75.66713,2.04551],[-75.66336,2.0438],[-75.66348,2.04216],[-75.66261,2.04117],[-75.66155,2.04107],[-75.65687,2.04264],[-75.65574,2.04233],[-75.65516,2.03855],[-75.65296,2.03741],[-75.65096,2.03736],[-75.64939,2.03813],[-75.64839,2.0368],[-75.64632,2.03561],[-75.64464,2.037],[-75.64197,2.03543],[-75.64091,2.03565],[-75.64009,2.03689],[-75.63804,2.03581],[-75.63494,2.03588],[-75.63365,2.03481],[-75.63353,2.03282],[-75.63277,2.0312],[-75.63401,2.02979],[-75.63333,2.02726],[-75.63063,2.02491],[-75.62659,2.02296],[-75.62578,2.01992],[-75.62272,2.01869],[-75.62217,2.01656],[-75.62021,2.01565],[-75.62003,2.01436],[-75.61878,2.01269],[-75.61647,2.01178],[-75.6155,2.00919],[-75.61115,2.00791],[-75.60809,2.00922],[-75.60754,2.01059],[-75.60478,2.01266],[-75.60399,2.01417],[-75.60102,2.01588],[-75.59995,2.01749],[-75.59903,2.01742],[-75.59779,2.0161],[-75.5879,2.01358],[-75.58932,2.01644],[-75.58959,2.02132],[-75.58917,2.02252],[-75.58815,2.02418],[-75.58538,2.02565],[-75.58384,2.02716],[-75.58436,2.03117],[-75.58222,2.03471],[-75.57951,2.03768],[-75.57521,2.03974],[-75.56983,2.04138],[-75.56954,2.04232],[-75.57025,2.04594],[-75.57162,2.04974],[-75.56573,2.05803],[-75.56498,2.05996],[-75.56208,2.06338],[-75.55786,2.06535],[-75.55541,2.06925],[-75.55565,2.07607],[-75.55426,2.07833],[-75.55414,2.08033],[-75.55126,2.08299],[-75.54461,2.08402],[-75.54142,2.08889],[-75.54075,2.09055],[-75.5418,2.09764],[-75.54065,2.10392],[-75.5358,2.10892],[-75.53544,2.1105],[-75.53598,2.11333],[-75.53498,2.11766],[-75.52911,2.12078],[-75.52796,2.12244],[-75.52625,2.1229],[-75.51922,2.12248],[-75.51825,2.12184],[-75.51488,2.12343],[-75.51392,2.12304],[-75.51066,2.1237],[-75.50137,2.12299],[-75.4933,2.12774],[-75.4921,2.13093],[-75.48989,2.13183],[-75.48814,2.13432],[-75.48663,2.13524],[-75.48292,2.1364],[-75.47821,2.13536],[-75.47632,2.13548],[-75.47063,2.14071],[-75.46834,2.14205],[-75.46119,2.14421],[-75.45642,2.14476],[-75.45295,2.1459],[-75.44971,2.14466],[-75.44513,2.14422],[-75.44236,2.14702],[-75.44204,2.14979],[-75.44098,2.15106],[-75.44216,2.15288],[-75.4421,2.15383],[-75.43948,2.15936],[-75.4391,2.16317],[-75.43592,2.16746],[-75.43523,2.17238],[-75.43185,2.17471],[-75.42786,2.17951],[-75.42777,2.18641],[-75.42627,2.18813],[-75.42628,2.19504],[-75.4275,2.19736],[-75.43111,2.19899],[-75.43363,2.19886],[-75.43583,2.20104],[-75.43964,2.2104],[-75.44033,2.21477],[-75.43942,2.21688],[-75.43966,2.22071],[-75.43864,2.22363],[-75.43631,2.22885],[-75.43346,2.23241],[-75.43106,2.23376],[-75.425,2.23502],[-75.41853,2.2384],[-75.41403,2.24177],[-75.41041,2.24565],[-75.41137,2.24836],[-75.41345,2.2491],[-75.41332,2.25067],[-75.40899,2.25748],[-75.40769,2.26119],[-75.40862,2.26463],[-75.40531,2.26778],[-75.40247,2.27652],[-75.39833,2.28235],[-75.39667,2.28768],[-75.39054,2.29371],[-75.39252,2.29772],[-75.39374,2.29908],[-75.39447,2.30227],[-75.39597,2.30191],[-75.39655,2.30109],[-75.39668,2.29874],[-75.39574,2.29575],[-75.39921,2.29502],[-75.40753,2.29053],[-75.40866,2.29068],[-75.40971,2.28944],[-75.41202,2.28913],[-75.41452,2.28701],[-75.41888,2.28617],[-75.42214,2.28387],[-75.42315,2.28401],[-75.42605,2.28248],[-75.42818,2.28023],[-75.43217,2.27843],[-75.43764,2.27738],[-75.43928,2.27588],[-75.44165,2.27636],[-75.44433,2.27307],[-75.44522,2.27319],[-75.44573,2.27236],[-75.44921,2.27142],[-75.45033,2.26928],[-75.45254,2.26802],[-75.45343,2.26616],[-75.45619,2.26515],[-75.45613,2.26418],[-75.45801,2.2628],[-75.45826,2.26179],[-75.45956,2.26117],[-75.46115,2.26144],[-75.46302,2.26295],[-75.46465,2.26262],[-75.46568,2.26127],[-75.468,2.26223],[-75.46909,2.26176],[-75.47005,2.25937],[-75.47141,2.25816],[-75.47628,2.26092],[-75.47761,2.26093],[-75.47906,2.25709],[-75.48169,2.2551],[-75.48355,2.25421],[-75.48862,2.25411],[-75.48965,2.25552],[-75.49235,2.25648],[-75.49382,2.25913],[-75.4949,2.25947],[-75.49997,2.26492],[-75.50104,2.26535],[-75.50276,2.2647],[-75.50457,2.26498],[-75.50567,2.26448],[-75.50675,2.26331],[-75.50677,2.26233],[-75.50758,2.26221],[-75.50971,2.26003],[-75.50996,2.25855],[-75.51087,2.25827],[-75.51244,2.25633],[-75.51356,2.25605],[-75.51393,2.2551],[-75.5163,2.2531],[-75.51732,2.25333],[-75.5182,2.25253],[-75.5193,2.25324],[-75.52102,2.25184],[-75.52221,2.25185],[-75.52372,2.25316],[-75.52742,2.25424],[-75.52927,2.25618],[-75.53046,2.25602],[-75.53177,2.25677],[-75.53274,2.25764],[-75.53306,2.25893],[-75.53465,2.25985],[-75.53451,2.26215],[-75.53698,2.26498],[-75.53681,2.26788],[-75.53755,2.26878],[-75.53755,2.27015],[-75.53861,2.27135],[-75.54032,2.27171],[-75.54134,2.27084],[-75.54288,2.27055],[-75.5441,2.27109],[-75.54585,2.2702],[-75.5509,2.27232],[-75.5518,2.27173],[-75.55289,2.27451],[-75.55431,2.27546],[-75.55654,2.27396],[-75.55932,2.27684],[-75.55962,2.27824],[-75.56114,2.27779],[-75.56282,2.27841],[-75.56273,2.27973],[-75.56363,2.28018],[-75.56326,2.28126],[-75.56604,2.2801],[-75.56749,2.28029],[-75.56864,2.28165],[-75.57049,2.28108],[-75.57127,2.28222],[-75.5729,2.28315],[-75.57331,2.28532],[-75.57252,2.28642],[-75.57348,2.2887],[-75.57687,2.28956],[-75.57685,2.2913],[-75.57782,2.2921],[-75.5776,2.29398],[-75.57958,2.29393],[-75.5798,2.29509],[-75.58078,2.29596],[-75.57971,2.29659],[-75.57974,2.29756],[-75.58131,2.29797],[-75.58191,2.29975],[-75.58337,2.30092],[-75.5849,2.30068],[-75.58425,2.30239],[-75.58463,2.30283],[-75.58623,2.30228],[-75.58606,2.30423],[-75.58877,2.30462],[-75.58999,2.30707],[-75.59103,2.30759],[-75.59198,2.30677],[-75.59291,2.30833],[-75.59518,2.30921],[-75.59592,2.309],[-75.59673,2.31043],[-75.59984,2.31167],[-75.60171,2.31142],[-75.60275,2.31343],[-75.60586,2.31345],[-75.60641,2.31514],[-75.60838,2.31486],[-75.61231,2.31573],[-75.61398,2.31621],[-75.61525,2.31742],[-75.61566,2.31766]]]},"properties":{"OBJECTID":131,"MpCodigo":"41298","MpNombre":"Garzón","Depto":"Huila","MpCategor":1,"MpNorma":null,"MpArea":606.4039945219364,"MpAltitud":830}},{"type":"Feature","id":148,"geometry":{"type":"Polygon","coordinates":[[[-75.5278,2.53372],[-75.52905,2.5339],[-75.53616,2.53158],[-75.5411,2.52316],[-75.54484,2.51814],[-75.54518,2.51656],[-75.54477,2.51415],[-75.54575,2.51063],[-75.54554,2.50782],[-75.54376,2.50634],[-75.54273,2.50457],[-75.54207,2.50141],[-75.54284,2.49898],[-75.54431,2.49742],[-75.54638,2.49751],[-75.55326,2.50266],[-75.55432,2.50252],[-75.55618,2.50002],[-75.55781,2.49475],[-75.55888,2.49363],[-75.56089,2.49314],[-75.56225,2.49216],[-75.56326,2.49064],[-75.56409,2.48759],[-75.56672,2.48634],[-75.56767,2.48668],[-75.56866,2.48801],[-75.56975,2.48655],[-75.56733,2.48399],[-75.56562,2.48369],[-75.56262,2.48075],[-75.55833,2.46912],[-75.55928,2.4665],[-75.56097,2.46447],[-75.56693,2.46318],[-75.56871,2.46231],[-75.57039,2.46095],[-75.5717,2.45894],[-75.57021,2.45694],[-75.56583,2.45416],[-75.56366,2.44831],[-75.56493,2.44791],[-75.56837,2.44337],[-75.57213,2.44276],[-75.57335,2.44161],[-75.5739,2.44013],[-75.57719,2.43848],[-75.58277,2.4379],[-75.5869,2.43488],[-75.58761,2.43031],[-75.58882,2.42854],[-75.59227,2.42578],[-75.59158,2.42507],[-75.59239,2.42216],[-75.5937,2.42077],[-75.59988,2.41676],[-75.60058,2.41415],[-75.60355,2.40943],[-75.60404,2.4053],[-75.60728,2.40343],[-75.60946,2.40024],[-75.61089,2.39109],[-75.60838,2.38168],[-75.61145,2.38007],[-75.61187,2.37811],[-75.61414,2.3767],[-75.61509,2.3741],[-75.6204,2.37725],[-75.62245,2.37753],[-75.6282,2.38011],[-75.63158,2.38007],[-75.6328,2.37934],[-75.6376,2.38091],[-75.63833,2.38067],[-75.64104,2.3787],[-75.64178,2.37753],[-75.64582,2.37601],[-75.64724,2.36992],[-75.65626,2.3674],[-75.65773,2.36658],[-75.65836,2.36526],[-75.66143,2.36379],[-75.66184,2.35927],[-75.66454,2.35622],[-75.66588,2.35571],[-75.66448,2.35208],[-75.66523,2.34904],[-75.66419,2.34756],[-75.66388,2.34547],[-75.66169,2.34189],[-75.65912,2.34199],[-75.65449,2.33884],[-75.65178,2.33838],[-75.64998,2.33952],[-75.64658,2.34044],[-75.64431,2.33778],[-75.64251,2.33741],[-75.63999,2.33517],[-75.6395,2.33116],[-75.64036,2.33006],[-75.64341,2.3292],[-75.64534,2.32791],[-75.6461,2.32661],[-75.64554,2.32405],[-75.64182,2.31777],[-75.63989,2.31612],[-75.64008,2.31525],[-75.64602,2.31319],[-75.64659,2.31089],[-75.6454,2.31028],[-75.6434,2.31034],[-75.64254,2.31089],[-75.64181,2.30982],[-75.63888,2.31018],[-75.63743,2.30926],[-75.63655,2.30983],[-75.63422,2.30956],[-75.63347,2.31058],[-75.63143,2.31081],[-75.63052,2.31198],[-75.62695,2.31353],[-75.62615,2.31333],[-75.62545,2.31487],[-75.62019,2.31624],[-75.61853,2.31739],[-75.61695,2.31769],[-75.61566,2.31766],[-75.61398,2.31621],[-75.61231,2.31573],[-75.60838,2.31486],[-75.60641,2.31514],[-75.60586,2.31345],[-75.60275,2.31343],[-75.60171,2.31142],[-75.59984,2.31167],[-75.59673,2.31043],[-75.59592,2.309],[-75.59518,2.30921],[-75.59291,2.30833],[-75.59198,2.30677],[-75.59058,2.30749],[-75.58955,2.30655],[-75.58877,2.30462],[-75.58595,2.30412],[-75.58623,2.30228],[-75.58446,2.30279],[-75.5849,2.30068],[-75.58337,2.30092],[-75.58191,2.29975],[-75.58131,2.29797],[-75.57974,2.29756],[-75.57971,2.29659],[-75.58078,2.29596],[-75.5798,2.29509],[-75.57958,2.29393],[-75.5776,2.29398],[-75.57782,2.2921],[-75.57685,2.2913],[-75.57687,2.28956],[-75.57348,2.2887],[-75.57252,2.28642],[-75.57331,2.28532],[-75.5729,2.28315],[-75.57127,2.28222],[-75.57049,2.28108],[-75.56864,2.28165],[-75.56749,2.28029],[-75.56604,2.2801],[-75.56326,2.28126],[-75.56363,2.28018],[-75.56273,2.27973],[-75.56282,2.27841],[-75.56114,2.27779],[-75.55962,2.27824],[-75.55932,2.27684],[-75.55654,2.27396],[-75.55431,2.27546],[-75.55289,2.27451],[-75.5518,2.27173],[-75.5509,2.27232],[-75.54585,2.2702],[-75.5441,2.27109],[-75.54288,2.27055],[-75.54134,2.27084],[-75.54032,2.27171],[-75.53861,2.27135],[-75.53755,2.27015],[-75.53755,2.26878],[-75.53681,2.26788],[-75.53698,2.26498],[-75.53451,2.26215],[-75.53465,2.25985],[-75.53306,2.25893],[-75.53243,2.25728],[-75.53072,2.2561],[-75.52885,2.25594],[-75.52742,2.25424],[-75.52372,2.25316],[-75.52221,2.25185],[-75.52102,2.25184],[-75.5193,2.25324],[-75.5182,2.25253],[-75.51732,2.25333],[-75.5163,2.2531],[-75.51393,2.2551],[-75.51356,2.25605],[-75.51244,2.25633],[-75.51087,2.25827],[-75.50996,2.25855],[-75.50971,2.26003],[-75.50758,2.26221],[-75.50677,2.26233],[-75.50675,2.26331],[-75.50529,2.26481],[-75.50276,2.2647],[-75.50104,2.26535],[-75.49777,2.26282],[-75.4949,2.25947],[-75.49382,2.25913],[-75.49235,2.25648],[-75.48965,2.25552],[-75.48912,2.25431],[-75.48355,2.25421],[-75.47906,2.25709],[-75.47761,2.26093],[-75.47628,2.26092],[-75.47141,2.25816],[-75.47005,2.25937],[-75.46909,2.26176],[-75.468,2.26223],[-75.46568,2.26127],[-75.46465,2.26262],[-75.46302,2.26295],[-75.46115,2.26144],[-75.45956,2.26117],[-75.45826,2.26179],[-75.45801,2.2628],[-75.45613,2.26418],[-75.45619,2.26515],[-75.45343,2.26616],[-75.45254,2.26802],[-75.45033,2.26928],[-75.44921,2.27142],[-75.44573,2.27236],[-75.44522,2.27319],[-75.44433,2.27307],[-75.44165,2.27636],[-75.43928,2.27588],[-75.43764,2.27738],[-75.43217,2.27843],[-75.42818,2.28023],[-75.42605,2.28248],[-75.42315,2.28401],[-75.42214,2.28387],[-75.41888,2.28617],[-75.41452,2.28701],[-75.41202,2.28913],[-75.40971,2.28944],[-75.40866,2.29068],[-75.40753,2.29053],[-75.39921,2.29502],[-75.39574,2.29575],[-75.39668,2.29874],[-75.39655,2.30109],[-75.39597,2.30191],[-75.39447,2.30227],[-75.39301,2.30637],[-75.38856,2.31262],[-75.38628,2.31458],[-75.38643,2.31606],[-75.39288,2.32597],[-75.39368,2.33156],[-75.39443,2.33306],[-75.39898,2.33598],[-75.40034,2.33788],[-75.40129,2.34569],[-75.4021,2.3482],[-75.40333,2.3497],[-75.40475,2.35085],[-75.4089,2.35187],[-75.4201,2.35201],[-75.42756,2.35498],[-75.42989,2.35945],[-75.42957,2.3645],[-75.43083,2.36841],[-75.43239,2.37072],[-75.43661,2.37183],[-75.43785,2.37301],[-75.43991,2.37891],[-75.44508,2.38561],[-75.4456,2.39273],[-75.44383,2.39422],[-75.4432,2.39671],[-75.44158,2.39964],[-75.442,2.40313],[-75.43956,2.4075],[-75.43833,2.41363],[-75.43887,2.41657],[-75.43515,2.42193],[-75.43422,2.42567],[-75.43151,2.43034],[-75.4317,2.4341],[-75.43385,2.43839],[-75.43393,2.44171],[-75.43135,2.44351],[-75.42961,2.44558],[-75.42851,2.44962],[-75.42937,2.45293],[-75.43117,2.45389],[-75.43442,2.45919],[-75.43403,2.46149],[-75.43555,2.46468],[-75.43541,2.46864],[-75.43722,2.47065],[-75.43831,2.47065],[-75.43892,2.4715],[-75.44155,2.47262],[-75.44336,2.4726],[-75.44441,2.47171],[-75.44629,2.47198],[-75.44618,2.47292],[-75.44738,2.4731],[-75.44755,2.47397],[-75.45004,2.47633],[-75.45368,2.4777],[-75.45509,2.47686],[-75.45668,2.47896],[-75.46042,2.47795],[-75.46088,2.47724],[-75.46332,2.47726],[-75.46421,2.47792],[-75.46599,2.47648],[-75.4668,2.47738],[-75.46798,2.47662],[-75.46892,2.4785],[-75.47092,2.4785],[-75.47124,2.47943],[-75.47251,2.48009],[-75.47346,2.47929],[-75.47416,2.48053],[-75.47689,2.47951],[-75.47981,2.47951],[-75.48242,2.48054],[-75.48454,2.48232],[-75.48859,2.48304],[-75.49039,2.48306],[-75.4911,2.48255],[-75.49216,2.48331],[-75.49592,2.48427],[-75.49652,2.48548],[-75.49837,2.48692],[-75.49831,2.48952],[-75.49692,2.48984],[-75.49677,2.49072],[-75.49832,2.49281],[-75.49947,2.49292],[-75.49928,2.49392],[-75.50062,2.49594],[-75.49991,2.49718],[-75.50103,2.49717],[-75.50141,2.49769],[-75.49959,2.4983],[-75.49993,2.49992],[-75.4991,2.50047],[-75.50043,2.50093],[-75.50027,2.50192],[-75.50122,2.50192],[-75.50121,2.50505],[-75.50526,2.50929],[-75.5079,2.50917],[-75.50893,2.51064],[-75.51122,2.51031],[-75.51265,2.51451],[-75.51517,2.51451],[-75.51626,2.51503],[-75.51976,2.51307],[-75.5216,2.51348],[-75.52271,2.51256],[-75.52383,2.51243],[-75.52706,2.51548],[-75.52839,2.51892],[-75.52626,2.5216],[-75.52638,2.52409],[-75.52925,2.52805],[-75.52864,2.53062],[-75.5292,2.53261],[-75.52757,2.53331],[-75.5278,2.53372]]]},"properties":{"OBJECTID":148,"MpCodigo":"41306","MpNombre":"Gigante","Depto":"Huila","MpCategor":1,"MpNorma":null,"MpArea":503.5197229235287,"MpAltitud":808}},{"type":"Feature","id":111,"geometry":{"type":"Polygon","coordinates":[[[-75.708,2.0891],[-75.70984,2.08294],[-75.71025,2.0778],[-75.71113,2.07678],[-75.7141,2.07449],[-75.71741,2.07053],[-75.71784,2.06913],[-75.72132,2.06558],[-75.72247,2.06503],[-75.72433,2.06535],[-75.72673,2.06334],[-75.7287,2.06253],[-75.73312,2.05854],[-75.73409,2.05611],[-75.73305,2.05331],[-75.73383,2.05177],[-75.73552,2.05103],[-75.73729,2.05238],[-75.73783,2.05224],[-75.7402,2.0472],[-75.74265,2.04791],[-75.74416,2.04749],[-75.74534,2.04642],[-75.74492,2.04528],[-75.74306,2.04359],[-75.7441,2.04196],[-75.74648,2.04151],[-75.74693,2.03996],[-75.74654,2.03664],[-75.74881,2.03335],[-75.75192,2.03281],[-75.75691,2.02927],[-75.75968,2.02602],[-75.767,2.02279],[-75.76894,2.02277],[-75.7707,2.0283],[-75.7723,2.02988],[-75.77311,2.02987],[-75.77478,2.02819],[-75.77714,2.02404],[-75.77759,2.02086],[-75.77979,2.01529],[-75.78008,2.01222],[-75.78446,2.00744],[-75.78566,2.00489],[-75.78607,2.00237],[-75.78857,2.00067],[-75.78713,1.99805],[-75.78762,1.99625],[-75.78936,1.99738],[-75.79063,1.99703],[-75.79076,1.99651],[-75.7879,1.9896],[-75.7881,1.98753],[-75.78544,1.98708],[-75.78397,1.98625],[-75.78025,1.98584],[-75.78153,1.97772],[-75.78031,1.97607],[-75.77754,1.976],[-75.77566,1.97479],[-75.77417,1.96069],[-75.77132,1.95508],[-75.76807,1.95154],[-75.7655,1.94769],[-75.75915,1.9447],[-75.75658,1.94551],[-75.75473,1.94544],[-75.7528,1.94183],[-75.75009,1.93834],[-75.74759,1.93998],[-75.74402,1.93891],[-75.74291,1.94041],[-75.73859,1.94091],[-75.73634,1.94194],[-75.73424,1.94069],[-75.72833,1.93989],[-75.7274,1.93846],[-75.72409,1.93822],[-75.72262,1.93439],[-75.72298,1.93261],[-75.72414,1.93117],[-75.72307,1.92759],[-75.72419,1.92306],[-75.72262,1.92026],[-75.72271,1.91888],[-75.71703,1.91719],[-75.71308,1.91409],[-75.70954,1.91252],[-75.70717,1.91217],[-75.70695,1.9106],[-75.70788,1.90747],[-75.70599,1.90299],[-75.70596,1.89969],[-75.70439,1.89777],[-75.70154,1.89678],[-75.70077,1.89598],[-75.69956,1.89323],[-75.69927,1.89083],[-75.69658,1.88539],[-75.69318,1.88206],[-75.68815,1.88072],[-75.68427,1.88154],[-75.68104,1.88331],[-75.6789,1.88368],[-75.67473,1.88562],[-75.67194,1.88848],[-75.66802,1.89036],[-75.66611,1.89102],[-75.66171,1.89051],[-75.65969,1.89105],[-75.65849,1.89233],[-75.65615,1.8975],[-75.65176,1.90105],[-75.64969,1.90718],[-75.64298,1.91446],[-75.64265,1.91876],[-75.64127,1.92254],[-75.64124,1.92614],[-75.64392,1.93154],[-75.64672,1.93428],[-75.64738,1.93577],[-75.64158,1.94947],[-75.64104,1.95803],[-75.63819,1.96081],[-75.63367,1.96292],[-75.63153,1.96477],[-75.62509,1.97298],[-75.62004,1.98272],[-75.61623,1.98793],[-75.61614,1.99701],[-75.61335,1.99886],[-75.6084,2.00089],[-75.60113,2.00572],[-75.59412,2.00691],[-75.59099,2.01014],[-75.58825,2.01091],[-75.5877,2.01236],[-75.5879,2.01358],[-75.59779,2.0161],[-75.59949,2.01755],[-75.60102,2.01588],[-75.60399,2.01417],[-75.60478,2.01266],[-75.60975,2.00815],[-75.61133,2.00791],[-75.6155,2.00919],[-75.61647,2.01178],[-75.61878,2.01269],[-75.62003,2.01436],[-75.62021,2.01565],[-75.62217,2.01656],[-75.62272,2.01869],[-75.62578,2.01992],[-75.62659,2.02296],[-75.63063,2.02491],[-75.63352,2.0275],[-75.63401,2.02979],[-75.63277,2.0312],[-75.63397,2.03516],[-75.63513,2.03595],[-75.63804,2.03581],[-75.64006,2.03689],[-75.64147,2.03548],[-75.64464,2.037],[-75.6459,2.03569],[-75.64668,2.03565],[-75.64939,2.03813],[-75.65096,2.03736],[-75.65296,2.03741],[-75.65516,2.03855],[-75.65515,2.04059],[-75.65618,2.04259],[-75.65851,2.04234],[-75.66155,2.04107],[-75.663,2.04144],[-75.66348,2.04216],[-75.66336,2.0438],[-75.66713,2.04551],[-75.66848,2.04696],[-75.67127,2.04821],[-75.67252,2.04971],[-75.67559,2.05132],[-75.67604,2.05297],[-75.67846,2.05683],[-75.67824,2.05928],[-75.67951,2.05872],[-75.68044,2.05894],[-75.68055,2.06006],[-75.68246,2.06281],[-75.68086,2.0645],[-75.68299,2.06602],[-75.68212,2.0676],[-75.68276,2.06865],[-75.68559,2.06815],[-75.68673,2.06879],[-75.68756,2.06816],[-75.68914,2.06867],[-75.69261,2.06657],[-75.69475,2.06885],[-75.69482,2.07044],[-75.6961,2.07168],[-75.69398,2.07684],[-75.69559,2.07948],[-75.69827,2.08032],[-75.69871,2.08308],[-75.69773,2.08472],[-75.69875,2.08636],[-75.70019,2.08672],[-75.70179,2.08633],[-75.70259,2.08544],[-75.70495,2.08465],[-75.70737,2.08655],[-75.70776,2.08892],[-75.708,2.0891]]]},"properties":{"OBJECTID":111,"MpCodigo":"41319","MpNombre":"Guadalupe","Depto":"Huila","MpCategor":1,"MpNorma":null,"MpArea":249.53561617100715,"MpAltitud":888}},{"type":"Feature","id":158,"geometry":{"type":"Polygon","coordinates":[[[-75.44321,2.67853],[-75.44517,2.6786],[-75.44569,2.67779],[-75.44367,2.67035],[-75.44748,2.66225],[-75.4464,2.65876],[-75.44556,2.6582],[-75.44443,2.65796],[-75.44327,2.65948],[-75.4422,2.65957],[-75.4425,2.65695],[-75.44431,2.65451],[-75.44723,2.65502],[-75.44979,2.65412],[-75.45353,2.64981],[-75.45362,2.64746],[-75.45261,2.64708],[-75.44556,2.64806],[-75.44419,2.64725],[-75.44348,2.64586],[-75.44321,2.64261],[-75.44416,2.63839],[-75.4458,2.63628],[-75.45249,2.63316],[-75.46103,2.63384],[-75.46397,2.63348],[-75.46617,2.63152],[-75.46784,2.62471],[-75.46597,2.6162],[-75.46823,2.60668],[-75.46927,2.6063],[-75.47275,2.6077],[-75.47846,2.60228],[-75.48027,2.60133],[-75.48137,2.59981],[-75.48072,2.59065],[-75.48015,2.58869],[-75.47828,2.58592],[-75.47525,2.58298],[-75.47489,2.58057],[-75.47596,2.57745],[-75.47715,2.57661],[-75.48224,2.58036],[-75.48946,2.58113],[-75.49253,2.58096],[-75.4936,2.5803],[-75.49589,2.57171],[-75.49497,2.57046],[-75.49491,2.56921],[-75.49651,2.5676],[-75.50077,2.56641],[-75.50193,2.56486],[-75.50208,2.56353],[-75.50121,2.5629],[-75.49788,2.5621],[-75.49628,2.5599],[-75.49553,2.55773],[-75.49501,2.55431],[-75.49854,2.54979],[-75.50142,2.54984],[-75.50773,2.55454],[-75.50972,2.55422],[-75.51201,2.55231],[-75.51341,2.5499],[-75.5151,2.54404],[-75.51695,2.54318],[-75.52078,2.54318],[-75.52611,2.54631],[-75.52777,2.54645],[-75.53066,2.54517],[-75.53081,2.5441],[-75.53036,2.5428],[-75.52905,2.54158],[-75.52555,2.5399],[-75.52358,2.53813],[-75.52334,2.53694],[-75.52495,2.53542],[-75.52768,2.53408],[-75.52764,2.53306],[-75.52929,2.53229],[-75.52864,2.53062],[-75.52924,2.5292],[-75.52913,2.5276],[-75.52669,2.5247],[-75.52623,2.52314],[-75.52649,2.52103],[-75.52839,2.51892],[-75.52706,2.51548],[-75.52383,2.51243],[-75.52271,2.51256],[-75.5216,2.51348],[-75.51976,2.51307],[-75.51626,2.51503],[-75.51517,2.51451],[-75.51265,2.51451],[-75.51122,2.51031],[-75.50893,2.51064],[-75.5079,2.50917],[-75.50526,2.50929],[-75.50121,2.50505],[-75.50122,2.50192],[-75.50027,2.50192],[-75.50043,2.50093],[-75.4991,2.50047],[-75.49993,2.49992],[-75.49959,2.4983],[-75.50141,2.49769],[-75.50103,2.49717],[-75.49991,2.49718],[-75.50062,2.49594],[-75.49928,2.49392],[-75.49947,2.49292],[-75.49832,2.49281],[-75.49677,2.49072],[-75.49692,2.48984],[-75.49831,2.48952],[-75.49837,2.48692],[-75.49652,2.48548],[-75.49592,2.48427],[-75.49216,2.48331],[-75.4911,2.48255],[-75.49039,2.48306],[-75.48859,2.48304],[-75.48454,2.48232],[-75.48242,2.48054],[-75.47981,2.47951],[-75.47689,2.47951],[-75.47416,2.48053],[-75.47346,2.47929],[-75.47251,2.48009],[-75.47124,2.47943],[-75.47092,2.4785],[-75.46892,2.4785],[-75.46798,2.47662],[-75.4668,2.47738],[-75.46599,2.47648],[-75.46421,2.47792],[-75.46332,2.47726],[-75.46088,2.47724],[-75.46042,2.47795],[-75.45672,2.47897],[-75.45509,2.47686],[-75.45368,2.4777],[-75.45004,2.47633],[-75.44755,2.47397],[-75.44738,2.4731],[-75.44618,2.47292],[-75.44629,2.47198],[-75.44441,2.47171],[-75.44336,2.4726],[-75.44155,2.47262],[-75.43892,2.4715],[-75.43831,2.47065],[-75.43722,2.47065],[-75.43541,2.46864],[-75.43555,2.46468],[-75.43403,2.46149],[-75.43442,2.45919],[-75.43333,2.45805],[-75.43162,2.45447],[-75.42937,2.45293],[-75.4289,2.45184],[-75.4279,2.45297],[-75.42541,2.45339],[-75.42159,2.45278],[-75.41906,2.45394],[-75.41737,2.45498],[-75.41657,2.45656],[-75.41649,2.45879],[-75.41137,2.46167],[-75.41173,2.46463],[-75.41043,2.46863],[-75.40761,2.47046],[-75.40683,2.4726],[-75.4055,2.47426],[-75.40179,2.47663],[-75.39869,2.47735],[-75.39686,2.47912],[-75.3953,2.48127],[-75.39422,2.4867],[-75.39324,2.48758],[-75.39318,2.48898],[-75.39143,2.48944],[-75.39102,2.49075],[-75.38992,2.49157],[-75.38765,2.49542],[-75.38438,2.49837],[-75.38258,2.50238],[-75.38289,2.50486],[-75.37904,2.50867],[-75.37873,2.51081],[-75.37818,2.51127],[-75.38491,2.51572],[-75.38512,2.51688],[-75.38561,2.51696],[-75.38486,2.5226],[-75.38559,2.5262],[-75.38678,2.52726],[-75.38654,2.52999],[-75.38516,2.53226],[-75.38707,2.53582],[-75.38737,2.54008],[-75.38647,2.54059],[-75.38606,2.54196],[-75.38654,2.54456],[-75.38578,2.54466],[-75.38473,2.54617],[-75.38538,2.54995],[-75.38838,2.55401],[-75.38994,2.55478],[-75.38947,2.55522],[-75.38964,2.5565],[-75.39189,2.55834],[-75.39277,2.55811],[-75.39453,2.559],[-75.39517,2.56207],[-75.39462,2.56267],[-75.43765,2.62526],[-75.43822,2.63736],[-75.43312,2.64271],[-75.43198,2.64558],[-75.43228,2.64811],[-75.43133,2.65017],[-75.43324,2.65257],[-75.43318,2.65397],[-75.43442,2.65365],[-75.43517,2.65535],[-75.43391,2.65852],[-75.43447,2.65914],[-75.43404,2.65977],[-75.435,2.66067],[-75.4335,2.66171],[-75.43519,2.66206],[-75.4348,2.66311],[-75.43683,2.66235],[-75.43705,2.66326],[-75.43918,2.66385],[-75.43803,2.66476],[-75.43772,2.66763],[-75.4364,2.66837],[-75.43751,2.66897],[-75.43787,2.67002],[-75.43584,2.6702],[-75.4357,2.67063],[-75.43574,2.6719],[-75.43678,2.67232],[-75.43629,2.67388],[-75.43761,2.67369],[-75.43589,2.67658],[-75.43644,2.6777],[-75.44132,2.67666],[-75.44249,2.6779],[-75.44321,2.67853]]]},"properties":{"OBJECTID":158,"MpCodigo":"41349","MpNombre":"Hobo","Depto":"Huila","MpCategor":1,"MpNorma":null,"MpArea":194.27530932010797,"MpAltitud":595}},{"type":"Feature","id":168,"geometry":{"type":"Polygon","coordinates":[[[-75.67708,2.79808],[-75.7288,2.79524],[-75.81045,2.78674],[-75.81175,2.78227],[-75.8118,2.77904],[-75.8097,2.77725],[-75.80992,2.7767],[-75.80919,2.7762],[-75.80949,2.77587],[-75.80815,2.77315],[-75.80634,2.77152],[-75.80592,2.76857],[-75.80509,2.76745],[-75.80452,2.7672],[-75.80386,2.76873],[-75.80291,2.76858],[-75.80128,2.76547],[-75.79988,2.76497],[-75.79772,2.76511],[-75.79581,2.76376],[-75.79541,2.76248],[-75.79354,2.76154],[-75.7913,2.7617],[-75.79037,2.76029],[-75.79041,2.75872],[-75.78981,2.75844],[-75.78631,2.76008],[-75.78445,2.76295],[-75.78285,2.76306],[-75.78018,2.76182],[-75.77914,2.76072],[-75.77901,2.75846],[-75.77677,2.75414],[-75.77398,2.75403],[-75.77153,2.75481],[-75.76855,2.75398],[-75.76649,2.75221],[-75.76393,2.75239],[-75.75935,2.74964],[-75.75709,2.74706],[-75.75375,2.74523],[-75.75271,2.74327],[-75.7512,2.74249],[-75.75105,2.74172],[-75.75243,2.73813],[-75.7541,2.73622],[-75.75302,2.73319],[-75.75272,2.73035],[-75.75037,2.72707],[-75.75043,2.72571],[-75.74937,2.72374],[-75.74938,2.72265],[-75.748,2.72061],[-75.74783,2.7192],[-75.7483,2.71803],[-75.74928,2.71835],[-75.75125,2.71721],[-75.75194,2.71599],[-75.75204,2.71375],[-75.75407,2.71283],[-75.75429,2.71184],[-75.75338,2.71028],[-75.75301,2.70804],[-75.75371,2.70661],[-75.75505,2.70553],[-75.75489,2.70328],[-75.75553,2.70202],[-75.75526,2.70142],[-75.75368,2.70099],[-75.75363,2.6995],[-75.75244,2.69743],[-75.75326,2.69721],[-75.75397,2.69859],[-75.75499,2.69858],[-75.75616,2.69638],[-75.75708,2.69586],[-75.7576,2.69195],[-75.75641,2.68883],[-75.75721,2.6823],[-75.75832,2.68045],[-75.76105,2.68026],[-75.76081,2.67898],[-75.76029,2.67867],[-75.76002,2.67696],[-75.75752,2.6771],[-75.75566,2.67611],[-75.75362,2.677],[-75.75212,2.67644],[-75.75137,2.6759],[-75.75115,2.67399],[-75.7493,2.67326],[-75.74861,2.67203],[-75.74735,2.6728],[-75.74557,2.67216],[-75.74569,2.67364],[-75.74487,2.6737],[-75.74405,2.67247],[-75.74294,2.67198],[-75.74042,2.66829],[-75.73864,2.66841],[-75.73758,2.66946],[-75.73448,2.66728],[-75.73248,2.66723],[-75.7315,2.66638],[-75.72713,2.66552],[-75.72306,2.66353],[-75.72195,2.65832],[-75.72027,2.6551],[-75.72154,2.64986],[-75.72078,2.64899],[-75.72182,2.6452],[-75.72144,2.64222],[-75.72346,2.63798],[-75.72146,2.63601],[-75.72208,2.63402],[-75.72124,2.63215],[-75.71957,2.63132],[-75.71334,2.6311],[-75.71158,2.6305],[-75.71084,2.62935],[-75.7096,2.62958],[-75.70581,2.62799],[-75.70393,2.62816],[-75.70256,2.6254],[-75.69996,2.62268],[-75.69701,2.62342],[-75.69322,2.62559],[-75.69196,2.62718],[-75.68654,2.63085],[-75.67966,2.63314],[-75.67468,2.63582],[-75.67126,2.63946],[-75.66619,2.64211],[-75.65644,2.64508],[-75.65517,2.64417],[-75.65479,2.64105],[-75.65118,2.63502],[-75.64968,2.63665],[-75.6482,2.63682],[-75.64708,2.63659],[-75.64549,2.63506],[-75.64609,2.63428],[-75.64609,2.63182],[-75.6477,2.62895],[-75.64783,2.62426],[-75.64949,2.6189],[-75.64871,2.61758],[-75.64918,2.61674],[-75.64868,2.61179],[-75.6503,2.60903],[-75.6497,2.6079],[-75.64883,2.60207],[-75.64984,2.60046],[-75.65009,2.59581],[-75.65065,2.59469],[-75.65043,2.59291],[-75.65182,2.59185],[-75.65324,2.5885],[-75.65317,2.58723],[-75.65228,2.58664],[-75.65263,2.58563],[-75.6506,2.58189],[-75.64997,2.57483],[-75.64903,2.57454],[-75.65062,2.57256],[-75.64917,2.57093],[-75.64714,2.57076],[-75.6454,2.56808],[-75.64452,2.56512],[-75.64525,2.56294],[-75.64526,2.56042],[-75.64403,2.55943],[-75.64284,2.56053],[-75.64153,2.56048],[-75.64146,2.55824],[-75.64039,2.55616],[-75.64023,2.54461],[-75.64067,2.54329],[-75.64194,2.54227],[-75.63902,2.53908],[-75.63599,2.5401],[-75.63357,2.53841],[-75.6317,2.53792],[-75.63099,2.53829],[-75.62977,2.53757],[-75.62847,2.53916],[-75.62653,2.53644],[-75.62449,2.53747],[-75.62272,2.5372],[-75.62214,2.53833],[-75.61949,2.53826],[-75.61812,2.53907],[-75.61736,2.53836],[-75.61588,2.5383],[-75.61559,2.53899],[-75.61385,2.53837],[-75.61336,2.53651],[-75.6118,2.53629],[-75.61063,2.53701],[-75.6098,2.53629],[-75.60655,2.5354],[-75.60605,2.5341],[-75.60346,2.53387],[-75.60229,2.53561],[-75.60021,2.53583],[-75.59895,2.53729],[-75.59844,2.53916],[-75.59747,2.53999],[-75.59422,2.53979],[-75.58974,2.54198],[-75.58859,2.5447],[-75.58433,2.54905],[-75.58475,2.55212],[-75.58579,2.55453],[-75.588,2.55747],[-75.58832,2.55934],[-75.58866,2.56649],[-75.58735,2.56998],[-75.58744,2.57185],[-75.58967,2.57388],[-75.59025,2.57527],[-75.5875,2.58343],[-75.58882,2.58539],[-75.58811,2.58812],[-75.5882,2.59032],[-75.58912,2.5911],[-75.59002,2.59333],[-75.59225,2.59562],[-75.59231,2.59951],[-75.59138,2.60507],[-75.589,2.60832],[-75.58837,2.6102],[-75.59031,2.61746],[-75.59031,2.62648],[-75.58934,2.62728],[-75.58671,2.62768],[-75.5878,2.63313],[-75.58736,2.63616],[-75.58764,2.64523],[-75.58906,2.64914],[-75.59162,2.65304],[-75.5932,2.65833],[-75.59489,2.66125],[-75.5945,2.66358],[-75.59245,2.66626],[-75.59253,2.6674],[-75.59079,2.67032],[-75.58768,2.68373],[-75.59146,2.68199],[-75.59434,2.68211],[-75.59781,2.68353],[-75.60326,2.68862],[-75.60905,2.69004],[-75.61304,2.6928],[-75.61539,2.69322],[-75.61583,2.69401],[-75.61593,2.70186],[-75.61711,2.70932],[-75.61814,2.71024],[-75.6184,2.71183],[-75.61772,2.71385],[-75.61787,2.71716],[-75.61555,2.71922],[-75.61538,2.72236],[-75.61732,2.7255],[-75.61684,2.72803],[-75.61842,2.73114],[-75.6192,2.73649],[-75.61979,2.73885],[-75.62118,2.74111],[-75.62137,2.7434],[-75.62472,2.74842],[-75.62963,2.75109],[-75.63112,2.75257],[-75.62973,2.75236],[-75.62836,2.75333],[-75.62851,2.75388],[-75.6278,2.75456],[-75.62892,2.7553],[-75.62906,2.7583],[-75.63056,2.75863],[-75.62981,2.75993],[-75.63089,2.76134],[-75.63011,2.76528],[-75.62907,2.7675],[-75.62998,2.76967],[-75.63158,2.77099],[-75.63173,2.77315],[-75.63321,2.77417],[-75.63342,2.77534],[-75.63424,2.77544],[-75.63404,2.77861],[-75.6353,2.78018],[-75.63453,2.78182],[-75.63702,2.78214],[-75.63821,2.78527],[-75.63915,2.7852],[-75.63988,2.78592],[-75.63922,2.78867],[-75.63965,2.78991],[-75.64164,2.78974],[-75.64306,2.79054],[-75.64469,2.78965],[-75.64651,2.79021],[-75.64737,2.7908],[-75.64946,2.79486],[-75.65047,2.7949],[-75.65092,2.79597],[-75.65175,2.79593],[-75.65204,2.79536],[-75.65381,2.79551],[-75.65412,2.79466],[-75.65549,2.79454],[-75.65735,2.79621],[-75.65726,2.79723],[-75.65848,2.79643],[-75.66206,2.79744],[-75.66589,2.79773],[-75.66857,2.79664],[-75.67148,2.7981],[-75.67327,2.7981],[-75.6749,2.79698],[-75.67637,2.79763],[-75.67708,2.79808]]]},"properties":{"OBJECTID":168,"MpCodigo":"41357","MpNombre":"Íquira","Depto":"Huila","MpCategor":1,"MpNorma":null,"MpArea":356.44847521744856,"MpAltitud":1122}},{"type":"Feature","id":127,"geometry":{"type":"Polygon","coordinates":[[[-76.37285,2.27909],[-76.37377,2.27909],[-76.37702,2.27578],[-76.38052,2.27123],[-76.38406,2.2696],[-76.38509,2.26851],[-76.38601,2.26251],[-76.38732,2.26181],[-76.38821,2.26042],[-76.38938,2.25128],[-76.39124,2.24732],[-76.39124,2.24607],[-76.3892,2.24471],[-76.3892,2.24212],[-76.39527,2.23491],[-76.39744,2.23106],[-76.39805,2.22488],[-76.40041,2.21921],[-76.4003,2.217],[-76.40243,2.20994],[-76.40318,2.20356],[-76.40473,2.20054],[-76.40886,2.19688],[-76.4144,2.19433],[-76.41724,2.19231],[-76.42231,2.19035],[-76.42489,2.18715],[-76.425,2.18464],[-76.42449,2.18388],[-76.4261,2.17871],[-76.42559,2.17296],[-76.42157,2.16585],[-76.41991,2.16566],[-76.41883,2.1649],[-76.41894,2.16344],[-76.4172,2.16306],[-76.41669,2.16165],[-76.41483,2.16118],[-76.41429,2.16031],[-76.41296,2.16039],[-76.41121,2.15864],[-76.41034,2.15939],[-76.40876,2.15908],[-76.40875,2.15735],[-76.4076,2.15637],[-76.40906,2.15505],[-76.40732,2.15313],[-76.40848,2.15207],[-76.4076,2.15046],[-76.40684,2.1507],[-76.40661,2.14889],[-76.40582,2.14836],[-76.40505,2.14857],[-76.40435,2.14731],[-76.40332,2.14758],[-76.40158,2.14705],[-76.40074,2.1479],[-76.39978,2.14728],[-76.39961,2.14571],[-76.40115,2.14576],[-76.40158,2.14519],[-76.4015,2.14274],[-76.40103,2.14118],[-76.39985,2.14052],[-76.39875,2.13654],[-76.3969,2.13357],[-76.39517,2.13348],[-76.3952,2.13197],[-76.39669,2.13059],[-76.3955,2.12951],[-76.39536,2.1278],[-76.39084,2.12379],[-76.39032,2.11972],[-76.38745,2.11742],[-76.38709,2.11572],[-76.38281,2.11387],[-76.3823,2.11241],[-76.38233,2.10898],[-76.38099,2.10441],[-76.38147,2.10269],[-76.3859,2.10044],[-76.3856,2.09897],[-76.38444,2.09812],[-76.38477,2.09715],[-76.38336,2.09607],[-76.3847,2.09534],[-76.38544,2.09357],[-76.3819,2.09229],[-76.3815,2.09146],[-76.3818,2.08994],[-76.38088,2.08894],[-76.37994,2.08903],[-76.37981,2.08815],[-76.37887,2.08769],[-76.37696,2.08482],[-76.37696,2.08423],[-76.37805,2.0838],[-76.3792,2.08239],[-76.37759,2.08008],[-76.37896,2.07677],[-76.37821,2.07592],[-76.37594,2.0762],[-76.37547,2.07557],[-76.37405,2.07623],[-76.37192,2.0753],[-76.36916,2.0728],[-76.36666,2.0715],[-76.36407,2.07128],[-76.36317,2.07052],[-76.36268,2.06841],[-76.36172,2.06764],[-76.35611,2.06661],[-76.35431,2.06561],[-76.35242,2.06564],[-76.35067,2.06464],[-76.34932,2.06506],[-76.34688,2.06184],[-76.34697,2.06124],[-76.34866,2.06027],[-76.34746,2.05741],[-76.34776,2.05399],[-76.34491,2.05268],[-76.34533,2.05012],[-76.34414,2.04936],[-76.34316,2.04974],[-76.34203,2.04838],[-76.34108,2.04817],[-76.34024,2.04635],[-76.33851,2.04611],[-76.3373,2.0442],[-76.33281,2.04195],[-76.33275,2.04032],[-76.33122,2.03881],[-76.32931,2.03856],[-76.32893,2.0374],[-76.32679,2.03704],[-76.32565,2.03607],[-76.32173,2.03469],[-76.32148,2.03185],[-76.3192,2.03021],[-76.31697,2.03009],[-76.31529,2.03119],[-76.31381,2.0312],[-76.31256,2.033],[-76.30459,2.03314],[-76.3034,2.03125],[-76.30187,2.03158],[-76.30163,2.02863],[-76.2985,2.02647],[-76.29758,2.0252],[-76.29567,2.02457],[-76.29448,2.02207],[-76.29381,2.02179],[-76.29173,2.02273],[-76.29035,2.02194],[-76.2874,2.01474],[-76.28652,2.01445],[-76.28484,2.01617],[-76.28271,2.01493],[-76.28112,2.01469],[-76.27924,2.01253],[-76.27746,2.01155],[-76.27409,2.01082],[-76.27363,2.00692],[-76.27203,2.00539],[-76.273,2.00341],[-76.26938,2.00097],[-76.26997,1.99806],[-76.26862,1.99495],[-76.26838,1.99105],[-76.26887,1.98929],[-76.26834,1.98765],[-76.26945,1.98665],[-76.26942,1.98446],[-76.27,1.9838],[-76.2724,1.98476],[-76.27322,1.98455],[-76.27387,1.98134],[-76.27437,1.98098],[-76.2767,1.98283],[-76.27712,1.98192],[-76.27648,1.97997],[-76.27788,1.97816],[-76.27876,1.97401],[-76.28166,1.97206],[-76.28191,1.97056],[-76.28421,1.97012],[-76.2826,1.96753],[-76.2848,1.96736],[-76.28427,1.96576],[-76.2827,1.96478],[-76.28374,1.96268],[-76.28292,1.96049],[-76.28286,1.95679],[-76.2812,1.95471],[-76.28166,1.95338],[-76.28291,1.95259],[-76.28253,1.94967],[-76.28333,1.94874],[-76.28184,1.9445],[-76.28204,1.93817],[-76.28157,1.93708],[-76.28221,1.9355],[-76.28259,1.93128],[-76.2807,1.92776],[-76.27822,1.92519],[-76.27949,1.92291],[-76.27806,1.92106],[-76.27759,1.91816],[-76.27646,1.91751],[-76.27344,1.9176],[-76.27221,1.91589],[-76.26931,1.91414],[-76.26932,1.91337],[-76.27119,1.9126],[-76.2716,1.91181],[-76.26888,1.91039],[-76.26951,1.90772],[-76.26793,1.9066],[-76.26543,1.90327],[-76.26512,1.90187],[-76.26555,1.89941],[-76.26396,1.89774],[-76.26148,1.8969],[-76.26036,1.89548],[-76.2599,1.89387],[-76.26032,1.89174],[-76.25979,1.89046],[-76.25617,1.89007],[-76.25477,1.8881],[-76.25057,1.88628],[-76.24886,1.88132],[-76.24646,1.88136],[-76.24539,1.88062],[-76.24576,1.87828],[-76.24447,1.87808],[-76.23927,1.87928],[-76.23879,1.87784],[-76.23956,1.8759],[-76.23922,1.87517],[-76.23737,1.87455],[-76.23405,1.87544],[-76.23284,1.87354],[-76.23018,1.87259],[-76.23147,1.86939],[-76.22861,1.86635],[-76.22882,1.8632],[-76.22804,1.86233],[-76.22698,1.86213],[-76.22554,1.8626],[-76.22495,1.86143],[-76.22499,1.85954],[-76.2276,1.85666],[-76.22774,1.85463],[-76.22714,1.85407],[-76.22429,1.85399],[-76.22106,1.8557],[-76.21843,1.85465],[-76.21783,1.8564],[-76.21546,1.85726],[-76.2151,1.85986],[-76.21044,1.86251],[-76.20748,1.86133],[-76.20689,1.86226],[-76.20064,1.8639],[-76.19457,1.86247],[-76.19176,1.86421],[-76.17937,1.86659],[-76.17718,1.86755],[-76.17735,1.87005],[-76.17676,1.87075],[-76.17443,1.86955],[-76.17255,1.86999],[-76.17099,1.86969],[-76.16986,1.86755],[-76.16796,1.86656],[-76.16605,1.86858],[-76.1652,1.87447],[-76.16258,1.87847],[-76.16467,1.88051],[-76.16408,1.88524],[-76.16571,1.88582],[-76.16626,1.88634],[-76.16601,1.88695],[-76.16347,1.88819],[-76.16221,1.8917],[-76.16118,1.89293],[-76.15708,1.89314],[-76.15598,1.89426],[-76.15229,1.8961],[-76.15234,1.8981],[-76.15391,1.8999],[-76.15187,1.90128],[-76.15144,1.90269],[-76.15424,1.90795],[-76.1534,1.91357],[-76.15137,1.91675],[-76.15033,1.9171],[-76.14634,1.91639],[-76.14374,1.91798],[-76.14011,1.91782],[-76.13564,1.9219],[-76.13435,1.9224],[-76.13249,1.92164],[-76.12685,1.92212],[-76.12118,1.92793],[-76.1157,1.93204],[-76.11353,1.93488],[-76.11268,1.93533],[-76.10625,1.93557],[-76.1007,1.93784],[-76.10141,1.93902],[-76.10146,1.94067],[-76.10463,1.93996],[-76.10536,1.94025],[-76.10566,1.94233],[-76.10521,1.94577],[-76.10718,1.94823],[-76.11195,1.95041],[-76.11608,1.95043],[-76.11774,1.94918],[-76.12045,1.94885],[-76.12249,1.94947],[-76.12463,1.95129],[-76.12727,1.95074],[-76.12909,1.9533],[-76.13061,1.95363],[-76.13813,1.95846],[-76.13903,1.95975],[-76.13869,1.96135],[-76.14063,1.96044],[-76.14075,1.95896],[-76.14224,1.95844],[-76.1433,1.95665],[-76.14662,1.95647],[-76.14862,1.95788],[-76.15022,1.95795],[-76.15157,1.95898],[-76.15377,1.95936],[-76.15743,1.96264],[-76.15823,1.96255],[-76.15892,1.96163],[-76.16046,1.96262],[-76.16137,1.96529],[-76.15801,1.9677],[-76.15596,1.97007],[-76.15437,1.97086],[-76.15377,1.97221],[-76.15412,1.97408],[-76.1565,1.97522],[-76.15652,1.97851],[-76.15719,1.97975],[-76.15613,1.98102],[-76.14943,1.9801],[-76.1423,1.98674],[-76.14144,1.98891],[-76.1381,1.99057],[-76.13365,1.99683],[-76.13223,1.99687],[-76.13515,2.00071],[-76.13651,1.99886],[-76.14001,1.99964],[-76.14416,1.99751],[-76.14572,1.9986],[-76.15027,1.99911],[-76.15139,1.99991],[-76.15334,1.99947],[-76.15554,2.00126],[-76.15838,2.00483],[-76.15844,2.00702],[-76.16031,2.00731],[-76.16129,2.00804],[-76.16115,2.00975],[-76.16169,2.01086],[-76.16449,2.01215],[-76.16895,2.0131],[-76.1692,2.01398],[-76.17194,2.01569],[-76.17251,2.01732],[-76.17356,2.01743],[-76.17349,2.01916],[-76.17605,2.01883],[-76.17623,2.0213],[-76.17822,2.02303],[-76.18085,2.02409],[-76.18186,2.02526],[-76.18806,2.02317],[-76.189,2.02359],[-76.18998,2.0253],[-76.19295,2.02593],[-76.19407,2.02676],[-76.19643,2.026],[-76.19801,2.02621],[-76.19937,2.02815],[-76.20124,2.0268],[-76.20389,2.02764],[-76.20575,2.02624],[-76.20726,2.02591],[-76.21025,2.02729],[-76.2134,2.02749],[-76.2156,2.02919],[-76.21689,2.02854],[-76.21802,2.02689],[-76.21905,2.02677],[-76.22064,2.03069],[-76.22395,2.03402],[-76.2258,2.03437],[-76.22778,2.03311],[-76.22999,2.03273],[-76.23398,2.03635],[-76.23837,2.03709],[-76.24157,2.0429],[-76.24196,2.04464],[-76.24275,2.04519],[-76.24453,2.04489],[-76.24472,2.04649],[-76.24595,2.04836],[-76.2488,2.04827],[-76.25043,2.05072],[-76.25289,2.0504],[-76.25535,2.05177],[-76.25891,2.0518],[-76.26149,2.0539],[-76.26246,2.05562],[-76.26352,2.05547],[-76.26468,2.05407],[-76.26599,2.0537],[-76.27192,2.05377],[-76.27399,2.05268],[-76.2787,2.05416],[-76.28099,2.05398],[-76.28099,2.05799],[-76.28558,2.05751],[-76.28675,2.05804],[-76.2894,2.06168],[-76.29026,2.06516],[-76.29188,2.06576],[-76.29279,2.067],[-76.29377,2.06704],[-76.29412,2.06842],[-76.29615,2.06934],[-76.29618,2.06807],[-76.29671,2.06792],[-76.29751,2.06869],[-76.29841,2.06841],[-76.29923,2.06978],[-76.30058,2.0689],[-76.30057,2.06997],[-76.30272,2.07072],[-76.30368,2.07203],[-76.30514,2.07126],[-76.30632,2.07175],[-76.30744,2.07146],[-76.30897,2.07332],[-76.30886,2.07545],[-76.31085,2.07573],[-76.31164,2.07468],[-76.31308,2.07459],[-76.3134,2.07533],[-76.31257,2.0761],[-76.3135,2.0766],[-76.31409,2.07593],[-76.31471,2.07632],[-76.3145,2.07775],[-76.31535,2.07827],[-76.31613,2.07785],[-76.31662,2.07887],[-76.31828,2.07878],[-76.31705,2.07938],[-76.31732,2.07993],[-76.3191,2.08015],[-76.31924,2.07925],[-76.32137,2.07815],[-76.3229,2.0786],[-76.32445,2.0783],[-76.32329,2.07952],[-76.32577,2.07969],[-76.32598,2.07816],[-76.32724,2.07707],[-76.32746,2.0759],[-76.32819,2.07568],[-76.3299,2.07658],[-76.33205,2.07678],[-76.33248,2.07811],[-76.33358,2.07855],[-76.33344,2.08003],[-76.33538,2.07995],[-76.33645,2.08224],[-76.33832,2.08231],[-76.33897,2.08346],[-76.33965,2.08225],[-76.34054,2.08208],[-76.34148,2.08329],[-76.34309,2.08314],[-76.34319,2.08386],[-76.34221,2.08446],[-76.34326,2.08487],[-76.34325,2.08573],[-76.34563,2.08514],[-76.34639,2.08629],[-76.34592,2.08761],[-76.34633,2.08925],[-76.34794,2.09209],[-76.3487,2.09203],[-76.34889,2.09282],[-76.35049,2.09406],[-76.35092,2.09817],[-76.35217,2.0993],[-76.35205,2.10332],[-76.35431,2.10404],[-76.35391,2.1051],[-76.35488,2.10733],[-76.35572,2.10796],[-76.35648,2.1104],[-76.36075,2.11106],[-76.36236,2.11267],[-76.36382,2.11228],[-76.36429,2.1135],[-76.36539,2.1141],[-76.3655,2.11592],[-76.36751,2.11749],[-76.3689,2.11991],[-76.36827,2.12235],[-76.36848,2.12447],[-76.3676,2.12583],[-76.36593,2.12694],[-76.36587,2.12976],[-76.36485,2.13078],[-76.3639,2.13316],[-76.36411,2.13467],[-76.36359,2.13617],[-76.36439,2.14254],[-76.36516,2.14273],[-76.36611,2.1443],[-76.36917,2.14403],[-76.37092,2.1448],[-76.37477,2.14957],[-76.37919,2.15138],[-76.37235,2.15496],[-76.36882,2.15849],[-76.3653,2.16466],[-76.36495,2.16966],[-76.36566,2.17284],[-76.36609,2.17332],[-76.36783,2.17308],[-76.36932,2.17612],[-76.37294,2.1808],[-76.37641,2.18321],[-76.37772,2.18476],[-76.37883,2.19035],[-76.37839,2.19774],[-76.38389,2.20743],[-76.38466,2.21028],[-76.38462,2.21279],[-76.38389,2.21395],[-76.37762,2.21337],[-76.37656,2.21617],[-76.37482,2.21747],[-76.37516,2.2222],[-76.37637,2.22601],[-76.37622,2.22852],[-76.37564,2.23087],[-76.37256,2.23672],[-76.3717,2.24013],[-76.37116,2.24797],[-76.37162,2.25054],[-76.37073,2.25293],[-76.37091,2.25478],[-76.36756,2.25849],[-76.36482,2.26484],[-76.36235,2.26669],[-76.36048,2.2707],[-76.36263,2.27444],[-76.36347,2.27735],[-76.36513,2.27834],[-76.36845,2.27909],[-76.37193,2.27909],[-76.37285,2.27909]]]},"properties":{"OBJECTID":127,"MpCodigo":"41359","MpNombre":"Isnos","Depto":"Huila","MpCategor":1,"MpNorma":null,"MpArea":370.7286930050262,"MpAltitud":1900}},{"type":"Feature","id":128,"geometry":{"type":"Polygon","coordinates":[[[-76.30153,2.28322],[-76.30391,2.2834],[-76.30564,2.28203],[-76.30829,2.2813],[-76.31423,2.28157],[-76.31816,2.28039],[-76.32328,2.28112],[-76.32538,2.27993],[-76.33324,2.27774],[-76.33619,2.27548],[-76.34379,2.27211],[-76.3486,2.27211],[-76.35334,2.27087],[-76.36048,2.2707],[-76.35857,2.26904],[-76.35614,2.26547],[-76.35424,2.26395],[-76.35355,2.25966],[-76.35248,2.25724],[-76.34917,2.25592],[-76.34708,2.25279],[-76.34696,2.24851],[-76.34248,2.23827],[-76.33732,2.2354],[-76.33622,2.23274],[-76.3325,2.23206],[-76.33074,2.23041],[-76.32823,2.22927],[-76.32546,2.22598],[-76.3232,2.22244],[-76.32307,2.22067],[-76.32119,2.21827],[-76.31819,2.21714],[-76.3157,2.21506],[-76.31453,2.21358],[-76.31453,2.21181],[-76.31209,2.21044],[-76.31073,2.21079],[-76.30824,2.21042],[-76.3047,2.20888],[-76.303,2.20774],[-76.30019,2.20427],[-76.29275,2.19951],[-76.29004,2.19839],[-76.28876,2.19345],[-76.28738,2.19244],[-76.27808,2.18814],[-76.27355,2.1851],[-76.27104,2.18434],[-76.26488,2.17915],[-76.26249,2.17801],[-76.25733,2.17687],[-76.25268,2.17737],[-76.24954,2.17623],[-76.2391,2.17483],[-76.2249,2.17052],[-76.22087,2.16787],[-76.21761,2.16432],[-76.20944,2.1585],[-76.20353,2.15103],[-76.20303,2.14407],[-76.20128,2.13788],[-76.20002,2.13522],[-76.19776,2.13319],[-76.19499,2.13142],[-76.18846,2.1299],[-76.17626,2.12989],[-76.17299,2.12888],[-76.17161,2.12723],[-76.17162,2.11686],[-76.1681,2.11091],[-76.16081,2.10901],[-76.1558,2.11047],[-76.15168,2.11044],[-76.15104,2.11717],[-76.15023,2.11808],[-76.13997,2.12519],[-76.13563,2.12897],[-76.12856,2.12971],[-76.12486,2.12815],[-76.11878,2.12397],[-76.11798,2.12129],[-76.11524,2.11947],[-76.11358,2.10696],[-76.10389,2.09707],[-76.10017,2.09674],[-76.09581,2.09761],[-76.0866,2.10153],[-76.08243,2.10173],[-76.07311,2.09461],[-76.0642,2.09428],[-76.06133,2.09345],[-76.0598,2.09133],[-76.05759,2.09046],[-76.05345,2.0914],[-76.05125,2.09224],[-76.0505,2.09307],[-76.04181,2.09365],[-76.04059,2.09503],[-76.03268,2.0979],[-76.0274,2.09591],[-76.01832,2.1039],[-76.01074,2.10954],[-76.0102,2.11135],[-76.00146,2.11884],[-75.99886,2.12254],[-75.98571,2.13163],[-75.97942,2.14055],[-75.97309,2.14403],[-75.97353,2.1501],[-75.97577,2.15331],[-75.97738,2.15448],[-75.97721,2.15842],[-75.97632,2.15948],[-75.97567,2.16184],[-75.97683,2.16251],[-75.97715,2.16363],[-75.97653,2.16438],[-75.97312,2.16562],[-75.97236,2.16931],[-75.97152,2.17024],[-75.96391,2.17298],[-75.96388,2.17517],[-75.96319,2.17578],[-75.95888,2.17705],[-75.9492,2.17824],[-75.9483,2.17889],[-75.94782,2.18025],[-75.94513,2.18191],[-75.94286,2.18203],[-75.93805,2.18435],[-75.93428,2.18853],[-75.92696,2.1926],[-75.92525,2.19633],[-75.91902,2.20065],[-75.91646,2.20392],[-75.91377,2.20552],[-75.91342,2.20608],[-75.91629,2.20846],[-75.91976,2.21368],[-75.92018,2.21524],[-75.91985,2.21825],[-75.91912,2.21898],[-75.91455,2.22021],[-75.91461,2.22274],[-75.91081,2.22609],[-75.909,2.2272],[-75.90587,2.22771],[-75.90445,2.22862],[-75.90641,2.23051],[-75.90722,2.23245],[-75.90346,2.23509],[-75.8981,2.24295],[-75.89771,2.24546],[-75.8965,2.24762],[-75.89707,2.24922],[-75.89506,2.25169],[-75.89289,2.25615],[-75.89054,2.25793],[-75.8889,2.26034],[-75.89348,2.26108],[-75.89612,2.26064],[-75.89687,2.25958],[-75.89758,2.26026],[-75.89836,2.2596],[-75.89924,2.26001],[-75.90076,2.25862],[-75.90073,2.25771],[-75.90252,2.25781],[-75.90421,2.25626],[-75.90603,2.25633],[-75.90854,2.25847],[-75.91051,2.25616],[-75.91311,2.2561],[-75.91364,2.25549],[-75.91737,2.25472],[-75.91896,2.25385],[-75.92011,2.25457],[-75.92289,2.25285],[-75.92522,2.25291],[-75.92888,2.2511],[-75.93001,2.24888],[-75.93296,2.24833],[-75.93407,2.24619],[-75.93661,2.24559],[-75.93699,2.24452],[-75.93931,2.24395],[-75.93976,2.2413],[-75.94154,2.24168],[-75.9414,2.23948],[-75.94694,2.23689],[-75.94878,2.23534],[-75.94976,2.23345],[-75.95056,2.23375],[-75.95056,2.23202],[-75.95198,2.23123],[-75.95157,2.22939],[-75.95217,2.22732],[-75.95347,2.22595],[-75.95329,2.224],[-75.95534,2.22254],[-75.9575,2.21744],[-75.95957,2.21644],[-75.96038,2.21698],[-75.96095,2.21608],[-75.96166,2.21626],[-75.96206,2.21724],[-75.96629,2.21782],[-75.96708,2.22136],[-75.96876,2.22286],[-75.96842,2.22455],[-75.96955,2.22517],[-75.96765,2.22744],[-75.96814,2.2289],[-75.96645,2.23263],[-75.96961,2.23608],[-75.97137,2.23609],[-75.97099,2.2379],[-75.97251,2.23857],[-75.97382,2.24114],[-75.97593,2.23821],[-75.97485,2.23739],[-75.9761,2.23317],[-75.97787,2.23272],[-75.97849,2.23057],[-75.98095,2.22903],[-75.98039,2.22663],[-75.98149,2.22504],[-75.98131,2.22378],[-75.98282,2.22337],[-75.98407,2.22158],[-75.98407,2.21925],[-75.98596,2.21791],[-75.9877,2.21743],[-75.9874,2.21644],[-75.98801,2.21373],[-75.98755,2.21285],[-75.9888,2.21096],[-75.98867,2.20966],[-75.98969,2.20872],[-75.98955,2.20756],[-75.99179,2.20667],[-75.99269,2.20238],[-75.9976,2.20202],[-75.99927,2.2035],[-75.99994,2.20164],[-76.00303,2.20023],[-76.00361,2.19897],[-76.00598,2.20013],[-76.00648,2.19866],[-76.01102,2.19526],[-76.01118,2.19419],[-76.01423,2.194],[-76.01419,2.19282],[-76.01592,2.19159],[-76.01542,2.19009],[-76.01608,2.18948],[-76.01983,2.19016],[-76.0233,2.18996],[-76.02587,2.19419],[-76.02907,2.19547],[-76.03134,2.19716],[-76.03221,2.19713],[-76.03485,2.19674],[-76.03833,2.19516],[-76.04182,2.19553],[-76.04439,2.19487],[-76.04646,2.1936],[-76.04793,2.19352],[-76.04881,2.19427],[-76.05063,2.1946],[-76.05559,2.19352],[-76.05766,2.1942],[-76.05973,2.19256],[-76.06216,2.1946],[-76.06367,2.19232],[-76.06505,2.19148],[-76.06783,2.19319],[-76.07063,2.19343],[-76.0728,2.19232],[-76.076,2.19253],[-76.07809,2.19091],[-76.07991,2.19096],[-76.08074,2.18973],[-76.08249,2.18972],[-76.08432,2.19061],[-76.08536,2.18942],[-76.08779,2.18972],[-76.0886,2.18881],[-76.0894,2.18688],[-76.08916,2.18461],[-76.09006,2.18277],[-76.09297,2.18185],[-76.09358,2.18205],[-76.09371,2.18375],[-76.09754,2.18331],[-76.10071,2.18058],[-76.10311,2.18035],[-76.10625,2.17846],[-76.10826,2.17798],[-76.1106,2.1789],[-76.1127,2.17696],[-76.11383,2.17719],[-76.11397,2.17824],[-76.11477,2.17887],[-76.11444,2.18015],[-76.11604,2.18025],[-76.11684,2.18128],[-76.1188,2.18087],[-76.11998,2.18121],[-76.12127,2.18291],[-76.12258,2.18088],[-76.12448,2.18033],[-76.12452,2.17947],[-76.12558,2.17877],[-76.12606,2.17684],[-76.12769,2.17616],[-76.12746,2.17402],[-76.12839,2.1738],[-76.12953,2.17459],[-76.12946,2.17189],[-76.1312,2.17233],[-76.13362,2.1705],[-76.13507,2.16834],[-76.13632,2.16813],[-76.1366,2.16672],[-76.13765,2.16588],[-76.13786,2.16403],[-76.14248,2.16019],[-76.14251,2.15898],[-76.14584,2.15469],[-76.14671,2.15277],[-76.15286,2.15181],[-76.15557,2.1525],[-76.15953,2.15245],[-76.16094,2.15146],[-76.16408,2.15243],[-76.16783,2.15614],[-76.17231,2.15546],[-76.17616,2.15554],[-76.18161,2.15732],[-76.18266,2.15885],[-76.18297,2.16079],[-76.18105,2.16474],[-76.18065,2.16708],[-76.18217,2.16813],[-76.18313,2.16813],[-76.18554,2.1666],[-76.18746,2.16636],[-76.19035,2.1733],[-76.19211,2.17556],[-76.19508,2.17847],[-76.19692,2.17806],[-76.20289,2.18235],[-76.20441,2.18697],[-76.20277,2.19419],[-76.20429,2.19546],[-76.20758,2.19685],[-76.20821,2.198],[-76.20927,2.1984],[-76.21091,2.20081],[-76.21162,2.20409],[-76.2127,2.20544],[-76.21742,2.20602],[-76.21946,2.20756],[-76.22124,2.21324],[-76.22363,2.2156],[-76.22461,2.21799],[-76.23257,2.22587],[-76.23879,2.22792],[-76.24168,2.23121],[-76.24621,2.23846],[-76.24856,2.24113],[-76.24955,2.24326],[-76.24965,2.24675],[-76.2529,2.24924],[-76.25575,2.25006],[-76.26198,2.25575],[-76.266,2.26088],[-76.27022,2.26213],[-76.27469,2.26962],[-76.27741,2.27197],[-76.2849,2.27454],[-76.28591,2.27399],[-76.28883,2.27426],[-76.29504,2.27792],[-76.29906,2.28249],[-76.30062,2.28285],[-76.30153,2.28322]]]},"properties":{"OBJECTID":128,"MpCodigo":"41378","MpNombre":"La Argentina","Depto":"Huila","MpCategor":1,"MpNorma":"Ordenanza No. 36 de 1959","MpArea":356.4575069551688,"MpAltitud":1540}},{"type":"Feature","id":145,"geometry":{"type":"Polygon","coordinates":[[[-75.97641,2.50402],[-75.97949,2.50354],[-75.97936,2.50282],[-75.98032,2.5021],[-75.97992,2.50106],[-75.98143,2.49922],[-75.98134,2.49796],[-75.98257,2.4962],[-75.98382,2.49582],[-75.98382,2.49471],[-75.98488,2.49324],[-75.9858,2.49304],[-75.98689,2.48936],[-75.98651,2.48802],[-75.98761,2.48384],[-75.98749,2.4823],[-75.98867,2.48215],[-75.98966,2.48053],[-75.98921,2.47879],[-75.99071,2.4787],[-75.99176,2.47765],[-75.99466,2.47703],[-75.99489,2.47602],[-75.9969,2.47431],[-75.99669,2.47281],[-75.99733,2.47164],[-75.99872,2.47129],[-75.99932,2.47054],[-75.99804,2.46943],[-75.99877,2.46848],[-75.9986,2.467],[-76.00279,2.46488],[-76.0042,2.46344],[-76.00331,2.46189],[-76.0051,2.46048],[-76.00553,2.45834],[-76.00955,2.45645],[-76.01409,2.45141],[-76.01665,2.45033],[-76.01981,2.44736],[-76.02031,2.4453],[-76.0219,2.4436],[-76.02085,2.441],[-76.02129,2.44011],[-76.02082,2.43842],[-76.0213,2.43362],[-76.02258,2.43194],[-76.02396,2.42477],[-76.02735,2.42216],[-76.02792,2.41629],[-76.03141,2.4084],[-76.03175,2.40409],[-76.03254,2.40263],[-76.0408,2.40066],[-76.04608,2.40452],[-76.04923,2.40551],[-76.05303,2.40557],[-76.05691,2.40654],[-76.06297,2.41059],[-76.06674,2.41089],[-76.07113,2.41307],[-76.07411,2.41291],[-76.08095,2.4156],[-76.08925,2.41592],[-76.09152,2.41341],[-76.09336,2.41005],[-76.09774,2.41002],[-76.09881,2.40569],[-76.10266,2.40629],[-76.10361,2.40584],[-76.10541,2.40151],[-76.1089,2.39621],[-76.11252,2.39387],[-76.12022,2.39053],[-76.12241,2.38274],[-76.12323,2.38166],[-76.12614,2.38001],[-76.14645,2.29402],[-76.12114,2.22481],[-76.12568,2.22343],[-76.13134,2.22308],[-76.13617,2.221],[-76.13824,2.21718],[-76.13956,2.21],[-76.14039,2.20853],[-76.14303,2.20528],[-76.14473,2.2045],[-76.14538,2.20326],[-76.14784,2.20132],[-76.15177,2.20015],[-76.15362,2.19877],[-76.159,2.19803],[-76.16303,2.19886],[-76.16718,2.19729],[-76.17858,2.19797],[-76.19645,2.19544],[-76.20244,2.19819],[-76.20821,2.198],[-76.20758,2.19685],[-76.20429,2.19546],[-76.20277,2.19419],[-76.20441,2.18697],[-76.20289,2.18235],[-76.19692,2.17806],[-76.19508,2.17847],[-76.19211,2.17556],[-76.19035,2.1733],[-76.18746,2.16636],[-76.18554,2.1666],[-76.18313,2.16813],[-76.18217,2.16813],[-76.18065,2.16708],[-76.18105,2.16474],[-76.18297,2.16079],[-76.18266,2.15885],[-76.18161,2.15732],[-76.17616,2.15554],[-76.17231,2.15546],[-76.16783,2.15614],[-76.16408,2.15243],[-76.16193,2.15154],[-76.1604,2.15165],[-76.15953,2.15245],[-76.15557,2.1525],[-76.15286,2.15181],[-76.14671,2.15277],[-76.14584,2.15469],[-76.14251,2.15898],[-76.14248,2.16019],[-76.13786,2.16403],[-76.13765,2.16588],[-76.1366,2.16672],[-76.13632,2.16813],[-76.13507,2.16834],[-76.13362,2.1705],[-76.1312,2.17233],[-76.12946,2.17189],[-76.12953,2.17459],[-76.12839,2.1738],[-76.12746,2.17402],[-76.12769,2.17616],[-76.12606,2.17684],[-76.12558,2.17877],[-76.12452,2.17947],[-76.12448,2.18033],[-76.12258,2.18088],[-76.12167,2.1828],[-76.1209,2.18281],[-76.11998,2.18121],[-76.1188,2.18087],[-76.11684,2.18128],[-76.11604,2.18025],[-76.11444,2.18015],[-76.11477,2.17887],[-76.11397,2.17824],[-76.11383,2.17719],[-76.1127,2.17696],[-76.1106,2.1789],[-76.10826,2.17798],[-76.10625,2.17846],[-76.10311,2.18035],[-76.10071,2.18058],[-76.09754,2.18331],[-76.09371,2.18375],[-76.09358,2.18205],[-76.09297,2.18185],[-76.09006,2.18277],[-76.08916,2.18461],[-76.08917,2.18759],[-76.08779,2.18972],[-76.0859,2.18925],[-76.08432,2.19061],[-76.08249,2.18972],[-76.08074,2.18973],[-76.07961,2.19113],[-76.07809,2.19091],[-76.07508,2.19273],[-76.0728,2.19232],[-76.07157,2.19332],[-76.06906,2.19343],[-76.06679,2.19276],[-76.06505,2.19148],[-76.06367,2.19232],[-76.06216,2.1946],[-76.05973,2.19256],[-76.05766,2.1942],[-76.05559,2.19352],[-76.05063,2.1946],[-76.04881,2.19427],[-76.04793,2.19352],[-76.04646,2.1936],[-76.04439,2.19487],[-76.04182,2.19553],[-76.03833,2.19516],[-76.03485,2.19674],[-76.03134,2.19716],[-76.02907,2.19547],[-76.02587,2.19419],[-76.0233,2.18996],[-76.01983,2.19016],[-76.01608,2.18948],[-76.01542,2.19009],[-76.01592,2.19159],[-76.01419,2.19282],[-76.01423,2.194],[-76.01118,2.19419],[-76.01102,2.19526],[-76.00648,2.19866],[-76.00598,2.20013],[-76.00361,2.19897],[-76.00303,2.20023],[-75.99994,2.20164],[-75.99927,2.2035],[-75.9976,2.20202],[-75.99269,2.20238],[-75.99179,2.20667],[-75.98955,2.20756],[-75.98969,2.20872],[-75.98867,2.20966],[-75.9888,2.21096],[-75.98755,2.21285],[-75.98801,2.21373],[-75.9874,2.21644],[-75.9877,2.21743],[-75.98596,2.21791],[-75.98407,2.21925],[-75.98407,2.22158],[-75.98282,2.22337],[-75.98131,2.22378],[-75.98149,2.22504],[-75.98039,2.22663],[-75.98095,2.22903],[-75.97849,2.23057],[-75.97787,2.23272],[-75.9761,2.23317],[-75.97485,2.23739],[-75.97593,2.23821],[-75.97382,2.24114],[-75.97251,2.23857],[-75.97099,2.2379],[-75.97137,2.23609],[-75.96961,2.23608],[-75.96645,2.23263],[-75.96814,2.2289],[-75.96765,2.22744],[-75.96955,2.22517],[-75.96842,2.22455],[-75.96876,2.22286],[-75.96708,2.22136],[-75.96629,2.21782],[-75.96206,2.21724],[-75.96166,2.21626],[-75.96095,2.21608],[-75.96038,2.21698],[-75.95912,2.21655],[-75.9575,2.21744],[-75.95661,2.21883],[-75.95497,2.2231],[-75.95329,2.224],[-75.95347,2.22595],[-75.95217,2.22732],[-75.95157,2.22939],[-75.95198,2.23123],[-75.95056,2.23202],[-75.95056,2.23375],[-75.94976,2.23345],[-75.94878,2.23534],[-75.94694,2.23689],[-75.9414,2.23948],[-75.94154,2.24168],[-75.93976,2.2413],[-75.93931,2.24395],[-75.93699,2.24452],[-75.93661,2.24559],[-75.93407,2.24619],[-75.93296,2.24833],[-75.93001,2.24888],[-75.92888,2.2511],[-75.92522,2.25291],[-75.92289,2.25285],[-75.92011,2.25457],[-75.91896,2.25385],[-75.91737,2.25472],[-75.91364,2.25549],[-75.91311,2.2561],[-75.91051,2.25616],[-75.90854,2.25847],[-75.90603,2.25633],[-75.90421,2.25626],[-75.90252,2.25781],[-75.90073,2.25771],[-75.90076,2.25862],[-75.89924,2.26001],[-75.89836,2.2596],[-75.89758,2.26026],[-75.89687,2.25958],[-75.89612,2.26064],[-75.89348,2.26108],[-75.8889,2.26034],[-75.88906,2.26328],[-75.89075,2.26633],[-75.8891,2.26844],[-75.89106,2.27009],[-75.89402,2.27086],[-75.89589,2.27074],[-75.90023,2.26926],[-75.90129,2.2675],[-75.90624,2.26912],[-75.90864,2.27239],[-75.90782,2.27845],[-75.90666,2.2806],[-75.90221,2.28073],[-75.89951,2.28174],[-75.8961,2.2849],[-75.8937,2.2895],[-75.89347,2.29388],[-75.89457,2.29706],[-75.89658,2.30028],[-75.8978,2.30134],[-75.90106,2.30157],[-75.90343,2.30244],[-75.89653,2.3141],[-75.89315,2.31667],[-75.88625,2.30958],[-75.88147,2.30947],[-75.87965,2.3081],[-75.87619,2.30793],[-75.8723,2.30954],[-75.87048,2.30965],[-75.86685,2.31566],[-75.86389,2.31928],[-75.86187,2.32021],[-75.85983,2.32261],[-75.8574,2.32342],[-75.85521,2.32345],[-75.85374,2.32559],[-75.84953,2.32516],[-75.84214,2.32668],[-75.84073,2.32768],[-75.83897,2.33312],[-75.83974,2.33858],[-75.83873,2.33981],[-75.83862,2.34239],[-75.83733,2.34392],[-75.83713,2.34569],[-75.83595,2.34656],[-75.83394,2.34619],[-75.83365,2.34822],[-75.83298,2.34832],[-75.83197,2.34702],[-75.83128,2.34693],[-75.82981,2.34877],[-75.82866,2.34879],[-75.82999,2.35079],[-75.82805,2.35236],[-75.83104,2.35476],[-75.83145,2.35622],[-75.83051,2.35756],[-75.83007,2.36295],[-75.82882,2.36615],[-75.82942,2.36808],[-75.82869,2.36963],[-75.83012,2.37189],[-75.82919,2.37562],[-75.83034,2.37815],[-75.82822,2.38013],[-75.82859,2.38237],[-75.82813,2.38452],[-75.82553,2.38501],[-75.82064,2.3907],[-75.81975,2.39251],[-75.81999,2.39534],[-75.81912,2.3977],[-75.8195,2.40119],[-75.81797,2.40325],[-75.81776,2.40574],[-75.81877,2.40775],[-75.81729,2.4088],[-75.81744,2.40977],[-75.81644,2.41204],[-75.81693,2.41467],[-75.818,2.41607],[-75.81803,2.41794],[-75.81764,2.41981],[-75.81633,2.42164],[-75.81654,2.4245],[-75.82081,2.42398],[-75.82379,2.426],[-75.82589,2.42869],[-75.82831,2.4304],[-75.83017,2.43334],[-75.82999,2.436],[-75.8308,2.43901],[-75.83272,2.4407],[-75.83515,2.44157],[-75.83729,2.44456],[-75.84202,2.44718],[-75.84277,2.44827],[-75.842,2.45098],[-75.84296,2.45373],[-75.84197,2.45647],[-75.8422,2.45751],[-75.84129,2.45803],[-75.84129,2.45913],[-75.84563,2.46027],[-75.84895,2.45832],[-75.84918,2.45609],[-75.84529,2.45252],[-75.84572,2.45147],[-75.84709,2.45054],[-75.84906,2.4502],[-75.85139,2.45148],[-75.85104,2.45579],[-75.85237,2.45553],[-75.85354,2.45437],[-75.85373,2.45227],[-75.85164,2.45001],[-75.85137,2.4481],[-75.85987,2.44193],[-75.86046,2.44047],[-75.85969,2.43925],[-75.85677,2.43899],[-75.85578,2.43838],[-75.85556,2.43655],[-75.85611,2.43395],[-75.86348,2.42635],[-75.86489,2.42613],[-75.86774,2.42784],[-75.87424,2.42615],[-75.87472,2.42664],[-75.87452,2.42769],[-75.87208,2.43097],[-75.8728,2.43173],[-75.87963,2.42983],[-75.88117,2.42762],[-75.88247,2.42822],[-75.88345,2.4295],[-75.88441,2.42938],[-75.88638,2.42741],[-75.8869,2.42524],[-75.8875,2.42511],[-75.8886,2.4269],[-75.88859,2.42788],[-75.88721,2.42995],[-75.89091,2.43051],[-75.89178,2.43152],[-75.89117,2.43233],[-75.88893,2.43227],[-75.88817,2.43335],[-75.88858,2.43422],[-75.8904,2.4344],[-75.89462,2.43328],[-75.89429,2.43657],[-75.89913,2.43952],[-75.90087,2.44242],[-75.90255,2.44334],[-75.90493,2.44202],[-75.90573,2.44208],[-75.90647,2.44281],[-75.90707,2.44568],[-75.9102,2.4462],[-75.91095,2.45175],[-75.91218,2.45512],[-75.91665,2.4563],[-75.91763,2.45702],[-75.91761,2.46682],[-75.91574,2.47116],[-75.91722,2.47403],[-75.92051,2.47387],[-75.92203,2.47468],[-75.92216,2.47675],[-75.92403,2.47964],[-75.924,2.48123],[-75.92488,2.48132],[-75.92642,2.47977],[-75.92764,2.47972],[-75.92944,2.48173],[-75.93029,2.4806],[-75.93075,2.47843],[-75.93147,2.47827],[-75.93327,2.4799],[-75.93468,2.48216],[-75.93739,2.48439],[-75.9369,2.48742],[-75.93728,2.4881],[-75.94134,2.48828],[-75.94737,2.48612],[-75.95269,2.4871],[-75.95357,2.48787],[-75.95426,2.49002],[-75.95835,2.4904],[-75.96089,2.49662],[-75.96255,2.49857],[-75.9643,2.49914],[-75.96502,2.49886],[-75.96616,2.49967],[-75.9683,2.49937],[-75.96799,2.50062],[-75.96868,2.50116],[-75.97103,2.50085],[-75.97221,2.50158],[-75.97299,2.50115],[-75.97356,2.50217],[-75.97459,2.50222],[-75.97617,2.50401],[-75.97641,2.50402]]]},"properties":{"OBJECTID":145,"MpCodigo":"41396","MpNombre":"La Plata","Depto":"Huila","MpCategor":1,"MpNorma":null,"MpArea":814.6712902270915,"MpAltitud":1018}},{"type":"Feature","id":160,"geometry":{"type":"Polygon","coordinates":[[[-75.7616,2.68038],[-75.76364,2.67967],[-75.76523,2.67742],[-75.76768,2.67673],[-75.7704,2.67748],[-75.77174,2.67698],[-75.77452,2.67151],[-75.77466,2.66682],[-75.77748,2.66465],[-75.7784,2.66294],[-75.77956,2.66213],[-75.78036,2.65998],[-75.78265,2.65787],[-75.78563,2.65911],[-75.78909,2.6582],[-75.78872,2.65244],[-75.789,2.65184],[-75.79118,2.65089],[-75.79098,2.64999],[-75.78958,2.64879],[-75.79091,2.64696],[-75.79074,2.6423],[-75.79154,2.6405],[-75.79069,2.63976],[-75.79099,2.63844],[-75.78906,2.6351],[-75.78959,2.63443],[-75.79116,2.63408],[-75.79102,2.6304],[-75.79243,2.62943],[-75.79684,2.62877],[-75.79693,2.62806],[-75.79498,2.62708],[-75.79464,2.62637],[-75.79715,2.62536],[-75.79802,2.62347],[-75.80059,2.6231],[-75.80083,2.62019],[-75.80253,2.61643],[-75.80336,2.61602],[-75.80272,2.61433],[-75.80436,2.61317],[-75.80807,2.60766],[-75.80645,2.60497],[-75.80916,2.60433],[-75.80931,2.60165],[-75.80996,2.60019],[-75.81536,2.59499],[-75.81756,2.59492],[-75.81788,2.59587],[-75.81973,2.59598],[-75.81962,2.59434],[-75.82447,2.5908],[-75.82365,2.58848],[-75.82559,2.58669],[-75.82537,2.58388],[-75.82586,2.58294],[-75.82428,2.58111],[-75.82617,2.57899],[-75.82699,2.57534],[-75.82871,2.57392],[-75.82942,2.57225],[-75.8304,2.57213],[-75.83221,2.57065],[-75.83371,2.57012],[-75.83513,2.57079],[-75.83592,2.57031],[-75.83604,2.5695],[-75.83523,2.56864],[-75.83671,2.56845],[-75.83756,2.56712],[-75.8385,2.56402],[-75.83793,2.56152],[-75.83997,2.55922],[-75.83945,2.55759],[-75.838,2.55588],[-75.8363,2.55637],[-75.83596,2.55308],[-75.83425,2.55301],[-75.83349,2.55205],[-75.83457,2.54913],[-75.83375,2.54786],[-75.83419,2.54603],[-75.8339,2.54419],[-75.83534,2.54294],[-75.83599,2.54155],[-75.83751,2.54107],[-75.8367,2.53916],[-75.83526,2.53724],[-75.83025,2.53445],[-75.82952,2.53185],[-75.82727,2.53167],[-75.82646,2.52994],[-75.82469,2.52882],[-75.82572,2.52648],[-75.82386,2.52438],[-75.8235,2.52169],[-75.82181,2.52011],[-75.81933,2.51972],[-75.8199,2.51524],[-75.81894,2.51187],[-75.82006,2.51065],[-75.82214,2.50418],[-75.82163,2.49865],[-75.8227,2.49492],[-75.82203,2.49232],[-75.81873,2.49045],[-75.81632,2.48648],[-75.81499,2.48587],[-75.81396,2.48386],[-75.81179,2.48476],[-75.81117,2.48388],[-75.80752,2.48312],[-75.80645,2.4803],[-75.80278,2.48034],[-75.80248,2.4797],[-75.8034,2.47581],[-75.80295,2.47523],[-75.80022,2.47493],[-75.79625,2.47584],[-75.79492,2.47566],[-75.79545,2.47711],[-75.79404,2.47701],[-75.79182,2.48125],[-75.79048,2.48196],[-75.78952,2.48358],[-75.7872,2.48454],[-75.78596,2.48734],[-75.78316,2.48955],[-75.78132,2.48963],[-75.78034,2.49044],[-75.77865,2.49071],[-75.77656,2.49266],[-75.77719,2.49485],[-75.77702,2.49691],[-75.77563,2.49895],[-75.77582,2.50053],[-75.77338,2.50214],[-75.77227,2.50582],[-75.77096,2.50683],[-75.7694,2.50925],[-75.76822,2.51544],[-75.76624,2.51885],[-75.76583,2.52608],[-75.76737,2.52928],[-75.7674,2.53262],[-75.76633,2.53615],[-75.76787,2.54216],[-75.76748,2.5448],[-75.76624,2.5471],[-75.76842,2.55588],[-75.76777,2.55761],[-75.76863,2.55827],[-75.76594,2.5597],[-75.76669,2.56023],[-75.76649,2.56667],[-75.76886,2.56888],[-75.75992,2.58108],[-75.75911,2.58338],[-75.75937,2.58587],[-75.7568,2.5869],[-75.75565,2.58683],[-75.75537,2.58789],[-75.75124,2.58649],[-75.74656,2.58725],[-75.74476,2.58685],[-75.74138,2.5872],[-75.73898,2.5861],[-75.73663,2.5872],[-75.73559,2.58854],[-75.73684,2.58951],[-75.73628,2.59325],[-75.73683,2.5945],[-75.73695,2.59791],[-75.73868,2.60129],[-75.73831,2.60428],[-75.73928,2.60505],[-75.74206,2.60559],[-75.74547,2.60869],[-75.74938,2.61097],[-75.75033,2.61226],[-75.75388,2.61324],[-75.75592,2.61299],[-75.75992,2.6176],[-75.76082,2.6204],[-75.75938,2.62286],[-75.75976,2.62624],[-75.75822,2.62693],[-75.75661,2.62921],[-75.75461,2.63007],[-75.75524,2.63219],[-75.75438,2.63238],[-75.75282,2.63675],[-75.74645,2.64266],[-75.74267,2.64425],[-75.74021,2.64724],[-75.74048,2.65228],[-75.73972,2.65526],[-75.73346,2.6601],[-75.73076,2.66626],[-75.73248,2.66723],[-75.73448,2.66728],[-75.73758,2.66946],[-75.73864,2.66841],[-75.74042,2.66829],[-75.74294,2.67198],[-75.74405,2.67247],[-75.74487,2.6737],[-75.74569,2.67364],[-75.74557,2.67216],[-75.74735,2.6728],[-75.74861,2.67203],[-75.7493,2.67326],[-75.75115,2.67399],[-75.75137,2.6759],[-75.75314,2.6769],[-75.75435,2.6769],[-75.75566,2.67611],[-75.75752,2.6771],[-75.76002,2.67696],[-75.76071,2.67974],[-75.76148,2.68037],[-75.7616,2.68038]]]},"properties":{"OBJECTID":160,"MpCodigo":"41483","MpNombre":"Nátaga","Depto":"Huila","MpCategor":1,"MpNorma":"Ordenanza No. 25 de 1967","MpArea":131.92360741718372,"MpAltitud":1475}},{"type":"Feature","id":115,"geometry":{"type":"Polygon","coordinates":[[[-76.12486,2.12815],[-76.12856,2.12971],[-76.13563,2.12897],[-76.13997,2.12519],[-76.15023,2.11808],[-76.14976,2.11744],[-76.14485,2.11574],[-76.1433,2.11399],[-76.13901,2.1123],[-76.13708,2.10857],[-76.13254,2.10881],[-76.13013,2.10838],[-76.12711,2.10945],[-76.1253,2.10941],[-76.12479,2.10737],[-76.1225,2.1053],[-76.12226,2.10301],[-76.12106,2.10148],[-76.11809,2.09874],[-76.11542,2.09983],[-76.11558,2.09496],[-76.11339,2.09407],[-76.1126,2.09262],[-76.11128,2.09222],[-76.11074,2.08988],[-76.10895,2.08919],[-76.11007,2.08638],[-76.10937,2.08388],[-76.11013,2.08007],[-76.1097,2.07821],[-76.10811,2.0776],[-76.1093,2.07492],[-76.10851,2.07332],[-76.10947,2.07182],[-76.10944,2.06829],[-76.1101,2.06783],[-76.11028,2.06679],[-76.11392,2.06519],[-76.11462,2.0636],[-76.11465,2.06009],[-76.11404,2.05791],[-76.11501,2.05206],[-76.11231,2.04906],[-76.11142,2.04712],[-76.10917,2.04452],[-76.10897,2.04315],[-76.10748,2.04171],[-76.10731,2.04057],[-76.10846,2.03878],[-76.10788,2.03712],[-76.10928,2.03654],[-76.10931,2.03476],[-76.11088,2.03456],[-76.1107,2.03264],[-76.10875,2.0304],[-76.10896,2.02889],[-76.10547,2.02644],[-76.10155,2.02628],[-76.10058,2.02352],[-76.0974,2.02112],[-76.09711,2.01935],[-76.09647,2.01865],[-76.09527,2.01881],[-76.09291,2.01796],[-76.09085,2.01901],[-76.09049,2.01775],[-76.08946,2.01707],[-76.08841,2.01802],[-76.08583,2.01811],[-76.08157,2.0197],[-76.07734,2.02377],[-76.076,2.0238],[-76.0734,2.02537],[-76.07241,2.02752],[-76.07086,2.0278],[-76.0693,2.027],[-76.06807,2.02707],[-76.06557,2.02457],[-76.06302,2.02413],[-76.06059,2.02273],[-76.0604,2.02122],[-76.0576,2.01897],[-76.05658,2.01912],[-76.0557,2.01799],[-76.0538,2.0179],[-76.05275,2.01686],[-76.05141,2.01714],[-76.05018,2.01459],[-76.04842,2.01518],[-76.04722,2.01493],[-76.04589,2.01373],[-76.04431,2.01072],[-76.0432,2.01162],[-76.04202,2.01036],[-76.03636,2.01075],[-76.03221,2.00969],[-76.0307,2.00991],[-76.028,2.00909],[-76.02586,2.00754],[-76.02361,2.00789],[-76.01999,2.00705],[-76.0156,2.00486],[-76.01026,2.00317],[-76.00784,2.00303],[-76.0059,2.00108],[-76.00092,2.00038],[-75.99907,2.0008],[-75.99724,2.00208],[-75.99741,2.00592],[-75.99666,2.00681],[-75.99649,2.00963],[-75.99572,2.01035],[-75.99229,2.01185],[-75.98847,2.01128],[-75.98556,2.01225],[-75.98493,2.0129],[-75.98455,2.01547],[-75.98215,2.01601],[-75.97981,2.02057],[-75.9792,2.02319],[-75.97028,2.03001],[-75.96799,2.0293],[-75.96596,2.02969],[-75.96492,2.03249],[-75.96246,2.03464],[-75.96337,2.03855],[-75.96285,2.04129],[-75.97011,2.04615],[-75.97226,2.05072],[-75.97418,2.05792],[-75.97955,2.06612],[-75.97863,2.07035],[-75.97245,2.07958],[-75.97024,2.08639],[-75.96746,2.0917],[-75.97012,2.09273],[-75.97174,2.09452],[-75.97111,2.09848],[-75.97123,2.10223],[-75.97203,2.10554],[-75.97037,2.10712],[-75.97286,2.11004],[-75.9737,2.11017],[-75.9764,2.10886],[-75.98042,2.10943],[-75.98198,2.10996],[-75.98516,2.11352],[-75.98674,2.11379],[-75.98878,2.11352],[-75.99234,2.11175],[-75.99382,2.11196],[-75.99622,2.11485],[-75.99866,2.11361],[-76.00483,2.11402],[-76.00629,2.11468],[-76.0102,2.11135],[-76.01074,2.10954],[-76.01832,2.1039],[-76.0274,2.09591],[-76.03268,2.0979],[-76.04059,2.09503],[-76.04181,2.09365],[-76.0505,2.09307],[-76.05125,2.09224],[-76.05345,2.0914],[-76.05759,2.09046],[-76.0598,2.09133],[-76.06133,2.09345],[-76.0642,2.09428],[-76.07311,2.09461],[-76.08243,2.10173],[-76.0866,2.10153],[-76.09581,2.09761],[-76.10017,2.09674],[-76.10389,2.09707],[-76.11358,2.10696],[-76.11524,2.11947],[-76.11798,2.12129],[-76.11878,2.12397],[-76.12152,2.12606],[-76.12486,2.12815]]]},"properties":{"OBJECTID":115,"MpCodigo":"41503","MpNombre":"Oporapa","Depto":"Huila","MpCategor":1,"MpNorma":"Ordenanza No. 10 de 1963","MpArea":155.82073728374394,"MpAltitud":1069}},{"type":"Feature","id":144,"geometry":{"type":"Polygon","coordinates":[[[-75.81143,2.48461],[-75.81586,2.48345],[-75.81776,2.48241],[-75.81946,2.48252],[-75.82041,2.48416],[-75.82307,2.48333],[-75.82368,2.47819],[-75.82477,2.4761],[-75.82581,2.4759],[-75.82632,2.47641],[-75.82636,2.47996],[-75.82724,2.48042],[-75.82835,2.48013],[-75.82959,2.47853],[-75.82866,2.47589],[-75.82913,2.47398],[-75.83044,2.4736],[-75.83197,2.47396],[-75.83326,2.47126],[-75.83981,2.46889],[-75.8431,2.46634],[-75.84344,2.46408],[-75.84205,2.46255],[-75.84016,2.46243],[-75.83677,2.46448],[-75.8361,2.46315],[-75.83689,2.46004],[-75.83963,2.45995],[-75.84129,2.45913],[-75.84129,2.45803],[-75.8422,2.45751],[-75.84197,2.45647],[-75.84296,2.45353],[-75.842,2.45098],[-75.84282,2.44842],[-75.84202,2.44718],[-75.83729,2.44456],[-75.83515,2.44157],[-75.83272,2.4407],[-75.8308,2.43901],[-75.82999,2.436],[-75.8301,2.43318],[-75.82831,2.4304],[-75.82589,2.42869],[-75.82457,2.4267],[-75.82021,2.42376],[-75.81654,2.4245],[-75.81634,2.42134],[-75.81764,2.41981],[-75.81803,2.41794],[-75.818,2.41607],[-75.81693,2.41467],[-75.81644,2.41204],[-75.81744,2.40977],[-75.81729,2.4088],[-75.81877,2.40775],[-75.81776,2.40574],[-75.81797,2.40325],[-75.8195,2.40119],[-75.81912,2.3977],[-75.81999,2.39534],[-75.81975,2.39251],[-75.82064,2.3907],[-75.82553,2.38501],[-75.82813,2.38452],[-75.82859,2.38237],[-75.82822,2.38013],[-75.83034,2.37815],[-75.82918,2.3755],[-75.83012,2.37189],[-75.82868,2.36913],[-75.82942,2.36808],[-75.82882,2.36615],[-75.83007,2.36295],[-75.83051,2.35756],[-75.83146,2.35643],[-75.83104,2.35476],[-75.82835,2.35269],[-75.82573,2.35341],[-75.82064,2.35163],[-75.81554,2.34915],[-75.81142,2.34576],[-75.81016,2.34343],[-75.80988,2.33908],[-75.80899,2.33764],[-75.8104,2.33487],[-75.80877,2.33463],[-75.80805,2.33392],[-75.80897,2.33376],[-75.8094,2.33275],[-75.80877,2.33267],[-75.8085,2.3317],[-75.80671,2.33286],[-75.80277,2.33157],[-75.80143,2.3304],[-75.80178,2.32888],[-75.79982,2.32754],[-75.79794,2.3275],[-75.79524,2.32891],[-75.78849,2.33025],[-75.787,2.32841],[-75.78587,2.32896],[-75.78302,2.32638],[-75.78174,2.32616],[-75.78354,2.3268],[-75.78372,2.32861],[-75.78365,2.32944],[-75.78169,2.32977],[-75.78149,2.33029],[-75.78343,2.33132],[-75.7837,2.33279],[-75.78505,2.33419],[-75.78595,2.33428],[-75.78623,2.33575],[-75.78786,2.33828],[-75.78763,2.34054],[-75.78609,2.34353],[-75.78606,2.34581],[-75.78524,2.34756],[-75.78593,2.34853],[-75.78529,2.34942],[-75.78557,2.35335],[-75.78658,2.35429],[-75.78658,2.35778],[-75.78581,2.35911],[-75.78662,2.36149],[-75.78055,2.3639],[-75.77228,2.36313],[-75.76859,2.35837],[-75.7653,2.35692],[-75.76309,2.35743],[-75.76107,2.36015],[-75.75759,2.36329],[-75.75717,2.36222],[-75.75636,2.36194],[-75.75547,2.36225],[-75.75127,2.36168],[-75.75085,2.36101],[-75.75154,2.36269],[-75.74931,2.36269],[-75.74819,2.36323],[-75.7479,2.36284],[-75.74853,2.36208],[-75.74586,2.35905],[-75.74472,2.35921],[-75.74385,2.35835],[-75.74108,2.35849],[-75.7401,2.35769],[-75.73578,2.3575],[-75.73494,2.35652],[-75.73302,2.35659],[-75.7333,2.35767],[-75.73205,2.35853],[-75.73173,2.36016],[-75.72789,2.36004],[-75.72451,2.36075],[-75.72206,2.35995],[-75.72059,2.35909],[-75.71931,2.35552],[-75.71695,2.35348],[-75.71475,2.35038],[-75.71229,2.34908],[-75.70986,2.34687],[-75.70893,2.34706],[-75.70821,2.34618],[-75.70546,2.34518],[-75.70508,2.34399],[-75.70385,2.34308],[-75.7043,2.34123],[-75.6992,2.33692],[-75.69714,2.33331],[-75.6965,2.3334],[-75.69385,2.33063],[-75.69258,2.33208],[-75.68935,2.33352],[-75.68812,2.33211],[-75.6884,2.33044],[-75.68488,2.32731],[-75.68415,2.3254],[-75.682,2.32753],[-75.68169,2.32896],[-75.68027,2.33026],[-75.68075,2.33391],[-75.68171,2.33521],[-75.68227,2.33821],[-75.68076,2.34332],[-75.68175,2.34474],[-75.6813,2.34643],[-75.67976,2.34805],[-75.67819,2.3485],[-75.67729,2.34989],[-75.67611,2.34954],[-75.67465,2.34994],[-75.67079,2.3532],[-75.66988,2.35297],[-75.66857,2.35422],[-75.66454,2.35622],[-75.66184,2.35927],[-75.66143,2.36379],[-75.65836,2.36526],[-75.65773,2.36658],[-75.65219,2.36889],[-75.64724,2.36992],[-75.64582,2.37601],[-75.64178,2.37753],[-75.64104,2.3787],[-75.6376,2.38091],[-75.6328,2.37934],[-75.63158,2.38007],[-75.6282,2.38011],[-75.62245,2.37753],[-75.6204,2.37725],[-75.61509,2.3741],[-75.61414,2.3767],[-75.61187,2.37811],[-75.61145,2.38007],[-75.60838,2.38168],[-75.61089,2.39109],[-75.60946,2.40024],[-75.60728,2.40343],[-75.60404,2.4053],[-75.60355,2.40943],[-75.60058,2.41415],[-75.59988,2.41676],[-75.5937,2.42077],[-75.59239,2.42216],[-75.59158,2.42507],[-75.59227,2.42578],[-75.58882,2.42854],[-75.58761,2.43031],[-75.5869,2.43488],[-75.58277,2.4379],[-75.57719,2.43848],[-75.5739,2.44013],[-75.57335,2.44161],[-75.57213,2.44276],[-75.56837,2.44337],[-75.56493,2.44791],[-75.56366,2.44831],[-75.56583,2.45416],[-75.57144,2.45811],[-75.57133,2.45973],[-75.56871,2.46231],[-75.57124,2.46182],[-75.57285,2.46047],[-75.57332,2.45934],[-75.57338,2.45517],[-75.57548,2.44972],[-75.57911,2.44708],[-75.5803,2.44783],[-75.58138,2.45066],[-75.58319,2.45303],[-75.5899,2.45276],[-75.59064,2.45521],[-75.58919,2.45677],[-75.58923,2.45756],[-75.59058,2.45823],[-75.59229,2.45807],[-75.59505,2.45457],[-75.59937,2.45147],[-75.59833,2.4495],[-75.59434,2.44966],[-75.59359,2.44926],[-75.59369,2.44794],[-75.59875,2.44494],[-75.60251,2.43975],[-75.60746,2.43641],[-75.60863,2.43367],[-75.61234,2.43419],[-75.61374,2.4319],[-75.6143,2.42956],[-75.61491,2.42926],[-75.61665,2.42948],[-75.62218,2.43315],[-75.63075,2.42985],[-75.63227,2.43012],[-75.63319,2.42844],[-75.63142,2.42513],[-75.63194,2.42387],[-75.63363,2.42287],[-75.63667,2.42249],[-75.63896,2.42422],[-75.63851,2.42916],[-75.6448,2.42888],[-75.64535,2.43245],[-75.64523,2.43468],[-75.64467,2.43537],[-75.64153,2.43648],[-75.63787,2.43679],[-75.63615,2.43787],[-75.63627,2.44011],[-75.63745,2.44168],[-75.63986,2.44273],[-75.64004,2.44332],[-75.64103,2.44318],[-75.64249,2.44032],[-75.64577,2.43898],[-75.65103,2.43271],[-75.65394,2.43113],[-75.65714,2.43146],[-75.65823,2.43245],[-75.65982,2.436],[-75.65809,2.43969],[-75.65797,2.44331],[-75.65911,2.44632],[-75.66586,2.44326],[-75.66993,2.44314],[-75.67233,2.44219],[-75.67316,2.44238],[-75.67369,2.4444],[-75.67294,2.44561],[-75.66967,2.44563],[-75.66843,2.44715],[-75.66857,2.44926],[-75.66642,2.45123],[-75.66775,2.45314],[-75.6701,2.4523],[-75.67112,2.45261],[-75.67127,2.45351],[-75.67039,2.45557],[-75.67058,2.45693],[-75.67166,2.45859],[-75.67434,2.46045],[-75.67677,2.45601],[-75.67828,2.4554],[-75.68292,2.45719],[-75.6856,2.46168],[-75.68693,2.46107],[-75.68812,2.45733],[-75.68907,2.45674],[-75.69015,2.45685],[-75.69135,2.45812],[-75.69069,2.45959],[-75.69092,2.46154],[-75.69211,2.46198],[-75.69342,2.4616],[-75.69609,2.45998],[-75.69691,2.45775],[-75.69695,2.45491],[-75.69796,2.45366],[-75.70132,2.45471],[-75.7025,2.45378],[-75.70387,2.45086],[-75.70506,2.45069],[-75.70654,2.45139],[-75.70794,2.45112],[-75.70799,2.45002],[-75.70545,2.44739],[-75.70897,2.44435],[-75.70965,2.44461],[-75.71004,2.44612],[-75.70921,2.44845],[-75.70941,2.44995],[-75.71373,2.45332],[-75.71493,2.45321],[-75.71637,2.45174],[-75.71616,2.44979],[-75.71485,2.44799],[-75.71208,2.44746],[-75.71178,2.44531],[-75.71252,2.44321],[-75.71417,2.44272],[-75.71525,2.44338],[-75.71653,2.44591],[-75.71873,2.44748],[-75.72204,2.44585],[-75.72422,2.44588],[-75.72595,2.4478],[-75.7273,2.45117],[-75.72955,2.45117],[-75.7341,2.44818],[-75.73589,2.44775],[-75.73925,2.45062],[-75.74054,2.45471],[-75.74255,2.45655],[-75.74426,2.45729],[-75.74594,2.45705],[-75.74685,2.45517],[-75.74482,2.45207],[-75.74432,2.44982],[-75.74477,2.44926],[-75.7486,2.45218],[-75.75351,2.4537],[-75.75508,2.456],[-75.7583,2.45698],[-75.76266,2.46085],[-75.76354,2.46048],[-75.76455,2.45709],[-75.76585,2.45704],[-75.76745,2.45929],[-75.77115,2.46256],[-75.77477,2.46285],[-75.77629,2.46362],[-75.77858,2.46649],[-75.7828,2.46681],[-75.7843,2.46762],[-75.79053,2.47313],[-75.79492,2.47566],[-75.79625,2.47584],[-75.80022,2.47493],[-75.80295,2.47523],[-75.8034,2.47581],[-75.80248,2.4797],[-75.80278,2.48034],[-75.80645,2.4803],[-75.80752,2.48312],[-75.81127,2.48425],[-75.81143,2.48461]]]},"properties":{"OBJECTID":144,"MpCodigo":"41518","MpNombre":"Paicol","Depto":"Huila","MpCategor":1,"MpNorma":null,"MpArea":278.26747840382023,"MpAltitud":866}},{"type":"Feature","id":186,"geometry":{"type":"Polygon","coordinates":[[[-75.55832,3.10453],[-75.56373,3.10301],[-75.57603,3.0964],[-75.57787,3.09387],[-75.58047,3.09267],[-75.58577,3.08799],[-75.58927,3.0822],[-75.59364,3.07723],[-75.59448,3.07549],[-75.59529,3.06834],[-75.59715,3.06325],[-75.59726,3.06102],[-75.59987,3.05422],[-75.59994,3.048],[-75.60104,3.04478],[-75.60152,3.03915],[-75.60449,3.03756],[-75.60908,3.03296],[-75.6101,3.03131],[-75.61065,3.02847],[-75.61215,3.02715],[-75.61382,3.02351],[-75.61027,3.02445],[-75.60573,3.02392],[-75.60441,3.02215],[-75.6004,3.01876],[-75.59785,3.0173],[-75.59398,3.01144],[-75.58979,3.00834],[-75.58714,3.00521],[-75.5852,3.00277],[-75.58272,2.99655],[-75.58267,2.99397],[-75.58178,2.99212],[-75.57918,2.98995],[-75.57889,2.98404],[-75.57704,2.97879],[-75.57258,2.97744],[-75.56925,2.97903],[-75.56756,2.98116],[-75.56518,2.98093],[-75.56337,2.98198],[-75.56031,2.98225],[-75.55757,2.98215],[-75.55717,2.98047],[-75.5557,2.97901],[-75.55474,2.9789],[-75.55232,2.97986],[-75.5499,2.98166],[-75.54516,2.98198],[-75.54338,2.97852],[-75.54239,2.97849],[-75.54085,2.97715],[-75.53758,2.97634],[-75.53692,2.97709],[-75.53347,2.97848],[-75.53207,2.97772],[-75.53139,2.9766],[-75.52967,2.97589],[-75.52901,2.9749],[-75.52524,2.97434],[-75.51961,2.97203],[-75.51529,2.97108],[-75.51405,2.96934],[-75.51219,2.96961],[-75.51123,2.97055],[-75.51024,2.97022],[-75.50924,2.97099],[-75.50825,2.97083],[-75.50484,2.97198],[-75.50299,2.97082],[-75.50185,2.96851],[-75.4979,2.96841],[-75.49809,2.96622],[-75.4975,2.96346],[-75.49449,2.95761],[-75.49686,2.95361],[-75.49842,2.95262],[-75.4998,2.9525],[-75.5004,2.95162],[-75.50236,2.95143],[-75.50463,2.94856],[-75.50597,2.94831],[-75.50621,2.94688],[-75.50871,2.94509],[-75.50872,2.94432],[-75.50933,2.94397],[-75.50905,2.94311],[-75.51095,2.94241],[-75.51107,2.94166],[-75.51027,2.94084],[-75.51162,2.93759],[-75.51474,2.93624],[-75.51597,2.93332],[-75.51734,2.9321],[-75.51767,2.93045],[-75.51932,2.92918],[-75.52037,2.92468],[-75.52249,2.92262],[-75.52248,2.92006],[-75.52479,2.91645],[-75.52402,2.91528],[-75.52492,2.91502],[-75.52495,2.91363],[-75.52604,2.91285],[-75.52574,2.91093],[-75.52819,2.90677],[-75.52999,2.90634],[-75.53018,2.90498],[-75.53145,2.90324],[-75.53213,2.90312],[-75.53221,2.90178],[-75.53347,2.90052],[-75.53274,2.8993],[-75.53349,2.89813],[-75.5334,2.89508],[-75.53495,2.89366],[-75.53649,2.89013],[-75.53816,2.88937],[-75.54001,2.88726],[-75.54062,2.88742],[-75.54063,2.88659],[-75.54166,2.88606],[-75.54209,2.88513],[-75.54316,2.8851],[-75.54297,2.88375],[-75.54464,2.88206],[-75.54559,2.88183],[-75.54702,2.88041],[-75.54853,2.88038],[-75.54896,2.87967],[-75.55032,2.87945],[-75.55276,2.88099],[-75.55418,2.88082],[-75.55489,2.88144],[-75.55792,2.88058],[-75.55945,2.88148],[-75.56101,2.88145],[-75.56422,2.88271],[-75.56595,2.88472],[-75.56908,2.88698],[-75.57075,2.88657],[-75.5723,2.88798],[-75.5757,2.88791],[-75.58031,2.88896],[-75.58527,2.89236],[-75.59036,2.88988],[-75.59971,2.8899],[-75.60326,2.88745],[-75.61299,2.88297],[-75.61432,2.88129],[-75.61897,2.88021],[-75.6217,2.87822],[-75.62227,2.87645],[-75.62169,2.87425],[-75.6219,2.87223],[-75.62417,2.86878],[-75.62314,2.86438],[-75.62304,2.85918],[-75.62203,2.85285],[-75.62005,2.85075],[-75.61859,2.85001],[-75.61469,2.85004],[-75.61213,2.84931],[-75.60787,2.84689],[-75.60205,2.84746],[-75.59676,2.84432],[-75.59364,2.84402],[-75.59,2.84505],[-75.58663,2.84404],[-75.58378,2.84118],[-75.58209,2.83738],[-75.57924,2.83439],[-75.57864,2.82919],[-75.57736,2.82598],[-75.57778,2.82268],[-75.5773,2.82081],[-75.5775,2.81818],[-75.57595,2.81371],[-75.57138,2.81875],[-75.56928,2.82006],[-75.56241,2.82154],[-75.56085,2.82352],[-75.55259,2.82792],[-75.54988,2.83021],[-75.54825,2.83003],[-75.54706,2.83088],[-75.54514,2.82949],[-75.54396,2.82958],[-75.54375,2.82796],[-75.54194,2.82742],[-75.5411,2.82621],[-75.53688,2.82341],[-75.53646,2.82104],[-75.5356,2.82084],[-75.53492,2.81927],[-75.53423,2.8189],[-75.53449,2.81794],[-75.53375,2.81737],[-75.53223,2.81753],[-75.53175,2.81865],[-75.53048,2.81856],[-75.52995,2.82004],[-75.52834,2.82015],[-75.52717,2.82108],[-75.52611,2.82072],[-75.52553,2.82158],[-75.52374,2.82209],[-75.5222,2.82119],[-75.52024,2.82195],[-75.51952,2.82303],[-75.51782,2.8232],[-75.51751,2.82113],[-75.51816,2.82052],[-75.52022,2.82026],[-75.52138,2.81775],[-75.52144,2.81564],[-75.52058,2.81379],[-75.52109,2.80873],[-75.52101,2.80785],[-75.51693,2.80724],[-75.51625,2.80384],[-75.51661,2.80117],[-75.51,2.79936],[-75.50711,2.80106],[-75.50429,2.80181],[-75.50247,2.80443],[-75.50073,2.80541],[-75.49935,2.8055],[-75.49464,2.80422],[-75.49371,2.79753],[-75.49412,2.79334],[-75.49145,2.79027],[-75.49079,2.78766],[-75.49142,2.78598],[-75.49123,2.78403],[-75.49455,2.7753],[-75.49497,2.7718],[-75.49827,2.76722],[-75.49493,2.76693],[-75.48672,2.76328],[-75.48293,2.76428],[-75.4814,2.76392],[-75.47631,2.76497],[-75.4755,2.76431],[-75.47376,2.76417],[-75.47259,2.76499],[-75.47088,2.76477],[-75.46705,2.76601],[-75.46377,2.76483],[-75.46083,2.76572],[-75.45888,2.76947],[-75.45744,2.77056],[-75.45729,2.77179],[-75.4552,2.77278],[-75.45321,2.7759],[-75.44935,2.77636],[-75.44614,2.77515],[-75.44509,2.77567],[-75.44063,2.77493],[-75.43853,2.77559],[-75.43707,2.77533],[-75.43645,2.77394],[-75.4381,2.77316],[-75.43788,2.77078],[-75.43554,2.76714],[-75.43425,2.76352],[-75.43516,2.7617],[-75.43464,2.76123],[-75.43316,2.76143],[-75.43364,2.75882],[-75.43202,2.75633],[-75.4344,2.75298],[-75.43446,2.752],[-75.43255,2.74851],[-75.43309,2.74796],[-75.43406,2.74894],[-75.43607,2.74879],[-75.43576,2.74556],[-75.43405,2.74325],[-75.43146,2.74291],[-75.4321,2.73893],[-75.4306,2.73548],[-75.42867,2.73495],[-75.42826,2.73225],[-75.42733,2.73334],[-75.42464,2.73312],[-75.42319,2.73381],[-75.42325,2.73567],[-75.42239,2.73643],[-75.42166,2.73645],[-75.41943,2.73469],[-75.41798,2.73515],[-75.41349,2.73447],[-75.41136,2.73517],[-75.41002,2.7365],[-75.407,2.74241],[-75.40599,2.74347],[-75.40464,2.74356],[-75.40312,2.74249],[-75.40154,2.73701],[-75.39546,2.72489],[-75.39287,2.72261],[-75.38676,2.72765],[-75.382,2.73489],[-75.37858,2.73845],[-75.37761,2.74077],[-75.37852,2.74604],[-75.37805,2.74884],[-75.37534,2.75236],[-75.36784,2.75544],[-75.36424,2.76671],[-75.36204,2.76814],[-75.35562,2.7677],[-75.35221,2.76685],[-75.34709,2.77024],[-75.3445,2.77362],[-75.33577,2.77834],[-75.33442,2.78031],[-75.33549,2.78351],[-75.33474,2.78926],[-75.334,2.79043],[-75.33207,2.79192],[-75.33018,2.79251],[-75.32872,2.79407],[-75.32553,2.80445],[-75.31973,2.81143],[-75.31821,2.81691],[-75.31623,2.82118],[-75.31282,2.8336],[-75.31005,2.83587],[-75.30647,2.83757],[-75.30105,2.83917],[-75.2979,2.84322],[-75.29917,2.85149],[-75.29838,2.85522],[-75.29112,2.86493],[-75.29023,2.86839],[-75.28954,2.87729],[-75.29032,2.88449],[-75.28999,2.88595],[-75.29372,2.89098],[-75.29368,2.89604],[-75.2929,2.89859],[-75.29439,2.9],[-75.29694,2.90011],[-75.29768,2.90132],[-75.29476,2.90438],[-75.29259,2.90542],[-75.29235,2.90806],[-75.29381,2.90961],[-75.29627,2.91031],[-75.29709,2.91195],[-75.29654,2.91558],[-75.29552,2.91694],[-75.29537,2.92049],[-75.29986,2.92288],[-75.30087,2.92403],[-75.30339,2.92403],[-75.30406,2.92451],[-75.30379,2.92822],[-75.30559,2.93073],[-75.30422,2.93489],[-75.30878,2.9381],[-75.30929,2.93962],[-75.30888,2.94648],[-75.30665,2.95427],[-75.30465,2.95731],[-75.30176,2.95925],[-75.30048,2.96197],[-75.30087,2.9716],[-75.30259,2.97163],[-75.30283,2.97221],[-75.30408,2.97137],[-75.30632,2.9692],[-75.30678,2.9681],[-75.30613,2.96775],[-75.3065,2.96722],[-75.313,2.96885],[-75.31338,2.96791],[-75.31526,2.9688],[-75.31606,2.96995],[-75.31949,2.98086],[-75.32138,2.98539],[-75.32216,2.9859],[-75.32168,2.98641],[-75.32236,2.98988],[-75.32919,3.0071],[-75.33407,3.01232],[-75.33579,3.01659],[-75.33593,3.01826],[-75.33261,3.03064],[-75.33569,3.03286],[-75.3355,3.03424],[-75.33677,3.03626],[-75.33637,3.03663],[-75.33684,3.03682],[-75.33663,3.03739],[-75.33775,3.0389],[-75.33763,3.04012],[-75.33848,3.04054],[-75.33893,3.04157],[-75.34151,3.04141],[-75.34222,3.04183],[-75.34347,3.04079],[-75.34526,3.04079],[-75.34716,3.04253],[-75.35043,3.04353],[-75.35151,3.04332],[-75.35187,3.04504],[-75.35387,3.04494],[-75.35426,3.04702],[-75.35515,3.04742],[-75.35659,3.0473],[-75.35629,3.04392],[-75.35791,3.04092],[-75.35986,3.04007],[-75.36066,3.04093],[-75.36044,3.0419],[-75.3648,3.04228],[-75.36508,3.04287],[-75.36714,3.04343],[-75.368,3.04245],[-75.3693,3.04216],[-75.37043,3.0445],[-75.37286,3.04501],[-75.37361,3.04499],[-75.37576,3.04287],[-75.37655,3.04281],[-75.37698,3.04402],[-75.37995,3.04461],[-75.38152,3.04702],[-75.38495,3.04858],[-75.38555,3.05029],[-75.38658,3.05119],[-75.38808,3.0506],[-75.39283,3.05292],[-75.39547,3.05286],[-75.39627,3.05206],[-75.39915,3.05187],[-75.40253,3.05246],[-75.4032,3.05205],[-75.40244,3.05369],[-75.3992,3.05595],[-75.39836,3.05787],[-75.39997,3.06048],[-75.40088,3.06086],[-75.40067,3.06148],[-75.39927,3.06176],[-75.39836,3.0632],[-75.39975,3.06356],[-75.39875,3.064],[-75.39914,3.06557],[-75.39814,3.06766],[-75.39836,3.07278],[-75.40283,3.07742],[-75.40461,3.07766],[-75.40714,3.08],[-75.40967,3.08061],[-75.40945,3.08177],[-75.41378,3.08573],[-75.4152,3.08555],[-75.41627,3.08662],[-75.41856,3.08662],[-75.41886,3.08772],[-75.41989,3.08836],[-75.42106,3.0879],[-75.42322,3.08851],[-75.42424,3.09014],[-75.42389,3.0921],[-75.42445,3.09327],[-75.42393,3.09536],[-75.42501,3.09676],[-75.42839,3.09689],[-75.42976,3.09514],[-75.43027,3.09086],[-75.43133,3.08885],[-75.43269,3.08266],[-75.43356,3.08136],[-75.43382,3.07814],[-75.4348,3.07634],[-75.43436,3.07524],[-75.43479,3.07283],[-75.43643,3.07029],[-75.43609,3.06904],[-75.43655,3.06788],[-75.43566,3.06508],[-75.43672,3.06343],[-75.43628,3.06168],[-75.43744,3.05845],[-75.43713,3.0566],[-75.4381,3.05551],[-75.43785,3.05285],[-75.43728,3.05205],[-75.43906,3.04964],[-75.43907,3.04826],[-75.44198,3.04496],[-75.44612,3.0421],[-75.44626,3.04078],[-75.44908,3.04047],[-75.4507,3.0396],[-75.45283,3.03633],[-75.45206,3.03513],[-75.4526,3.03269],[-75.45421,3.03194],[-75.45358,3.03004],[-75.45805,3.0287],[-75.45866,3.02658],[-75.4607,3.02539],[-75.46324,3.02115],[-75.46655,3.02335],[-75.47075,3.02347],[-75.47218,3.02554],[-75.47417,3.02616],[-75.47523,3.02782],[-75.47649,3.02818],[-75.48879,3.02585],[-75.49121,3.02658],[-75.49119,3.02748],[-75.48872,3.032],[-75.48955,3.03493],[-75.4926,3.03624],[-75.4992,3.03647],[-75.49974,3.03566],[-75.50286,3.0343],[-75.50716,3.036],[-75.50863,3.03736],[-75.51097,3.03806],[-75.51201,3.03765],[-75.51315,3.03848],[-75.51454,3.03783],[-75.51776,3.03778],[-75.52096,3.03872],[-75.52436,3.03684],[-75.52751,3.03774],[-75.53143,3.0377],[-75.52942,3.04149],[-75.52903,3.04398],[-75.52801,3.04513],[-75.52633,3.05058],[-75.52912,3.05547],[-75.52507,3.06045],[-75.52468,3.06174],[-75.52347,3.06243],[-75.52399,3.065],[-75.5232,3.06583],[-75.52351,3.06874],[-75.53159,3.06968],[-75.533,3.07106],[-75.53527,3.071],[-75.53803,3.07207],[-75.53906,3.07382],[-75.53911,3.07513],[-75.53975,3.0755],[-75.53917,3.07653],[-75.53979,3.07897],[-75.53909,3.07975],[-75.5393,3.08075],[-75.54382,3.08317],[-75.55181,3.09048],[-75.54948,3.09247],[-75.55164,3.09668],[-75.55825,3.10269],[-75.55781,3.10437],[-75.55832,3.10453]]]},"properties":{"OBJECTID":186,"MpCodigo":"41524","MpNombre":"Palermo","Depto":"Huila","MpCategor":1,"MpNorma":null,"MpArea":884.0020683244021,"MpAltitud":549}},{"type":"Feature","id":92,"geometry":{"type":"Polygon","coordinates":[[[-76.11489,1.77586],[-76.11944,1.77476],[-76.12042,1.77384],[-76.12194,1.77025],[-76.12676,1.76439],[-76.12909,1.76538],[-76.13035,1.76726],[-76.134,1.76689],[-76.13584,1.76852],[-76.13783,1.76818],[-76.13924,1.76694],[-76.13949,1.76501],[-76.14234,1.76016],[-76.14215,1.75653],[-76.14373,1.75518],[-76.14583,1.75174],[-76.14823,1.75175],[-76.15206,1.74725],[-76.15295,1.74724],[-76.1535,1.74448],[-76.15835,1.74153],[-76.161,1.73834],[-76.16315,1.73437],[-76.16364,1.72907],[-76.1649,1.72737],[-76.16576,1.72418],[-76.16808,1.72061],[-76.16832,1.71789],[-76.1748,1.71048],[-76.17908,1.70694],[-76.17885,1.70093],[-76.18198,1.6978],[-76.18432,1.6918],[-76.18608,1.69008],[-76.18827,1.68925],[-76.19246,1.68278],[-76.20267,1.67945],[-76.20337,1.67775],[-76.20614,1.67556],[-76.20783,1.67449],[-76.21107,1.67471],[-76.21312,1.67354],[-76.22297,1.66586],[-76.22569,1.66522],[-76.2277,1.66306],[-76.22792,1.66194],[-76.22713,1.65851],[-76.22517,1.65504],[-76.21939,1.65008],[-76.21784,1.64738],[-76.2149,1.6457],[-76.21156,1.64072],[-76.21177,1.63797],[-76.21499,1.63556],[-76.21418,1.63335],[-76.21287,1.63252],[-76.21115,1.62884],[-76.20857,1.62584],[-76.20951,1.62018],[-76.20848,1.61707],[-76.20823,1.61354],[-76.20914,1.61115],[-76.21137,1.6088],[-76.21193,1.60655],[-76.2101,1.60402],[-76.20968,1.6001],[-76.20766,1.59882],[-76.20067,1.59202],[-76.19964,1.58672],[-76.20245,1.58086],[-76.20258,1.57899],[-76.1989,1.57513],[-76.19589,1.57504],[-76.19146,1.57192],[-76.1895,1.57248],[-76.18739,1.57483],[-76.18415,1.57378],[-76.18284,1.57395],[-76.18174,1.57607],[-76.17797,1.5795],[-76.1738,1.58221],[-76.17092,1.58771],[-76.16703,1.5892],[-76.16506,1.59189],[-76.16208,1.59312],[-76.1596,1.5957],[-76.15714,1.5968],[-76.15656,1.59772],[-76.15461,1.59793],[-76.15327,1.59893],[-76.15288,1.60001],[-76.15203,1.60022],[-76.15043,1.599],[-76.14863,1.60104],[-76.14563,1.60034],[-76.14421,1.59931],[-76.14264,1.60014],[-76.1425,1.60086],[-76.14374,1.60207],[-76.14366,1.60318],[-76.14044,1.60715],[-76.14046,1.60835],[-76.13903,1.61003],[-76.13876,1.61139],[-76.13618,1.612],[-76.13481,1.61348],[-76.13274,1.61435],[-76.13164,1.61572],[-76.12993,1.61502],[-76.12504,1.61795],[-76.12176,1.62178],[-76.1213,1.62333],[-76.12184,1.62401],[-76.12125,1.62592],[-76.12187,1.62785],[-76.11971,1.62926],[-76.11916,1.63083],[-76.1168,1.631],[-76.11414,1.63265],[-76.11165,1.63282],[-76.10697,1.63583],[-76.1065,1.63791],[-76.10507,1.63982],[-76.10099,1.64117],[-76.10106,1.64187],[-76.10318,1.64408],[-76.10611,1.64456],[-76.10711,1.64545],[-76.10846,1.64569],[-76.10934,1.64688],[-76.11063,1.64703],[-76.11268,1.64889],[-76.11478,1.64822],[-76.11733,1.64917],[-76.12527,1.65051],[-76.12412,1.65138],[-76.11676,1.65365],[-76.1125,1.65385],[-76.11078,1.65463],[-76.11032,1.65914],[-76.10828,1.66517],[-76.10786,1.6699],[-76.10716,1.67101],[-76.10448,1.67221],[-76.10385,1.6757],[-76.10294,1.67691],[-76.10402,1.67798],[-76.10563,1.67679],[-76.10726,1.67668],[-76.11132,1.67968],[-76.11328,1.68294],[-76.11276,1.68448],[-76.11598,1.68948],[-76.11596,1.69276],[-76.11495,1.69425],[-76.10932,1.69654],[-76.10823,1.69794],[-76.10749,1.70031],[-76.10835,1.70285],[-76.10466,1.70737],[-76.10375,1.71107],[-76.09931,1.71639],[-76.09696,1.71767],[-76.0936,1.71822],[-76.09171,1.71933],[-76.08596,1.71989],[-76.08165,1.72195],[-76.07841,1.72273],[-76.07778,1.72348],[-76.07258,1.72464],[-76.0644,1.72785],[-76.06224,1.72921],[-76.0623,1.73008],[-76.06107,1.73233],[-76.06168,1.73445],[-76.05779,1.73798],[-76.05872,1.73856],[-76.05932,1.74066],[-76.06127,1.74331],[-76.06282,1.75095],[-76.06286,1.75261],[-76.06209,1.75352],[-76.06337,1.75533],[-76.06528,1.76025],[-76.06583,1.76228],[-76.06563,1.76401],[-76.06733,1.76762],[-76.07544,1.76848],[-76.07909,1.77134],[-76.07946,1.77229],[-76.08234,1.77233],[-76.08648,1.7749],[-76.08678,1.77401],[-76.0935,1.77101],[-76.09808,1.76768],[-76.09891,1.76789],[-76.10022,1.76985],[-76.10254,1.76955],[-76.10504,1.77009],[-76.10718,1.77407],[-76.10998,1.77553],[-76.11358,1.77583],[-76.11489,1.77586]]]},"properties":{"OBJECTID":92,"MpCodigo":"41530","MpNombre":"Palestina","Depto":"Huila","MpCategor":1,"MpNorma":"Ordenanza No. 02 de 1984","MpArea":196.96126112522,"MpAltitud":1740}},{"type":"Feature","id":135,"geometry":{"type":"Polygon","coordinates":[[[-75.82649,2.35343],[-75.82692,2.35284],[-75.82833,2.35292],[-75.82823,2.35181],[-75.82999,2.35079],[-75.8287,2.3487],[-75.82981,2.34877],[-75.83128,2.34693],[-75.83197,2.34702],[-75.83298,2.34832],[-75.83365,2.34822],[-75.83394,2.34619],[-75.83595,2.34656],[-75.83713,2.34569],[-75.83733,2.34392],[-75.83862,2.34239],[-75.83873,2.33981],[-75.83974,2.33858],[-75.83897,2.33312],[-75.84137,2.32691],[-75.84953,2.32516],[-75.85374,2.32559],[-75.85521,2.32345],[-75.8574,2.32342],[-75.85995,2.32254],[-75.86187,2.32021],[-75.86389,2.31928],[-75.86685,2.31566],[-75.87048,2.30965],[-75.87776,2.30779],[-75.87965,2.3081],[-75.88147,2.30947],[-75.88625,2.30958],[-75.89315,2.31667],[-75.89774,2.31261],[-75.90343,2.30244],[-75.90106,2.30157],[-75.8978,2.30134],[-75.89658,2.30028],[-75.89457,2.29706],[-75.89347,2.29388],[-75.89354,2.29006],[-75.89578,2.28536],[-75.8988,2.28224],[-75.90221,2.28073],[-75.90666,2.2806],[-75.90782,2.27845],[-75.90864,2.27239],[-75.90624,2.26912],[-75.90129,2.2675],[-75.90023,2.26926],[-75.89589,2.27074],[-75.89402,2.27086],[-75.89106,2.27009],[-75.8891,2.26844],[-75.89075,2.26633],[-75.88906,2.26328],[-75.88888,2.2604],[-75.89054,2.25793],[-75.89289,2.25615],[-75.89506,2.25169],[-75.89707,2.24922],[-75.8965,2.24762],[-75.89771,2.24546],[-75.8981,2.24295],[-75.90346,2.23509],[-75.90722,2.23245],[-75.90641,2.23051],[-75.90445,2.22862],[-75.90587,2.22771],[-75.909,2.2272],[-75.91144,2.22566],[-75.91461,2.22274],[-75.91455,2.22021],[-75.91961,2.21868],[-75.92018,2.21524],[-75.91931,2.21277],[-75.91629,2.20846],[-75.91191,2.20497],[-75.90753,2.20022],[-75.90265,2.19989],[-75.89985,2.2006],[-75.89918,2.20152],[-75.89606,2.20085],[-75.8935,2.20186],[-75.89261,2.20299],[-75.89163,2.20555],[-75.88987,2.20757],[-75.88948,2.21053],[-75.88389,2.21645],[-75.88121,2.21655],[-75.87838,2.21869],[-75.87316,2.2207],[-75.87168,2.2192],[-75.8689,2.21857],[-75.86566,2.21595],[-75.86363,2.21526],[-75.86098,2.2128],[-75.8587,2.21236],[-75.85724,2.21144],[-75.85829,2.20882],[-75.85545,2.20948],[-75.85314,2.21273],[-75.84997,2.21229],[-75.84304,2.21496],[-75.84208,2.21409],[-75.84119,2.21431],[-75.84004,2.21326],[-75.83731,2.21227],[-75.83607,2.21037],[-75.83275,2.20736],[-75.83093,2.20464],[-75.83082,2.20029],[-75.82906,2.19836],[-75.82815,2.19818],[-75.8267,2.19942],[-75.82574,2.19948],[-75.82456,2.19859],[-75.82447,2.19688],[-75.82332,2.19634],[-75.82219,2.19444],[-75.81822,2.19319],[-75.8171,2.19523],[-75.81405,2.19625],[-75.81112,2.19642],[-75.80803,2.19898],[-75.80677,2.19844],[-75.80411,2.20011],[-75.80281,2.19956],[-75.80096,2.20023],[-75.80034,2.19989],[-75.79991,2.20059],[-75.7983,2.19857],[-75.79281,2.20024],[-75.79059,2.19958],[-75.78688,2.20038],[-75.78653,2.19903],[-75.78457,2.19773],[-75.78312,2.19509],[-75.78205,2.19456],[-75.78126,2.19244],[-75.77994,2.19281],[-75.7791,2.19195],[-75.77795,2.19178],[-75.77709,2.19062],[-75.77487,2.19017],[-75.77209,2.19092],[-75.77092,2.19221],[-75.76978,2.19136],[-75.76843,2.19121],[-75.76654,2.18976],[-75.76647,2.18894],[-75.76458,2.18893],[-75.76379,2.18722],[-75.76108,2.18583],[-75.7612,2.18514],[-75.76034,2.18441],[-75.76105,2.18278],[-75.76028,2.18196],[-75.76084,2.18104],[-75.7599,2.18034],[-75.7591,2.18048],[-75.75879,2.17879],[-75.75775,2.17881],[-75.75593,2.17694],[-75.75472,2.17741],[-75.75408,2.17676],[-75.75453,2.176],[-75.75311,2.17488],[-75.7536,2.17333],[-75.75209,2.17298],[-75.7523,2.16981],[-75.74815,2.16859],[-75.74587,2.16702],[-75.74571,2.16544],[-75.74214,2.16262],[-75.74062,2.16302],[-75.73759,2.1616],[-75.73402,2.16188],[-75.73349,2.16147],[-75.73129,2.1629],[-75.72959,2.16319],[-75.73258,2.16594],[-75.73356,2.17013],[-75.73942,2.18329],[-75.74136,2.18481],[-75.74318,2.1853],[-75.74495,2.18778],[-75.74957,2.18974],[-75.75057,2.19126],[-75.75288,2.19128],[-75.7548,2.19197],[-75.75561,2.19325],[-75.75512,2.19547],[-75.7567,2.19716],[-75.76025,2.19827],[-75.76493,2.2007],[-75.76629,2.20325],[-75.76623,2.20487],[-75.76807,2.20558],[-75.76924,2.21128],[-75.77238,2.21327],[-75.77296,2.21549],[-75.77476,2.21598],[-75.77612,2.21547],[-75.7795,2.21577],[-75.78108,2.21746],[-75.78401,2.21696],[-75.78518,2.21859],[-75.78638,2.21851],[-75.78759,2.22082],[-75.78769,2.22263],[-75.78959,2.22534],[-75.78992,2.22724],[-75.78686,2.22603],[-75.78381,2.22833],[-75.78158,2.22833],[-75.77783,2.2258],[-75.76579,2.22572],[-75.76497,2.22501],[-75.76445,2.22566],[-75.76255,2.2259],[-75.75913,2.22784],[-75.75575,2.22802],[-75.75393,2.22596],[-75.7531,2.22614],[-75.7516,2.22515],[-75.74999,2.22522],[-75.74818,2.22367],[-75.74685,2.22408],[-75.74639,2.22549],[-75.74512,2.22619],[-75.74213,2.22572],[-75.74144,2.2274],[-75.74044,2.22727],[-75.73785,2.22861],[-75.73625,2.22815],[-75.73587,2.22913],[-75.73513,2.22895],[-75.73426,2.23018],[-75.73304,2.23055],[-75.73281,2.23284],[-75.73585,2.2366],[-75.73849,2.23724],[-75.73964,2.2366],[-75.74129,2.2382],[-75.74884,2.23952],[-75.7505,2.23905],[-75.75535,2.23958],[-75.7582,2.23843],[-75.76058,2.23865],[-75.7621,2.23757],[-75.7794,2.23519],[-75.78285,2.24452],[-75.78324,2.24945],[-75.78155,2.25229],[-75.78223,2.26067],[-75.78287,2.26233],[-75.78249,2.26395],[-75.7845,2.2661],[-75.78249,2.26902],[-75.78043,2.27408],[-75.7818,2.2798],[-75.78163,2.28145],[-75.78101,2.28203],[-75.78145,2.2843],[-75.78627,2.29766],[-75.78784,2.29828],[-75.79125,2.30299],[-75.79409,2.30562],[-75.79456,2.30849],[-75.79853,2.31265],[-75.7964,2.31646],[-75.79222,2.31701],[-75.79138,2.31838],[-75.78856,2.31963],[-75.78434,2.32423],[-75.78205,2.32596],[-75.78587,2.32896],[-75.787,2.32841],[-75.78849,2.33025],[-75.79524,2.32891],[-75.79794,2.3275],[-75.79982,2.32754],[-75.80178,2.32888],[-75.80143,2.3304],[-75.80277,2.33157],[-75.80671,2.33286],[-75.8085,2.3317],[-75.80944,2.33302],[-75.80809,2.33401],[-75.8104,2.33487],[-75.80899,2.33764],[-75.80988,2.33908],[-75.81016,2.34343],[-75.81142,2.34576],[-75.81604,2.34942],[-75.82064,2.35163],[-75.82645,2.35339],[-75.82649,2.35343]]]},"properties":{"OBJECTID":135,"MpCodigo":"41548","MpNombre":"Pital","Depto":"Huila","MpCategor":1,"MpNorma":null,"MpArea":193.64325082309568,"MpAltitud":918}},{"type":"Feature","id":106,"geometry":{"type":"Polygon","coordinates":[[[-76.12878,1.99812],[-76.12969,1.99801],[-76.13129,1.99665],[-76.13365,1.99683],[-76.13745,1.99123],[-76.1392,1.98977],[-76.14144,1.98891],[-76.1423,1.98674],[-76.14943,1.9801],[-76.15624,1.98101],[-76.15727,1.9794],[-76.15652,1.97851],[-76.1565,1.97522],[-76.15412,1.97408],[-76.15387,1.97181],[-76.15437,1.97086],[-76.15596,1.97007],[-76.15801,1.9677],[-76.16137,1.96529],[-76.16123,1.96419],[-76.15955,1.96184],[-76.15892,1.96163],[-76.15823,1.96255],[-76.15743,1.96264],[-76.15377,1.95936],[-76.15157,1.95898],[-76.15022,1.95795],[-76.14862,1.95788],[-76.14662,1.95647],[-76.1433,1.95665],[-76.14224,1.95844],[-76.14075,1.95896],[-76.14063,1.96044],[-76.13869,1.96135],[-76.13891,1.95942],[-76.13743,1.9579],[-76.13061,1.95363],[-76.12909,1.9533],[-76.12751,1.95086],[-76.12647,1.95062],[-76.12463,1.95129],[-76.12149,1.94904],[-76.11774,1.94918],[-76.11571,1.95047],[-76.11046,1.94991],[-76.10684,1.94801],[-76.10554,1.94651],[-76.10536,1.94025],[-76.10463,1.93996],[-76.10146,1.94067],[-76.10141,1.93902],[-76.1007,1.93784],[-76.10625,1.93557],[-76.11268,1.93533],[-76.11353,1.93488],[-76.1157,1.93204],[-76.12118,1.92793],[-76.12685,1.92212],[-76.13249,1.92164],[-76.13435,1.9224],[-76.13564,1.9219],[-76.14011,1.91782],[-76.14374,1.91798],[-76.14634,1.91639],[-76.15033,1.9171],[-76.15137,1.91675],[-76.1534,1.91357],[-76.15424,1.90795],[-76.15144,1.90269],[-76.15187,1.90128],[-76.15391,1.8999],[-76.15234,1.8981],[-76.15229,1.8961],[-76.15598,1.89426],[-76.15708,1.89314],[-76.16118,1.89293],[-76.16221,1.8917],[-76.16347,1.88819],[-76.16601,1.88695],[-76.16626,1.88634],[-76.16571,1.88582],[-76.16408,1.88524],[-76.16467,1.88051],[-76.16258,1.87847],[-76.1652,1.87447],[-76.16573,1.86949],[-76.1668,1.8676],[-76.16796,1.86656],[-76.16986,1.86755],[-76.17099,1.86969],[-76.17255,1.86999],[-76.17443,1.86955],[-76.17676,1.87075],[-76.17735,1.87005],[-76.17742,1.86724],[-76.19262,1.86396],[-76.19761,1.86061],[-76.19802,1.85879],[-76.19939,1.85895],[-76.20022,1.85847],[-76.20143,1.85566],[-76.19924,1.85415],[-76.1984,1.85159],[-76.20025,1.83771],[-76.19978,1.83705],[-76.19744,1.83627],[-76.19869,1.83462],[-76.20516,1.83063],[-76.20362,1.82623],[-76.20755,1.82434],[-76.21085,1.82195],[-76.21229,1.81877],[-76.21186,1.81695],[-76.21231,1.81389],[-76.21708,1.81093],[-76.22106,1.80395],[-76.22332,1.79809],[-76.22638,1.79633],[-76.22762,1.79495],[-76.23179,1.79354],[-76.23303,1.79228],[-76.23322,1.7912],[-76.23883,1.78744],[-76.24127,1.78207],[-76.2416,1.77996],[-76.23959,1.77544],[-76.23973,1.77323],[-76.23886,1.76795],[-76.24005,1.7661],[-76.24246,1.76454],[-76.24461,1.75852],[-76.2497,1.75181],[-76.25013,1.7499],[-76.25224,1.74661],[-76.26391,1.73913],[-76.26678,1.73815],[-76.26835,1.73622],[-76.27125,1.73535],[-76.27276,1.73534],[-76.27861,1.73794],[-76.28843,1.7342],[-76.29227,1.73337],[-76.29535,1.73391],[-76.29755,1.73306],[-76.29834,1.72897],[-76.3004,1.72535],[-76.30438,1.72276],[-76.30583,1.72027],[-76.30929,1.71679],[-76.31271,1.71655],[-76.31715,1.71538],[-76.3193,1.71425],[-76.32066,1.71255],[-76.32099,1.70983],[-76.31991,1.70785],[-76.32052,1.70399],[-76.32019,1.70145],[-76.32197,1.69787],[-76.32174,1.695],[-76.32127,1.69293],[-76.31964,1.6911],[-76.31889,1.68728],[-76.31618,1.68438],[-76.31417,1.68486],[-76.30864,1.68782],[-76.30729,1.68941],[-76.30163,1.69016],[-76.29469,1.68769],[-76.29156,1.68575],[-76.28673,1.68507],[-76.28506,1.67966],[-76.28336,1.67769],[-76.28147,1.67659],[-76.27234,1.6745],[-76.26871,1.67533],[-76.26624,1.67701],[-76.26442,1.67714],[-76.25385,1.67406],[-76.24966,1.67678],[-76.24628,1.68192],[-76.24234,1.68312],[-76.24111,1.68144],[-76.24143,1.67834],[-76.23985,1.67575],[-76.23677,1.67328],[-76.23497,1.6683],[-76.23191,1.66609],[-76.22815,1.66718],[-76.22695,1.66611],[-76.22641,1.66468],[-76.22297,1.66586],[-76.21107,1.67471],[-76.20783,1.67449],[-76.20337,1.67775],[-76.20267,1.67945],[-76.19246,1.68278],[-76.18827,1.68925],[-76.18608,1.69008],[-76.18432,1.6918],[-76.18198,1.6978],[-76.17885,1.70093],[-76.17908,1.70694],[-76.1748,1.71048],[-76.16832,1.71789],[-76.16808,1.72061],[-76.16576,1.72418],[-76.1649,1.72737],[-76.16364,1.72907],[-76.16315,1.73437],[-76.161,1.73834],[-76.15835,1.74153],[-76.1535,1.74448],[-76.15295,1.74724],[-76.15206,1.74725],[-76.14823,1.75175],[-76.14684,1.75144],[-76.14557,1.75206],[-76.14373,1.75518],[-76.14215,1.75653],[-76.14227,1.76038],[-76.13949,1.76501],[-76.13924,1.76694],[-76.13783,1.76818],[-76.13584,1.76852],[-76.134,1.76689],[-76.13035,1.76726],[-76.12909,1.76538],[-76.12676,1.76439],[-76.12194,1.77025],[-76.12042,1.77384],[-76.11944,1.77476],[-76.1156,1.77601],[-76.10998,1.77553],[-76.10718,1.77407],[-76.10504,1.77009],[-76.10254,1.76955],[-76.10022,1.76985],[-76.09891,1.76789],[-76.09808,1.76768],[-76.0935,1.77101],[-76.08678,1.77401],[-76.08648,1.7749],[-76.08234,1.77233],[-76.07946,1.77229],[-76.07909,1.77134],[-76.07544,1.76848],[-76.06733,1.76762],[-76.06563,1.76401],[-76.06583,1.76228],[-76.06528,1.76025],[-76.06337,1.75533],[-76.06209,1.75352],[-76.06286,1.75261],[-76.06282,1.75095],[-76.06127,1.74331],[-76.05932,1.74066],[-76.05872,1.73856],[-76.0568,1.73736],[-76.05578,1.73588],[-76.05441,1.73544],[-76.05324,1.73623],[-76.05062,1.73676],[-76.04637,1.73913],[-76.04221,1.74334],[-76.03938,1.74199],[-76.0363,1.74393],[-76.03015,1.74172],[-76.02876,1.74161],[-76.02745,1.74232],[-76.02617,1.74376],[-76.02462,1.74987],[-76.02351,1.75139],[-76.0224,1.75199],[-76.02114,1.75186],[-76.01848,1.75372],[-76.01656,1.75613],[-76.01539,1.75677],[-76.01353,1.76],[-76.00876,1.76514],[-76.00764,1.76853],[-76.00797,1.77218],[-76.00974,1.77401],[-76.01154,1.77998],[-76.01328,1.78205],[-76.01393,1.7838],[-76.01184,1.78575],[-76.01018,1.789],[-76.0066,1.79126],[-76.0062,1.79408],[-76.00087,1.79814],[-75.99907,1.79852],[-75.99681,1.8006],[-75.99398,1.80462],[-75.9946,1.80769],[-75.99361,1.81159],[-75.99474,1.81395],[-75.99343,1.81725],[-75.99043,1.81845],[-75.98865,1.81815],[-75.98704,1.81967],[-75.98518,1.81921],[-75.98418,1.82],[-75.98499,1.82321],[-75.98242,1.82622],[-75.98259,1.82689],[-75.98117,1.82807],[-75.98043,1.83039],[-75.98151,1.83251],[-75.98121,1.83335],[-75.98192,1.837],[-75.98173,1.83808],[-75.98071,1.83849],[-75.98023,1.84084],[-75.97882,1.84199],[-75.97832,1.84325],[-75.97728,1.84365],[-75.97575,1.8438],[-75.97216,1.84238],[-75.97112,1.84358],[-75.97012,1.84343],[-75.96805,1.84422],[-75.96686,1.84562],[-75.96295,1.84806],[-75.96224,1.85191],[-75.96247,1.85439],[-75.96707,1.85294],[-75.96832,1.85352],[-75.97312,1.85841],[-75.97556,1.86252],[-75.97816,1.86506],[-75.98035,1.86613],[-75.98172,1.86959],[-75.97952,1.87351],[-75.97836,1.87716],[-75.98049,1.88273],[-75.98201,1.88525],[-75.98638,1.88751],[-75.98971,1.88607],[-75.99041,1.88664],[-75.99166,1.88914],[-75.99193,1.89252],[-75.99335,1.8958],[-75.9951,1.89809],[-75.99435,1.89916],[-75.99478,1.90231],[-75.99675,1.90446],[-75.9954,1.90811],[-75.99218,1.91174],[-75.99242,1.92046],[-75.99064,1.92431],[-75.98847,1.92724],[-75.98784,1.92991],[-75.98951,1.93539],[-75.98854,1.93868],[-75.98884,1.94115],[-75.98635,1.94801],[-75.98605,1.95093],[-75.98707,1.95234],[-75.98724,1.95395],[-75.98682,1.95874],[-75.98779,1.9601],[-75.99189,1.96055],[-75.99412,1.95957],[-75.99517,1.95969],[-75.99548,1.95876],[-75.9976,1.95812],[-76.00314,1.95884],[-76.01089,1.9568],[-76.01467,1.95836],[-76.0164,1.9598],[-76.01821,1.95982],[-76.02087,1.9628],[-76.02314,1.96763],[-76.02382,1.9708],[-76.02526,1.97254],[-76.02612,1.9764],[-76.02486,1.97695],[-76.02664,1.97655],[-76.02933,1.97695],[-76.03176,1.97318],[-76.03216,1.97187],[-76.0309,1.97063],[-76.03078,1.96956],[-76.03116,1.9658],[-76.03256,1.96564],[-76.03441,1.96765],[-76.03534,1.96628],[-76.03561,1.9634],[-76.03617,1.96278],[-76.0378,1.96251],[-76.03731,1.9654],[-76.04006,1.96572],[-76.05201,1.95976],[-76.05273,1.96257],[-76.05445,1.96542],[-76.0545,1.96738],[-76.05661,1.9675],[-76.05809,1.96895],[-76.06029,1.96862],[-76.06162,1.97029],[-76.06609,1.96998],[-76.06811,1.97138],[-76.07,1.97113],[-76.07175,1.97309],[-76.07291,1.97269],[-76.07417,1.97082],[-76.07491,1.97055],[-76.07638,1.97194],[-76.07889,1.97304],[-76.08335,1.9794],[-76.08702,1.97992],[-76.08815,1.97903],[-76.08971,1.9808],[-76.09145,1.98096],[-76.09284,1.98193],[-76.09425,1.98136],[-76.0945,1.98348],[-76.09628,1.98324],[-76.09769,1.98233],[-76.10355,1.9837],[-76.10488,1.98333],[-76.10594,1.98431],[-76.10854,1.98274],[-76.10927,1.98302],[-76.11174,1.9841],[-76.11187,1.98564],[-76.1149,1.98697],[-76.11736,1.98698],[-76.11859,1.99045],[-76.12203,1.9917],[-76.12332,1.99306],[-76.12455,1.99318],[-76.12846,1.99801],[-76.12878,1.99812]]]},"properties":{"OBJECTID":106,"MpCodigo":"41551","MpNombre":"Pitalito","Depto":"Huila","MpCategor":1,"MpNorma":null,"MpArea":630.731671288333,"MpAltitud":1271}},{"type":"Feature","id":171,"geometry":{"type":"Polygon","coordinates":[[[-75.28997,2.86824],[-75.29112,2.86493],[-75.29838,2.85522],[-75.29917,2.85149],[-75.29792,2.84427],[-75.29844,2.84198],[-75.30105,2.83917],[-75.30647,2.83757],[-75.31005,2.83587],[-75.31282,2.8336],[-75.31623,2.82118],[-75.31821,2.81691],[-75.31973,2.81143],[-75.32553,2.80445],[-75.32872,2.79407],[-75.33018,2.79251],[-75.33207,2.79192],[-75.334,2.79043],[-75.33474,2.78926],[-75.33549,2.78351],[-75.33442,2.78031],[-75.33253,2.77855],[-75.33234,2.77772],[-75.33339,2.77255],[-75.33347,2.76707],[-75.3317,2.76575],[-75.33083,2.76313],[-75.32775,2.76141],[-75.32847,2.75931],[-75.3262,2.75726],[-75.32475,2.75425],[-75.3251,2.75335],[-75.32321,2.75171],[-75.32491,2.74811],[-75.32185,2.74597],[-75.32215,2.74408],[-75.32091,2.743],[-75.3196,2.74056],[-75.31718,2.74128],[-75.31599,2.7432],[-75.31444,2.74346],[-75.31419,2.74488],[-75.31267,2.74537],[-75.31239,2.74722],[-75.3105,2.74728],[-75.3089,2.7485],[-75.30436,2.74783],[-75.30333,2.74824],[-75.30171,2.74785],[-75.30064,2.74838],[-75.29939,2.74718],[-75.29905,2.74787],[-75.29781,2.74769],[-75.29572,2.74898],[-75.2943,2.74867],[-75.29281,2.74998],[-75.29114,2.75012],[-75.28984,2.75104],[-75.28788,2.7507],[-75.28635,2.75112],[-75.28256,2.75304],[-75.28027,2.75271],[-75.27559,2.75316],[-75.27367,2.75204],[-75.27302,2.75234],[-75.27123,2.75154],[-75.26846,2.74969],[-75.26671,2.74954],[-75.26585,2.7479],[-75.26328,2.74773],[-75.26229,2.74664],[-75.25604,2.74663],[-75.25248,2.74385],[-75.25196,2.7407],[-75.25131,2.73975],[-75.24876,2.73826],[-75.24794,2.73578],[-75.2466,2.73514],[-75.24496,2.73045],[-75.243,2.73037],[-75.23782,2.72503],[-75.23584,2.7253],[-75.23403,2.72421],[-75.2343,2.72299],[-75.23305,2.72171],[-75.23211,2.72177],[-75.23181,2.72101],[-75.23072,2.72067],[-75.22962,2.72095],[-75.22872,2.72046],[-75.22013,2.71099],[-75.21669,2.70909],[-75.2104,2.70298],[-75.21122,2.69845],[-75.21295,2.69329],[-75.21435,2.69129],[-75.214,2.6909],[-75.21118,2.69063],[-75.20594,2.69346],[-75.20356,2.69328],[-75.20106,2.6942],[-75.19416,2.69352],[-75.19068,2.69414],[-75.18708,2.69512],[-75.18412,2.69789],[-75.18197,2.69874],[-75.18051,2.6987],[-75.17706,2.697],[-75.17418,2.69965],[-75.17196,2.70331],[-75.17001,2.70473],[-75.1647,2.70604],[-75.15961,2.70387],[-75.15662,2.70495],[-75.15433,2.70828],[-75.15267,2.70885],[-75.15213,2.71152],[-75.14868,2.71917],[-75.14681,2.72237],[-75.14529,2.72341],[-75.14613,2.72674],[-75.14497,2.73062],[-75.14174,2.73296],[-75.13886,2.73635],[-75.13796,2.73918],[-75.1378,2.74391],[-75.13525,2.7483],[-75.13525,2.74963],[-75.13673,2.75186],[-75.1384,2.75308],[-75.1402,2.75693],[-75.14822,2.75845],[-75.15022,2.7601],[-75.15122,2.76025],[-75.15306,2.7601],[-75.15408,2.75938],[-75.15389,2.75714],[-75.15525,2.75651],[-75.16172,2.75955],[-75.16278,2.76057],[-75.16334,2.76215],[-75.16701,2.76533],[-75.16672,2.76642],[-75.16308,2.76733],[-75.16156,2.76982],[-75.15877,2.77101],[-75.1582,2.77181],[-75.15866,2.77505],[-75.15975,2.77681],[-75.16318,2.77841],[-75.16484,2.77987],[-75.16455,2.78352],[-75.16546,2.78376],[-75.16785,2.78621],[-75.17086,2.78606],[-75.17132,2.78714],[-75.17022,2.7923],[-75.17049,2.79476],[-75.17005,2.79604],[-75.16853,2.79693],[-75.16446,2.79759],[-75.16065,2.80045],[-75.15953,2.80552],[-75.16064,2.80838],[-75.16607,2.81211],[-75.17537,2.81348],[-75.18047,2.81594],[-75.18162,2.81805],[-75.18151,2.82209],[-75.18725,2.82312],[-75.19049,2.82578],[-75.19293,2.82505],[-75.19402,2.82782],[-75.19624,2.82922],[-75.19781,2.82911],[-75.20119,2.83187],[-75.20211,2.83333],[-75.2017,2.83526],[-75.20857,2.84485],[-75.20803,2.84572],[-75.20853,2.84686],[-75.20818,2.8501],[-75.21091,2.85455],[-75.21319,2.85542],[-75.21316,2.8561],[-75.21468,2.85747],[-75.21487,2.85912],[-75.21628,2.861],[-75.21851,2.86063],[-75.21946,2.86219],[-75.22028,2.86245],[-75.22149,2.86043],[-75.22245,2.86105],[-75.22711,2.86108],[-75.22883,2.86027],[-75.2325,2.86008],[-75.23503,2.86076],[-75.23575,2.86049],[-75.2364,2.8585],[-75.2382,2.85801],[-75.23882,2.8573],[-75.24171,2.85774],[-75.24353,2.85698],[-75.24599,2.85837],[-75.25131,2.85648],[-75.25477,2.85851],[-75.26197,2.85824],[-75.26312,2.85874],[-75.26452,2.86051],[-75.26732,2.86002],[-75.27034,2.86277],[-75.272,2.86309],[-75.27415,2.86267],[-75.27607,2.8639],[-75.28014,2.86309],[-75.28132,2.86486],[-75.28693,2.86525],[-75.28922,2.86796],[-75.28997,2.86824]]]},"properties":{"OBJECTID":171,"MpCodigo":"41615","MpNombre":"Rivera","Depto":"Huila","MpCategor":1,"MpNorma":null,"MpArea":251.1092290036632,"MpAltitud":700}},{"type":"Feature","id":126,"geometry":{"type":"Polygon","coordinates":[[[-76.35927,2.26983],[-76.36048,2.2707],[-76.36235,2.26669],[-76.36482,2.26484],[-76.36756,2.25849],[-76.37091,2.25478],[-76.37073,2.25293],[-76.37162,2.25054],[-76.37116,2.24797],[-76.3717,2.24013],[-76.37256,2.23672],[-76.37564,2.23087],[-76.37622,2.22852],[-76.37637,2.22601],[-76.37516,2.2222],[-76.37482,2.21747],[-76.37656,2.21617],[-76.37762,2.21337],[-76.38389,2.21395],[-76.38462,2.21279],[-76.38466,2.21028],[-76.38389,2.20743],[-76.37839,2.19774],[-76.37883,2.19035],[-76.37772,2.18476],[-76.37641,2.18321],[-76.37294,2.1808],[-76.36932,2.17612],[-76.36783,2.17308],[-76.36609,2.17332],[-76.36506,2.1714],[-76.3653,2.16466],[-76.36882,2.15849],[-76.37235,2.15496],[-76.37919,2.15138],[-76.37477,2.14957],[-76.37092,2.1448],[-76.36917,2.14403],[-76.36611,2.1443],[-76.36516,2.14273],[-76.36439,2.14254],[-76.36359,2.13617],[-76.36411,2.13467],[-76.3639,2.13316],[-76.36485,2.13078],[-76.36587,2.12976],[-76.36593,2.12694],[-76.3676,2.12583],[-76.36848,2.12447],[-76.36827,2.12235],[-76.3689,2.11991],[-76.36751,2.11749],[-76.3655,2.11592],[-76.36539,2.1141],[-76.36429,2.1135],[-76.36382,2.11228],[-76.36236,2.11267],[-76.36075,2.11106],[-76.35648,2.1104],[-76.35572,2.10796],[-76.35488,2.10733],[-76.35391,2.1051],[-76.35431,2.10404],[-76.35205,2.10332],[-76.35217,2.0993],[-76.35092,2.09817],[-76.35049,2.09406],[-76.34889,2.09282],[-76.3487,2.09203],[-76.34794,2.09209],[-76.34633,2.08925],[-76.34592,2.08761],[-76.34639,2.08629],[-76.34563,2.08514],[-76.34325,2.08573],[-76.34326,2.08487],[-76.34221,2.08446],[-76.34319,2.08386],[-76.34309,2.08314],[-76.34148,2.08329],[-76.34054,2.08208],[-76.33965,2.08225],[-76.33897,2.08346],[-76.33832,2.08231],[-76.33645,2.08224],[-76.33538,2.07995],[-76.33344,2.08003],[-76.33358,2.07855],[-76.33248,2.07811],[-76.33205,2.07678],[-76.3299,2.07658],[-76.32819,2.07568],[-76.32746,2.0759],[-76.32724,2.07707],[-76.32598,2.07816],[-76.32577,2.07969],[-76.32329,2.07952],[-76.32445,2.0783],[-76.3229,2.0786],[-76.32137,2.07815],[-76.31924,2.07925],[-76.3191,2.08015],[-76.31732,2.07993],[-76.31705,2.07938],[-76.31828,2.07878],[-76.31662,2.07887],[-76.31613,2.07785],[-76.31535,2.07827],[-76.3145,2.07775],[-76.31471,2.07632],[-76.31409,2.07593],[-76.3135,2.0766],[-76.31257,2.0761],[-76.3134,2.07533],[-76.31308,2.07459],[-76.31164,2.07468],[-76.31085,2.07573],[-76.30886,2.07545],[-76.30897,2.07332],[-76.30744,2.07146],[-76.30632,2.07175],[-76.30514,2.07126],[-76.30368,2.07203],[-76.30272,2.07072],[-76.30057,2.06997],[-76.30058,2.0689],[-76.29923,2.06978],[-76.29841,2.06841],[-76.29751,2.06869],[-76.29671,2.06792],[-76.29618,2.06807],[-76.29615,2.06934],[-76.29412,2.06842],[-76.29377,2.06704],[-76.29279,2.067],[-76.29188,2.06576],[-76.29026,2.06516],[-76.2894,2.06168],[-76.28675,2.05804],[-76.28558,2.05751],[-76.28099,2.05799],[-76.28099,2.05398],[-76.2787,2.05416],[-76.27399,2.05268],[-76.27192,2.05377],[-76.26599,2.0537],[-76.26468,2.05407],[-76.26352,2.05547],[-76.26246,2.05562],[-76.26149,2.0539],[-76.25891,2.0518],[-76.25535,2.05177],[-76.25289,2.0504],[-76.25043,2.05072],[-76.2488,2.04827],[-76.24595,2.04836],[-76.24472,2.04649],[-76.24453,2.04489],[-76.24275,2.04519],[-76.24196,2.04464],[-76.24157,2.0429],[-76.23837,2.03709],[-76.23398,2.03635],[-76.22999,2.03273],[-76.22778,2.03311],[-76.2258,2.03437],[-76.22395,2.03402],[-76.22064,2.03069],[-76.21905,2.02677],[-76.21802,2.02689],[-76.21689,2.02854],[-76.2156,2.02919],[-76.2134,2.02749],[-76.21025,2.02729],[-76.20726,2.02591],[-76.20575,2.02624],[-76.20389,2.02764],[-76.20124,2.0268],[-76.19937,2.02815],[-76.19801,2.02621],[-76.19643,2.026],[-76.19407,2.02676],[-76.19295,2.02593],[-76.18998,2.0253],[-76.189,2.02359],[-76.18806,2.02317],[-76.18186,2.02526],[-76.18085,2.02409],[-76.17822,2.02303],[-76.17623,2.0213],[-76.17605,2.01883],[-76.17349,2.01916],[-76.17356,2.01743],[-76.17251,2.01732],[-76.17194,2.01569],[-76.1692,2.01398],[-76.16895,2.0131],[-76.16449,2.01215],[-76.16169,2.01086],[-76.16115,2.00975],[-76.16129,2.00804],[-76.16031,2.00731],[-76.15844,2.00702],[-76.15838,2.00483],[-76.15554,2.00126],[-76.15334,1.99947],[-76.15139,1.99991],[-76.15027,1.99911],[-76.14572,1.9986],[-76.14416,1.99751],[-76.14001,1.99964],[-76.13651,1.99886],[-76.13515,2.00071],[-76.13211,1.99675],[-76.13109,1.99671],[-76.12949,1.99811],[-76.1281,1.99781],[-76.12455,1.99318],[-76.12332,1.99306],[-76.12203,1.9917],[-76.11859,1.99045],[-76.11736,1.98698],[-76.1149,1.98697],[-76.11187,1.98564],[-76.11174,1.9841],[-76.10927,1.98302],[-76.10854,1.98274],[-76.10594,1.98431],[-76.10488,1.98333],[-76.10355,1.9837],[-76.09769,1.98233],[-76.09628,1.98324],[-76.0945,1.98348],[-76.09425,1.98136],[-76.09284,1.98193],[-76.09145,1.98096],[-76.08971,1.9808],[-76.08815,1.97903],[-76.08702,1.97992],[-76.08335,1.9794],[-76.07889,1.97304],[-76.07638,1.97194],[-76.07491,1.97055],[-76.07417,1.97082],[-76.07291,1.97269],[-76.07175,1.97309],[-76.07,1.97113],[-76.06811,1.97138],[-76.06609,1.96998],[-76.06162,1.97029],[-76.06029,1.96862],[-76.05809,1.96895],[-76.05661,1.9675],[-76.0545,1.96738],[-76.05445,1.96542],[-76.05273,1.96257],[-76.05201,1.95976],[-76.04006,1.96572],[-76.03731,1.9654],[-76.0378,1.96251],[-76.03617,1.96278],[-76.03561,1.9634],[-76.03534,1.96628],[-76.03441,1.96765],[-76.03256,1.96564],[-76.03116,1.9658],[-76.0309,1.97063],[-76.03216,1.97187],[-76.02977,1.97668],[-76.02486,1.97695],[-76.02278,1.97656],[-76.0215,1.9771],[-76.01554,1.98238],[-76.01534,1.98367],[-76.01651,1.9854],[-76.01591,1.98641],[-76.01083,1.98936],[-76.00769,1.98923],[-76.0067,1.98974],[-76.00655,1.99192],[-76.00469,1.99465],[-76.00442,1.99637],[-76.00618,1.99905],[-76.0059,2.00108],[-76.00784,2.00303],[-76.01026,2.00317],[-76.0156,2.00486],[-76.01999,2.00705],[-76.02361,2.00789],[-76.02586,2.00754],[-76.028,2.00909],[-76.0307,2.00991],[-76.03221,2.00969],[-76.03636,2.01075],[-76.04202,2.01036],[-76.0432,2.01162],[-76.04431,2.01072],[-76.04589,2.01373],[-76.04722,2.01493],[-76.04842,2.01518],[-76.05018,2.01459],[-76.05129,2.01706],[-76.05275,2.01686],[-76.0538,2.0179],[-76.0557,2.01799],[-76.05658,2.01912],[-76.0576,2.01897],[-76.0604,2.02122],[-76.06059,2.02273],[-76.06302,2.02413],[-76.06557,2.02457],[-76.06807,2.02707],[-76.07205,2.02776],[-76.07301,2.02695],[-76.07356,2.02525],[-76.076,2.0238],[-76.07734,2.02377],[-76.08157,2.0197],[-76.08599,2.01806],[-76.08841,2.01802],[-76.08946,2.01707],[-76.09049,2.01775],[-76.09085,2.01901],[-76.09291,2.01796],[-76.09527,2.01881],[-76.09657,2.01871],[-76.0974,2.02112],[-76.10058,2.02352],[-76.10155,2.02628],[-76.10547,2.02644],[-76.10896,2.02889],[-76.10875,2.0304],[-76.1107,2.03264],[-76.11088,2.03456],[-76.10931,2.03476],[-76.10928,2.03654],[-76.10788,2.03712],[-76.10846,2.03878],[-76.10731,2.04057],[-76.10748,2.04171],[-76.10897,2.04315],[-76.10917,2.04452],[-76.11142,2.04712],[-76.11231,2.04906],[-76.11501,2.05206],[-76.11404,2.05791],[-76.11465,2.06009],[-76.11462,2.0636],[-76.11392,2.06519],[-76.11028,2.06679],[-76.1101,2.06783],[-76.10944,2.06829],[-76.10947,2.07182],[-76.10851,2.07332],[-76.1093,2.07492],[-76.10811,2.0776],[-76.1097,2.07821],[-76.11013,2.08007],[-76.10937,2.08388],[-76.11007,2.08638],[-76.10895,2.08919],[-76.11074,2.08988],[-76.11128,2.09222],[-76.1126,2.09262],[-76.11339,2.09407],[-76.11558,2.09496],[-76.11542,2.09983],[-76.11809,2.09874],[-76.12106,2.10148],[-76.12226,2.10301],[-76.1225,2.1053],[-76.12479,2.10737],[-76.1253,2.10941],[-76.12711,2.10945],[-76.13013,2.10838],[-76.13254,2.10881],[-76.13708,2.10857],[-76.13901,2.1123],[-76.1433,2.11399],[-76.14485,2.11574],[-76.14976,2.11744],[-76.15023,2.11808],[-76.15104,2.11717],[-76.15168,2.11044],[-76.1558,2.11047],[-76.16081,2.10901],[-76.1681,2.11091],[-76.17162,2.11686],[-76.17161,2.12723],[-76.17299,2.12888],[-76.17626,2.12989],[-76.18846,2.1299],[-76.19499,2.13142],[-76.19776,2.13319],[-76.20002,2.13522],[-76.20128,2.13788],[-76.20303,2.14407],[-76.20353,2.15103],[-76.20944,2.1585],[-76.21761,2.16432],[-76.22087,2.16787],[-76.2249,2.17052],[-76.2391,2.17483],[-76.24954,2.17623],[-76.25268,2.17737],[-76.25733,2.17687],[-76.26249,2.17801],[-76.26488,2.17915],[-76.27104,2.18434],[-76.27355,2.1851],[-76.27808,2.18814],[-76.28738,2.19244],[-76.28876,2.19345],[-76.29004,2.19839],[-76.29275,2.19951],[-76.30019,2.20427],[-76.303,2.20774],[-76.3047,2.20888],[-76.30824,2.21042],[-76.31073,2.21079],[-76.31209,2.21044],[-76.31453,2.21181],[-76.31453,2.21358],[-76.3157,2.21506],[-76.31819,2.21714],[-76.32119,2.21827],[-76.32307,2.22067],[-76.3232,2.22244],[-76.32546,2.22598],[-76.32823,2.22927],[-76.33074,2.23041],[-76.3325,2.23206],[-76.33622,2.23274],[-76.33732,2.2354],[-76.34248,2.23827],[-76.34696,2.24851],[-76.34708,2.25279],[-76.34917,2.25592],[-76.35248,2.25724],[-76.35355,2.25966],[-76.35424,2.26395],[-76.35678,2.26621],[-76.35857,2.26904],[-76.35927,2.26983]]]},"properties":{"OBJECTID":126,"MpCodigo":"41660","MpNombre":"Saladoblanco","Depto":"Huila","MpCategor":1,"MpNorma":"Ordenanza  No. 10 de 1948","MpArea":466.7264477929022,"MpAltitud":1415}},{"type":"Feature","id":120,"geometry":{"type":"Polygon","coordinates":[[[-76.41987,2.19153],[-76.41948,2.19181],[-76.42486,2.19102],[-76.4303,2.18967],[-76.43367,2.18811],[-76.43443,2.18679],[-76.4347,2.18386],[-76.43596,2.1816],[-76.43527,2.17965],[-76.43674,2.17792],[-76.43582,2.17649],[-76.43228,2.17346],[-76.43178,2.17235],[-76.4335,2.16904],[-76.43689,2.16622],[-76.43739,2.16518],[-76.43746,2.16111],[-76.43614,2.15512],[-76.43548,2.15278],[-76.4328,2.14921],[-76.43088,2.14122],[-76.42945,2.13834],[-76.42581,2.13474],[-76.42464,2.13252],[-76.42431,2.13038],[-76.42474,2.12888],[-76.42888,2.12246],[-76.43092,2.12039],[-76.4332,2.1196],[-76.44266,2.11917],[-76.45287,2.11364],[-76.46004,2.1055],[-76.46504,2.10086],[-76.46743,2.10001],[-76.46968,2.10136],[-76.47168,2.10172],[-76.47271,2.10283],[-76.4746,2.10918],[-76.47639,2.11007],[-76.4806,2.11086],[-76.48081,2.11411],[-76.48363,2.11989],[-76.48356,2.12339],[-76.48421,2.12513],[-76.48742,2.12906],[-76.48863,2.12931],[-76.50177,2.12688],[-76.50323,2.12621],[-76.50419,2.12667],[-76.50455,2.12885],[-76.50748,2.13277],[-76.5134,2.13531],[-76.52004,2.1342],[-76.52475,2.13566],[-76.54181,2.134],[-76.54759,2.13611],[-76.55292,2.13972],[-76.55558,2.13785],[-76.55901,2.13363],[-76.56291,2.13187],[-76.57042,2.12663],[-76.57262,2.12373],[-76.57549,2.11795],[-76.57994,2.11525],[-76.58548,2.11018],[-76.59013,2.10814],[-76.59065,2.10547],[-76.58941,2.10291],[-76.59012,2.10018],[-76.59005,2.09471],[-76.58242,2.0867],[-76.58377,2.08383],[-76.58391,2.08219],[-76.58057,2.0723],[-76.58002,2.06466],[-76.57912,2.06082],[-76.57768,2.05832],[-76.57727,2.05638],[-76.57803,2.05446],[-76.58268,2.04898],[-76.58414,2.04639],[-76.58631,2.0399],[-76.58606,2.03464],[-76.5853,2.03304],[-76.58273,2.03041],[-76.58034,2.02912],[-76.57602,2.03038],[-76.57385,2.02988],[-76.57251,2.01974],[-76.5732,2.0181],[-76.5791,2.01022],[-76.57862,2.0028],[-76.57923,2.00175],[-76.58252,2.0005],[-76.58738,2.00041],[-76.58915,2.00259],[-76.58936,2.00557],[-76.59235,2.00552],[-76.59604,2.00253],[-76.59789,1.99956],[-76.60003,1.99739],[-76.60773,1.99629],[-76.61068,1.99501],[-76.61228,1.98987],[-76.61584,1.98561],[-76.62046,1.97626],[-76.62191,1.97584],[-76.62426,1.97385],[-76.62466,1.97174],[-76.62418,1.96779],[-76.62202,1.95867],[-76.61954,1.95501],[-76.61681,1.95318],[-76.61504,1.94996],[-76.6115,1.94811],[-76.61046,1.94673],[-76.61415,1.94011],[-76.61415,1.93729],[-76.61623,1.9339],[-76.61906,1.93155],[-76.61967,1.92813],[-76.61928,1.92654],[-76.61479,1.92568],[-76.6116,1.9258],[-76.60951,1.92352],[-76.6031,1.92061],[-76.59504,1.91997],[-76.59201,1.91361],[-76.58626,1.90884],[-76.58583,1.90446],[-76.58373,1.90103],[-76.57872,1.89873],[-76.58282,1.89293],[-76.58424,1.88632],[-76.58702,1.88428],[-76.59133,1.88262],[-76.59205,1.88141],[-76.59019,1.87221],[-76.59031,1.86816],[-76.58897,1.86768],[-76.58823,1.86597],[-76.58654,1.86569],[-76.58266,1.8633],[-76.57999,1.86242],[-76.57777,1.85921],[-76.57581,1.85833],[-76.57302,1.85801],[-76.56927,1.8558],[-76.56864,1.85438],[-76.56868,1.84973],[-76.55954,1.84394],[-76.55731,1.83916],[-76.55607,1.83842],[-76.55388,1.83828],[-76.54863,1.84076],[-76.54735,1.84085],[-76.54543,1.83998],[-76.53963,1.834],[-76.53334,1.82907],[-76.53141,1.82457],[-76.53045,1.82354],[-76.52445,1.82504],[-76.52138,1.82493],[-76.5212,1.82589],[-76.52231,1.82818],[-76.51831,1.83146],[-76.51271,1.83364],[-76.51003,1.83303],[-76.50703,1.82889],[-76.50618,1.8285],[-76.50211,1.82956],[-76.49829,1.82569],[-76.49524,1.8252],[-76.49231,1.82615],[-76.48878,1.82581],[-76.47904,1.82029],[-76.47477,1.81636],[-76.47069,1.81581],[-76.46734,1.81397],[-76.46253,1.80919],[-76.45243,1.80305],[-76.44907,1.79755],[-76.43513,1.7918],[-76.42782,1.77613],[-76.42721,1.77221],[-76.42569,1.76908],[-76.42538,1.76614],[-76.42313,1.76252],[-76.42094,1.75615],[-76.42362,1.74665],[-76.42478,1.7453],[-76.42966,1.74297],[-76.43051,1.74101],[-76.42984,1.73868],[-76.42704,1.73371],[-76.42668,1.72697],[-76.42333,1.72372],[-76.41949,1.71777],[-76.41663,1.71642],[-76.41437,1.71728],[-76.41273,1.72047],[-76.41041,1.72323],[-76.40834,1.72868],[-76.40706,1.73058],[-76.40054,1.73542],[-76.39688,1.73695],[-76.39518,1.73922],[-76.38683,1.74351],[-76.38263,1.74676],[-76.38086,1.74712],[-76.37832,1.74497],[-76.37191,1.74252],[-76.37118,1.74081],[-76.37325,1.73756],[-76.37349,1.73449],[-76.36978,1.73253],[-76.37063,1.72891],[-76.37161,1.72756],[-76.37502,1.71715],[-76.37502,1.71555],[-76.37375,1.71151],[-76.37381,1.70721],[-76.37679,1.70213],[-76.37759,1.69943],[-76.37716,1.69765],[-76.37546,1.69496],[-76.37613,1.68631],[-76.3754,1.68423],[-76.37558,1.68355],[-76.3796,1.68086],[-76.37967,1.67945],[-76.37827,1.67687],[-76.37827,1.67571],[-76.38198,1.67117],[-76.38229,1.66841],[-76.38138,1.66719],[-76.37669,1.66394],[-76.37486,1.66357],[-76.36968,1.66504],[-76.36852,1.66866],[-76.36718,1.66945],[-76.36347,1.66994],[-76.35403,1.66663],[-76.34834,1.66181],[-76.34684,1.66203],[-76.34136,1.66472],[-76.33459,1.66355],[-76.32789,1.66401],[-76.3256,1.66309],[-76.32492,1.66352],[-76.32302,1.66815],[-76.32326,1.67152],[-76.32088,1.67544],[-76.31869,1.68139],[-76.31723,1.68372],[-76.31618,1.68438],[-76.31889,1.68728],[-76.31964,1.6911],[-76.32127,1.69293],[-76.32174,1.695],[-76.32197,1.69787],[-76.32019,1.70145],[-76.32052,1.70399],[-76.31991,1.70785],[-76.32099,1.70983],[-76.32066,1.71255],[-76.3193,1.71425],[-76.31715,1.71538],[-76.31271,1.71655],[-76.30929,1.71679],[-76.30583,1.72027],[-76.30438,1.72276],[-76.3004,1.72535],[-76.29834,1.72897],[-76.29755,1.73306],[-76.29535,1.73391],[-76.29227,1.73337],[-76.28843,1.7342],[-76.27861,1.73794],[-76.27276,1.73534],[-76.27125,1.73535],[-76.26835,1.73622],[-76.26678,1.73815],[-76.26391,1.73913],[-76.25224,1.74661],[-76.25013,1.7499],[-76.2497,1.75181],[-76.24461,1.75852],[-76.24246,1.76454],[-76.24005,1.7661],[-76.23886,1.76795],[-76.23973,1.77323],[-76.23959,1.77544],[-76.2416,1.77996],[-76.24127,1.78207],[-76.23883,1.78744],[-76.23322,1.7912],[-76.23303,1.79228],[-76.23179,1.79354],[-76.22762,1.79495],[-76.22638,1.79633],[-76.22332,1.79809],[-76.22106,1.80395],[-76.21708,1.81093],[-76.21231,1.81389],[-76.21186,1.81695],[-76.21229,1.81877],[-76.21085,1.82195],[-76.20755,1.82434],[-76.20362,1.82623],[-76.20516,1.83063],[-76.19869,1.83462],[-76.19744,1.83627],[-76.19978,1.83705],[-76.20025,1.83771],[-76.1984,1.85159],[-76.1991,1.85396],[-76.20123,1.85516],[-76.20143,1.85611],[-76.20009,1.85861],[-76.19802,1.85879],[-76.19777,1.86045],[-76.19457,1.86247],[-76.20064,1.8639],[-76.20689,1.86226],[-76.20748,1.86133],[-76.21044,1.86251],[-76.2151,1.85986],[-76.21546,1.85726],[-76.21783,1.8564],[-76.21843,1.85465],[-76.22106,1.8557],[-76.22429,1.85399],[-76.22714,1.85407],[-76.22774,1.85463],[-76.2276,1.85666],[-76.22499,1.85954],[-76.22495,1.86143],[-76.22554,1.8626],[-76.22698,1.86213],[-76.22804,1.86233],[-76.22882,1.8632],[-76.22861,1.86635],[-76.23147,1.86939],[-76.23018,1.87259],[-76.23284,1.87354],[-76.23405,1.87544],[-76.23737,1.87455],[-76.23922,1.87517],[-76.23956,1.8759],[-76.23879,1.87784],[-76.23927,1.87928],[-76.24447,1.87808],[-76.24576,1.87828],[-76.24539,1.88062],[-76.24646,1.88136],[-76.24886,1.88132],[-76.25057,1.88628],[-76.25477,1.8881],[-76.25617,1.89007],[-76.25979,1.89046],[-76.26032,1.89174],[-76.2599,1.89387],[-76.26036,1.89548],[-76.26148,1.8969],[-76.26396,1.89774],[-76.26555,1.89941],[-76.26512,1.90187],[-76.26543,1.90327],[-76.26793,1.9066],[-76.26951,1.90772],[-76.26888,1.91039],[-76.2716,1.91181],[-76.27119,1.9126],[-76.26932,1.91337],[-76.26931,1.91414],[-76.27221,1.91589],[-76.27344,1.9176],[-76.27646,1.91751],[-76.27759,1.91816],[-76.27806,1.92106],[-76.27949,1.92291],[-76.27822,1.92519],[-76.2807,1.92776],[-76.28264,1.93152],[-76.28157,1.93708],[-76.28204,1.93817],[-76.28175,1.94237],[-76.28186,1.94465],[-76.28333,1.94874],[-76.28253,1.94967],[-76.28291,1.95259],[-76.28166,1.95338],[-76.2812,1.95471],[-76.28286,1.95679],[-76.28292,1.96049],[-76.28374,1.96268],[-76.2827,1.96478],[-76.28427,1.96576],[-76.2848,1.96736],[-76.2826,1.96753],[-76.28421,1.97012],[-76.28191,1.97056],[-76.28166,1.97206],[-76.27876,1.97401],[-76.27788,1.97816],[-76.27648,1.97997],[-76.27712,1.98192],[-76.2767,1.98283],[-76.27437,1.98098],[-76.27387,1.98134],[-76.27322,1.98455],[-76.2724,1.98476],[-76.27,1.9838],[-76.26942,1.98446],[-76.26945,1.98665],[-76.26834,1.98765],[-76.26887,1.98929],[-76.26838,1.99105],[-76.26862,1.99495],[-76.26997,1.99806],[-76.26938,2.00097],[-76.273,2.00341],[-76.27203,2.00539],[-76.27363,2.00692],[-76.27409,2.01082],[-76.27746,2.01155],[-76.27924,2.01253],[-76.28112,2.01469],[-76.28271,2.01493],[-76.28484,2.01617],[-76.28652,2.01445],[-76.2874,2.01474],[-76.29035,2.02194],[-76.29173,2.02273],[-76.29381,2.02179],[-76.29448,2.02207],[-76.29567,2.02457],[-76.29758,2.0252],[-76.2985,2.02647],[-76.30163,2.02863],[-76.30187,2.03158],[-76.3034,2.03125],[-76.30459,2.03314],[-76.31256,2.033],[-76.31381,2.0312],[-76.31529,2.03119],[-76.31697,2.03009],[-76.3192,2.03021],[-76.32148,2.03185],[-76.32173,2.03469],[-76.32565,2.03607],[-76.32679,2.03704],[-76.32893,2.0374],[-76.32931,2.03856],[-76.33122,2.03881],[-76.33275,2.04032],[-76.33281,2.04195],[-76.3373,2.0442],[-76.33851,2.04611],[-76.34024,2.04635],[-76.34108,2.04817],[-76.34203,2.04838],[-76.34316,2.04974],[-76.34414,2.04936],[-76.34533,2.05012],[-76.34491,2.05268],[-76.34776,2.05399],[-76.34746,2.05741],[-76.34866,2.06027],[-76.34697,2.06124],[-76.34688,2.06184],[-76.34932,2.06506],[-76.35067,2.06464],[-76.35242,2.06564],[-76.35431,2.06561],[-76.35611,2.06661],[-76.36172,2.06764],[-76.36268,2.06841],[-76.36357,2.071],[-76.36666,2.0715],[-76.36916,2.0728],[-76.37192,2.0753],[-76.37443,2.07629],[-76.37524,2.07558],[-76.37594,2.0762],[-76.37715,2.07577],[-76.37839,2.07606],[-76.37896,2.07677],[-76.37878,2.07792],[-76.37759,2.08008],[-76.3792,2.08239],[-76.37805,2.0838],[-76.37696,2.08423],[-76.37696,2.08482],[-76.37887,2.08769],[-76.37981,2.08815],[-76.37994,2.08903],[-76.38088,2.08894],[-76.3818,2.08994],[-76.3815,2.09146],[-76.3819,2.09229],[-76.38544,2.09357],[-76.3847,2.09534],[-76.38336,2.09607],[-76.38477,2.09715],[-76.38444,2.09812],[-76.3856,2.09897],[-76.3859,2.10044],[-76.38147,2.10269],[-76.38099,2.10441],[-76.38233,2.10898],[-76.3823,2.11241],[-76.38281,2.11387],[-76.38709,2.11572],[-76.38745,2.11742],[-76.39032,2.11972],[-76.39084,2.12379],[-76.39536,2.1278],[-76.3955,2.12951],[-76.39669,2.13059],[-76.3952,2.13197],[-76.39517,2.13348],[-76.3969,2.13357],[-76.39875,2.13654],[-76.39985,2.14052],[-76.40103,2.14118],[-76.4015,2.14274],[-76.40158,2.14519],[-76.40115,2.14576],[-76.39961,2.14571],[-76.39978,2.14728],[-76.40074,2.1479],[-76.40158,2.14705],[-76.40332,2.14758],[-76.40435,2.14731],[-76.40505,2.14857],[-76.40582,2.14836],[-76.40661,2.14889],[-76.40684,2.1507],[-76.4076,2.15046],[-76.40848,2.15207],[-76.40732,2.15313],[-76.40906,2.15505],[-76.4076,2.15637],[-76.40875,2.15735],[-76.40876,2.15908],[-76.41034,2.15939],[-76.41121,2.15864],[-76.41296,2.16039],[-76.41429,2.16031],[-76.41483,2.16118],[-76.41669,2.16165],[-76.4172,2.16306],[-76.41894,2.16344],[-76.41883,2.1649],[-76.41991,2.16566],[-76.42157,2.16585],[-76.42559,2.17296],[-76.4261,2.17871],[-76.42449,2.18388],[-76.425,2.18464],[-76.42489,2.18715],[-76.42231,2.19035],[-76.42098,2.191],[-76.41987,2.19153]]]},"properties":{"OBJECTID":120,"MpCodigo":"41668","MpNombre":"San Agustín","Depto":"Huila","MpCategor":1,"MpNorma":"Ordenanza No. 24 de 1926","MpArea":1390.8504861225745,"MpAltitud":1627}},{"type":"Feature","id":181,"geometry":{"type":"Polygon","coordinates":[[[-75.6075,3.02438],[-75.61119,3.02436],[-75.61393,3.02348],[-75.61681,3.02089],[-75.61914,3.01441],[-75.62098,3.01161],[-75.62711,3.00882],[-75.62735,3.0067],[-75.62625,3.0037],[-75.6268,3.00235],[-75.63135,2.99713],[-75.63551,2.99412],[-75.63664,2.99412],[-75.63872,2.99525],[-75.64276,2.99525],[-75.64729,2.99626],[-75.65329,2.99133],[-75.6552,2.99043],[-75.65981,2.9867],[-75.6608,2.98664],[-75.66178,2.98719],[-75.66486,2.98713],[-75.67226,2.98859],[-75.68445,2.9893],[-75.68701,2.9902],[-75.69248,2.99347],[-75.69321,2.99339],[-75.69333,2.98909],[-75.69509,2.98677],[-75.69863,2.9759],[-75.70076,2.97205],[-75.70271,2.96997],[-75.71067,2.96422],[-75.72084,2.96163],[-75.72298,2.95965],[-75.72521,2.95633],[-75.7286,2.95362],[-75.73352,2.95317],[-75.73591,2.95441],[-75.73773,2.9544],[-75.74031,2.95329],[-75.74403,2.95317],[-75.7495,2.94683],[-75.75266,2.94686],[-75.75486,2.94489],[-75.75742,2.94457],[-75.7601,2.94351],[-75.7615,2.94232],[-75.76554,2.93348],[-75.76613,2.93072],[-75.7655,2.92893],[-75.76579,2.9271],[-75.76711,2.92374],[-75.76303,2.91703],[-75.76279,2.91527],[-75.76512,2.91455],[-75.76755,2.91529],[-75.7671,2.91456],[-75.76161,2.91369],[-75.75986,2.91165],[-75.75546,2.90871],[-75.75436,2.90903],[-75.75115,2.91269],[-75.75052,2.9159],[-75.74841,2.9165],[-75.74657,2.91634],[-75.74341,2.91465],[-75.742,2.91069],[-75.7381,2.90723],[-75.73642,2.90488],[-75.73575,2.90277],[-75.73402,2.90119],[-75.72989,2.90056],[-75.72844,2.90104],[-75.72617,2.89655],[-75.72717,2.89402],[-75.72503,2.89165],[-75.72125,2.89037],[-75.71788,2.88679],[-75.71801,2.88524],[-75.71603,2.88311],[-75.71545,2.88071],[-75.71581,2.87722],[-75.71391,2.87187],[-75.71255,2.8701],[-75.7084,2.86743],[-75.70365,2.86585],[-75.70018,2.86372],[-75.69634,2.86277],[-75.69485,2.8615],[-75.6938,2.85724],[-75.69222,2.8539],[-75.69395,2.84807],[-75.69357,2.84167],[-75.68935,2.83867],[-75.68896,2.83624],[-75.68778,2.83374],[-75.68581,2.83228],[-75.68271,2.83198],[-75.67707,2.83035],[-75.67589,2.82768],[-75.67439,2.82696],[-75.66886,2.82568],[-75.66596,2.82429],[-75.66518,2.82461],[-75.66436,2.826],[-75.66322,2.8255],[-75.66159,2.82354],[-75.65594,2.82032],[-75.65337,2.82168],[-75.6497,2.82129],[-75.64617,2.82187],[-75.63928,2.82437],[-75.63218,2.83253],[-75.63019,2.84033],[-75.62826,2.84253],[-75.62505,2.84462],[-75.62445,2.84731],[-75.62203,2.84879],[-75.62015,2.84879],[-75.61859,2.85001],[-75.62005,2.85075],[-75.62234,2.85365],[-75.62314,2.86438],[-75.62417,2.86863],[-75.6219,2.87223],[-75.62221,2.87725],[-75.61979,2.87982],[-75.61432,2.88129],[-75.61299,2.88297],[-75.60326,2.88745],[-75.59971,2.8899],[-75.59036,2.88988],[-75.58527,2.89236],[-75.58031,2.88896],[-75.5757,2.88791],[-75.5723,2.88798],[-75.57075,2.88657],[-75.56908,2.88698],[-75.56595,2.88472],[-75.56422,2.88271],[-75.56101,2.88145],[-75.55945,2.88148],[-75.55792,2.88058],[-75.55489,2.88144],[-75.55418,2.88082],[-75.55276,2.88099],[-75.55032,2.87945],[-75.54896,2.87967],[-75.54853,2.88038],[-75.54702,2.88041],[-75.54559,2.88183],[-75.54464,2.88206],[-75.54297,2.88375],[-75.54316,2.8851],[-75.54209,2.88513],[-75.54166,2.88606],[-75.54063,2.88659],[-75.54062,2.88742],[-75.54001,2.88726],[-75.53816,2.88937],[-75.53649,2.89013],[-75.53495,2.89366],[-75.5334,2.89508],[-75.53349,2.89813],[-75.53274,2.8993],[-75.53347,2.90052],[-75.53221,2.90178],[-75.53213,2.90312],[-75.53145,2.90324],[-75.53018,2.90498],[-75.52999,2.90634],[-75.52819,2.90677],[-75.52574,2.91093],[-75.52604,2.91285],[-75.52495,2.91363],[-75.52492,2.91502],[-75.52402,2.91528],[-75.52479,2.91645],[-75.52248,2.92006],[-75.52249,2.92262],[-75.52037,2.92468],[-75.51932,2.92918],[-75.51767,2.93045],[-75.51734,2.9321],[-75.51597,2.93332],[-75.51474,2.93624],[-75.51162,2.93759],[-75.51027,2.94084],[-75.51107,2.94166],[-75.51095,2.94241],[-75.50905,2.94311],[-75.50933,2.94397],[-75.50872,2.94432],[-75.50871,2.94509],[-75.50621,2.94688],[-75.50597,2.94831],[-75.50463,2.94856],[-75.50236,2.95143],[-75.5004,2.95162],[-75.4998,2.9525],[-75.49842,2.95262],[-75.49686,2.95361],[-75.49449,2.95761],[-75.4975,2.96346],[-75.49809,2.96622],[-75.4979,2.96841],[-75.50185,2.96851],[-75.50299,2.97082],[-75.50484,2.97198],[-75.50825,2.97083],[-75.50924,2.97099],[-75.51024,2.97022],[-75.51123,2.97055],[-75.51219,2.96961],[-75.51405,2.96934],[-75.51529,2.97108],[-75.51961,2.97203],[-75.52524,2.97434],[-75.52901,2.9749],[-75.52967,2.97589],[-75.53139,2.9766],[-75.53207,2.97772],[-75.53347,2.97848],[-75.53692,2.97709],[-75.53758,2.97634],[-75.54085,2.97715],[-75.54239,2.97849],[-75.54338,2.97852],[-75.54516,2.98198],[-75.5499,2.98166],[-75.55232,2.97986],[-75.55474,2.9789],[-75.5557,2.97901],[-75.55717,2.98047],[-75.55757,2.98215],[-75.5597,2.98225],[-75.56337,2.98198],[-75.56518,2.98093],[-75.56756,2.98116],[-75.56925,2.97903],[-75.57258,2.97744],[-75.57736,2.97898],[-75.57889,2.98404],[-75.57918,2.98995],[-75.5811,2.99115],[-75.58256,2.99372],[-75.58272,2.99655],[-75.5852,3.00277],[-75.58979,3.00834],[-75.59398,3.01144],[-75.59785,3.0173],[-75.6004,3.01876],[-75.60657,3.02423],[-75.6075,3.02438]]]},"properties":{"OBJECTID":181,"MpCodigo":"41676","MpNombre":"Santa María","Depto":"Huila","MpCategor":1,"MpNorma":"Ordenanza No. 06 de 1965","MpArea":339.305248206394,"MpAltitud":1700}},{"type":"Feature","id":105,"geometry":{"type":"Polygon","coordinates":[[[-75.82078,1.99747],[-75.82321,1.99659],[-75.82524,1.99441],[-75.83037,1.99253],[-75.83272,1.99075],[-75.83355,1.98914],[-75.83574,1.98834],[-75.83708,1.98503],[-75.83667,1.98379],[-75.83543,1.98303],[-75.83658,1.98128],[-75.83812,1.9808],[-75.83901,1.97812],[-75.84056,1.9771],[-75.84005,1.97575],[-75.84049,1.97446],[-75.84191,1.97427],[-75.8419,1.97211],[-75.8411,1.97006],[-75.83956,1.96925],[-75.83677,1.96649],[-75.8365,1.9652],[-75.83462,1.96284],[-75.83719,1.9611],[-75.83943,1.96088],[-75.84097,1.96199],[-75.84786,1.96301],[-75.84898,1.96387],[-75.85049,1.96343],[-75.85213,1.9617],[-75.85349,1.96111],[-75.85516,1.95802],[-75.85816,1.95557],[-75.865,1.95318],[-75.8673,1.95169],[-75.8698,1.94824],[-75.87025,1.94493],[-75.87165,1.94374],[-75.87801,1.94323],[-75.87859,1.94036],[-75.87964,1.93904],[-75.88361,1.93876],[-75.88657,1.93774],[-75.88711,1.93626],[-75.88826,1.93532],[-75.88909,1.9327],[-75.88914,1.92806],[-75.89276,1.92467],[-75.89427,1.92116],[-75.89314,1.91743],[-75.89386,1.91498],[-75.89569,1.91192],[-75.89875,1.90966],[-75.90351,1.90989],[-75.90512,1.90898],[-75.90545,1.90776],[-75.90602,1.90783],[-75.90799,1.90594],[-75.91133,1.90548],[-75.91412,1.90311],[-75.91522,1.90132],[-75.91828,1.90095],[-75.91991,1.89985],[-75.91948,1.8989],[-75.92009,1.89781],[-75.92324,1.8967],[-75.92555,1.89497],[-75.92698,1.89292],[-75.9288,1.89262],[-75.92908,1.89004],[-75.92754,1.8854],[-75.92794,1.88414],[-75.92927,1.88255],[-75.93311,1.87976],[-75.93452,1.87932],[-75.93599,1.87567],[-75.93726,1.87418],[-75.93798,1.8715],[-75.9394,1.86987],[-75.94103,1.87057],[-75.94269,1.86957],[-75.943,1.86767],[-75.94744,1.86014],[-75.94955,1.85925],[-75.95088,1.85677],[-75.94936,1.85417],[-75.9488,1.85093],[-75.94175,1.84849],[-75.9402,1.84702],[-75.93563,1.84525],[-75.93114,1.84933],[-75.92536,1.85244],[-75.92214,1.85346],[-75.918,1.85384],[-75.91716,1.8547],[-75.91694,1.85644],[-75.9157,1.85854],[-75.91262,1.85935],[-75.91167,1.85888],[-75.91046,1.8552],[-75.90919,1.85422],[-75.90549,1.85429],[-75.90277,1.85372],[-75.90015,1.85243],[-75.89402,1.8508],[-75.88757,1.85223],[-75.8826,1.85165],[-75.88128,1.85035],[-75.88041,1.84779],[-75.87765,1.84763],[-75.87719,1.8469],[-75.87806,1.84391],[-75.87599,1.84158],[-75.87562,1.83971],[-75.8708,1.83461],[-75.87102,1.83094],[-75.87049,1.83085],[-75.87015,1.82919],[-75.87102,1.82777],[-75.87183,1.82345],[-75.87331,1.82185],[-75.87125,1.81884],[-75.86865,1.81719],[-75.86778,1.81427],[-75.86679,1.81358],[-75.86624,1.81181],[-75.86281,1.80858],[-75.86141,1.80509],[-75.8574,1.80295],[-75.85681,1.79853],[-75.85739,1.7961],[-75.85651,1.79496],[-75.85634,1.79249],[-75.85679,1.79208],[-75.85563,1.78937],[-75.85648,1.78871],[-75.85648,1.78734],[-75.8546,1.78529],[-75.8545,1.78294],[-75.85342,1.7823],[-75.85249,1.78015],[-75.85015,1.77909],[-75.84896,1.77753],[-75.84961,1.77344],[-75.84893,1.7724],[-75.84803,1.77222],[-75.84687,1.76951],[-75.84691,1.76548],[-75.84584,1.76376],[-75.84656,1.76308],[-75.84665,1.76204],[-75.84575,1.76087],[-75.84562,1.75897],[-75.84413,1.75734],[-75.84415,1.75312],[-75.84314,1.75186],[-75.84185,1.75176],[-75.84054,1.75053],[-75.83834,1.74748],[-75.83859,1.74581],[-75.83802,1.74367],[-75.83841,1.74145],[-75.83728,1.74023],[-75.83509,1.74324],[-75.83268,1.74422],[-75.83191,1.74587],[-75.83032,1.7474],[-75.82889,1.74762],[-75.82292,1.75079],[-75.82041,1.75136],[-75.81697,1.75355],[-75.81595,1.75341],[-75.81314,1.75153],[-75.80944,1.75118],[-75.80664,1.75186],[-75.80294,1.75071],[-75.80203,1.74979],[-75.79914,1.75009],[-75.79692,1.75216],[-75.79187,1.75979],[-75.78672,1.76313],[-75.78482,1.76312],[-75.78364,1.76198],[-75.7815,1.76201],[-75.77971,1.76112],[-75.77719,1.76197],[-75.77365,1.76216],[-75.77221,1.76325],[-75.7702,1.76668],[-75.76755,1.76659],[-75.76103,1.76938],[-75.75947,1.77142],[-75.75831,1.77492],[-75.75705,1.77627],[-75.75463,1.77616],[-75.751,1.7781],[-75.74468,1.77871],[-75.74325,1.77991],[-75.74005,1.78075],[-75.73715,1.78246],[-75.73428,1.78652],[-75.73461,1.78905],[-75.73395,1.79113],[-75.73402,1.79648],[-75.73169,1.80007],[-75.73341,1.80827],[-75.73067,1.82335],[-75.72536,1.82937],[-75.71831,1.83192],[-75.71231,1.83588],[-75.70791,1.83968],[-75.70343,1.85065],[-75.70266,1.86321],[-75.70197,1.86621],[-75.69783,1.87106],[-75.69523,1.87249],[-75.6931,1.87284],[-75.69176,1.87387],[-75.68962,1.87944],[-75.68815,1.88072],[-75.69318,1.88206],[-75.69658,1.88539],[-75.69927,1.89083],[-75.69956,1.89323],[-75.70077,1.89598],[-75.70154,1.89678],[-75.70439,1.89777],[-75.70596,1.89969],[-75.70599,1.90299],[-75.70788,1.90747],[-75.70695,1.9106],[-75.70717,1.91217],[-75.70954,1.91252],[-75.71308,1.91409],[-75.71703,1.91719],[-75.72271,1.91888],[-75.72262,1.92026],[-75.72419,1.92306],[-75.72307,1.92759],[-75.72414,1.93117],[-75.72298,1.93261],[-75.72262,1.93439],[-75.72409,1.93822],[-75.7274,1.93846],[-75.72833,1.93989],[-75.73424,1.94069],[-75.73634,1.94194],[-75.73859,1.94091],[-75.74291,1.94041],[-75.74402,1.93891],[-75.74759,1.93998],[-75.75009,1.93834],[-75.7528,1.94183],[-75.75473,1.94544],[-75.75658,1.94551],[-75.75915,1.9447],[-75.7655,1.94769],[-75.76807,1.95154],[-75.77132,1.95508],[-75.77417,1.96069],[-75.77566,1.97479],[-75.77754,1.976],[-75.78031,1.97607],[-75.78153,1.97772],[-75.78025,1.98584],[-75.78774,1.98725],[-75.78837,1.98798],[-75.78777,1.98822],[-75.7879,1.9896],[-75.78896,1.99161],[-75.79214,1.99154],[-75.79452,1.98874],[-75.79758,1.9887],[-75.79901,1.98914],[-75.7994,1.9906],[-75.8009,1.99185],[-75.80169,1.99156],[-75.80291,1.99247],[-75.80512,1.99231],[-75.80862,1.99324],[-75.81061,1.99474],[-75.81245,1.99305],[-75.81459,1.99314],[-75.81567,1.99373],[-75.81607,1.99564],[-75.81974,1.99672],[-75.82078,1.99747]]]},"properties":{"OBJECTID":105,"MpCodigo":"41770","MpNombre":"Suaza","Depto":"Huila","MpCategor":1,"MpNorma":null,"MpArea":429.6234606861259,"MpAltitud":1000}},{"type":"Feature","id":123,"geometry":{"type":"Polygon","coordinates":[[[-75.8726,2.21984],[-75.87316,2.2207],[-75.87455,2.22033],[-75.87838,2.21869],[-75.88121,2.21655],[-75.88389,2.21645],[-75.88948,2.21053],[-75.88987,2.20757],[-75.89163,2.20555],[-75.8935,2.20186],[-75.89606,2.20085],[-75.89918,2.20152],[-75.89985,2.2006],[-75.90265,2.19989],[-75.90663,2.20002],[-75.90753,2.20022],[-75.91342,2.20608],[-75.91502,2.20445],[-75.91646,2.20392],[-75.91902,2.20065],[-75.92525,2.19633],[-75.92696,2.1926],[-75.93428,2.18853],[-75.93805,2.18435],[-75.93988,2.18319],[-75.94286,2.18203],[-75.94513,2.18191],[-75.94782,2.18025],[-75.9483,2.17889],[-75.9492,2.17824],[-75.95888,2.17705],[-75.96319,2.17578],[-75.96388,2.17517],[-75.96391,2.17298],[-75.97152,2.17024],[-75.97236,2.16931],[-75.97312,2.16562],[-75.97653,2.16438],[-75.97715,2.16363],[-75.97683,2.16251],[-75.97567,2.16184],[-75.97632,2.15948],[-75.97721,2.15842],[-75.97738,2.15448],[-75.97577,2.15331],[-75.97353,2.1501],[-75.97309,2.14403],[-75.97942,2.14055],[-75.98571,2.13163],[-75.99886,2.12254],[-76.00146,2.11884],[-76.00629,2.11468],[-76.00483,2.11402],[-75.99866,2.11361],[-75.99622,2.11485],[-75.99382,2.11196],[-75.99234,2.11175],[-75.98878,2.11352],[-75.98516,2.11352],[-75.98198,2.10996],[-75.9764,2.10886],[-75.9737,2.11017],[-75.97286,2.11004],[-75.97037,2.10712],[-75.97203,2.10554],[-75.97123,2.10223],[-75.97111,2.09848],[-75.97174,2.09452],[-75.97012,2.09273],[-75.96746,2.0917],[-75.97024,2.08639],[-75.97245,2.07958],[-75.97863,2.07035],[-75.97955,2.06612],[-75.97418,2.05792],[-75.97226,2.05072],[-75.97011,2.04615],[-75.96285,2.04129],[-75.95931,2.04344],[-75.95866,2.0483],[-75.95781,2.04848],[-75.95657,2.04777],[-75.95318,2.05017],[-75.95186,2.05043],[-75.94231,2.04885],[-75.93928,2.04598],[-75.93456,2.03842],[-75.93276,2.03771],[-75.93003,2.03875],[-75.9279,2.03781],[-75.92404,2.03469],[-75.9191,2.03349],[-75.91652,2.03464],[-75.91347,2.03479],[-75.90927,2.03629],[-75.9072,2.03595],[-75.90523,2.03446],[-75.90234,2.03339],[-75.89935,2.03357],[-75.89879,2.03676],[-75.89663,2.04151],[-75.89436,2.04245],[-75.89277,2.04212],[-75.89117,2.04082],[-75.89007,2.03952],[-75.88887,2.0358],[-75.88743,2.03544],[-75.8819,2.03887],[-75.88208,2.04052],[-75.88369,2.04147],[-75.88406,2.04304],[-75.88357,2.04356],[-75.88042,2.04407],[-75.87898,2.04554],[-75.87723,2.04415],[-75.87607,2.04456],[-75.87566,2.046],[-75.87601,2.04824],[-75.8752,2.04885],[-75.87123,2.04759],[-75.87006,2.0458],[-75.86412,2.04517],[-75.86308,2.04455],[-75.86249,2.0433],[-75.85967,2.04239],[-75.85864,2.04453],[-75.85898,2.0462],[-75.85991,2.04688],[-75.85972,2.04839],[-75.85607,2.04909],[-75.85415,2.05173],[-75.85006,2.05516],[-75.84735,2.05875],[-75.84695,2.06281],[-75.84857,2.06613],[-75.84913,2.06908],[-75.84788,2.06947],[-75.84509,2.06873],[-75.84435,2.06953],[-75.84562,2.07151],[-75.84583,2.07543],[-75.84448,2.07783],[-75.84142,2.08018],[-75.83996,2.08645],[-75.8361,2.09097],[-75.8324,2.0935],[-75.8276,2.09372],[-75.82218,2.09633],[-75.81876,2.09675],[-75.81712,2.09898],[-75.81776,2.10165],[-75.81737,2.10356],[-75.81513,2.10335],[-75.8119,2.10168],[-75.80693,2.10314],[-75.8026,2.10547],[-75.80022,2.10578],[-75.79892,2.1079],[-75.79987,2.11612],[-75.79484,2.12053],[-75.79341,2.12124],[-75.78474,2.12224],[-75.77643,2.12071],[-75.77532,2.11985],[-75.77462,2.11759],[-75.77471,2.11461],[-75.76958,2.10824],[-75.76731,2.10671],[-75.76534,2.10692],[-75.76377,2.10782],[-75.76237,2.10985],[-75.75961,2.10881],[-75.75882,2.11062],[-75.75749,2.1108],[-75.75576,2.11209],[-75.75304,2.11204],[-75.74811,2.11352],[-75.74696,2.11469],[-75.74541,2.12033],[-75.74329,2.12146],[-75.74052,2.12854],[-75.74149,2.13159],[-75.74217,2.13962],[-75.74309,2.14245],[-75.74275,2.14572],[-75.74114,2.1496],[-75.73927,2.15095],[-75.73549,2.15864],[-75.73349,2.16147],[-75.73402,2.16188],[-75.73759,2.1616],[-75.74062,2.16302],[-75.74187,2.1625],[-75.74571,2.16544],[-75.74587,2.16702],[-75.74815,2.16859],[-75.75202,2.16956],[-75.75245,2.17037],[-75.75209,2.17298],[-75.7536,2.17333],[-75.75311,2.17488],[-75.75453,2.176],[-75.75408,2.17676],[-75.75472,2.17741],[-75.75593,2.17694],[-75.75775,2.17881],[-75.75879,2.17879],[-75.7591,2.18048],[-75.7599,2.18034],[-75.76084,2.18104],[-75.76028,2.18196],[-75.76105,2.18278],[-75.76034,2.18441],[-75.7612,2.18514],[-75.76108,2.18583],[-75.76379,2.18722],[-75.76458,2.18893],[-75.76647,2.18894],[-75.76654,2.18976],[-75.76843,2.19121],[-75.76978,2.19136],[-75.77092,2.19221],[-75.77209,2.19092],[-75.77487,2.19017],[-75.77709,2.19062],[-75.77795,2.19178],[-75.7791,2.19195],[-75.77994,2.19281],[-75.78126,2.19244],[-75.78205,2.19456],[-75.78312,2.19509],[-75.78457,2.19773],[-75.78653,2.19903],[-75.78657,2.20007],[-75.78725,2.20042],[-75.79059,2.19958],[-75.79281,2.20024],[-75.7983,2.19857],[-75.79991,2.20059],[-75.80034,2.19989],[-75.80096,2.20023],[-75.80281,2.19956],[-75.80411,2.20011],[-75.80677,2.19844],[-75.80803,2.19898],[-75.81112,2.19642],[-75.81405,2.19625],[-75.8171,2.19523],[-75.81822,2.19319],[-75.82219,2.19444],[-75.82332,2.19634],[-75.82447,2.19688],[-75.82456,2.19859],[-75.82574,2.19948],[-75.8267,2.19942],[-75.82815,2.19818],[-75.82906,2.19836],[-75.83082,2.20029],[-75.83093,2.20464],[-75.83275,2.20736],[-75.83607,2.21037],[-75.83731,2.21227],[-75.84004,2.21326],[-75.84119,2.21431],[-75.84208,2.21409],[-75.84304,2.21496],[-75.84997,2.21229],[-75.85314,2.21273],[-75.85545,2.20948],[-75.85829,2.20882],[-75.85724,2.21144],[-75.8587,2.21236],[-75.86098,2.2128],[-75.86363,2.21526],[-75.86566,2.21595],[-75.8689,2.21857],[-75.87168,2.2192],[-75.8726,2.21984]]]},"properties":{"OBJECTID":123,"MpCodigo":"41791","MpNombre":"Tarqui","Depto":"Huila","MpCategor":1,"MpNorma":null,"MpArea":362.79091729504455,"MpAltitud":840}},{"type":"Feature","id":154,"geometry":{"type":"Polygon","coordinates":[[[-75.72835,2.66574],[-75.73076,2.66626],[-75.73346,2.6601],[-75.73972,2.65526],[-75.74048,2.65228],[-75.74021,2.64724],[-75.74267,2.64425],[-75.74645,2.64266],[-75.75282,2.63675],[-75.75438,2.63238],[-75.75524,2.63219],[-75.75461,2.63007],[-75.75661,2.62921],[-75.75822,2.62693],[-75.75976,2.62624],[-75.75938,2.62286],[-75.76082,2.6204],[-75.75992,2.6176],[-75.75592,2.61299],[-75.75388,2.61324],[-75.75033,2.61226],[-75.74938,2.61097],[-75.74547,2.60869],[-75.74206,2.60559],[-75.73928,2.60505],[-75.73831,2.60428],[-75.73868,2.60129],[-75.73695,2.59791],[-75.73683,2.5945],[-75.73628,2.59325],[-75.73684,2.58951],[-75.73559,2.58854],[-75.73663,2.5872],[-75.73898,2.5861],[-75.74138,2.5872],[-75.74476,2.58685],[-75.74656,2.58725],[-75.75124,2.58649],[-75.75537,2.58789],[-75.75565,2.58683],[-75.75912,2.58602],[-75.75911,2.58338],[-75.75992,2.58108],[-75.76862,2.56937],[-75.76886,2.56865],[-75.76649,2.56667],[-75.76669,2.56023],[-75.76594,2.5597],[-75.76863,2.55827],[-75.76777,2.55761],[-75.76842,2.55588],[-75.76624,2.5471],[-75.76748,2.5448],[-75.76787,2.54216],[-75.76633,2.53615],[-75.76754,2.53162],[-75.76737,2.52928],[-75.76583,2.52608],[-75.76624,2.51885],[-75.76822,2.51544],[-75.7694,2.50925],[-75.77096,2.50683],[-75.77227,2.50582],[-75.77338,2.50214],[-75.77582,2.50053],[-75.77563,2.49895],[-75.77702,2.49691],[-75.77719,2.49485],[-75.77656,2.49266],[-75.77865,2.49071],[-75.78034,2.49044],[-75.78132,2.48963],[-75.78316,2.48955],[-75.78596,2.48734],[-75.7872,2.48454],[-75.78952,2.48358],[-75.79048,2.48196],[-75.79182,2.48125],[-75.79404,2.47701],[-75.79545,2.47711],[-75.79492,2.47566],[-75.79053,2.47313],[-75.7843,2.46762],[-75.7828,2.46681],[-75.77858,2.46649],[-75.77629,2.46362],[-75.77477,2.46285],[-75.77115,2.46256],[-75.76745,2.45929],[-75.76585,2.45704],[-75.76455,2.45709],[-75.76354,2.46048],[-75.76266,2.46085],[-75.7583,2.45698],[-75.75508,2.456],[-75.75351,2.4537],[-75.7486,2.45218],[-75.74477,2.44926],[-75.74432,2.44982],[-75.74482,2.45207],[-75.74685,2.45517],[-75.74594,2.45705],[-75.74426,2.45729],[-75.74255,2.45655],[-75.74054,2.45471],[-75.73925,2.45062],[-75.73589,2.44775],[-75.7341,2.44818],[-75.72955,2.45117],[-75.7273,2.45117],[-75.72595,2.4478],[-75.72422,2.44588],[-75.72204,2.44585],[-75.71873,2.44748],[-75.71653,2.44591],[-75.71525,2.44338],[-75.71417,2.44272],[-75.71252,2.44321],[-75.71178,2.44531],[-75.71208,2.44746],[-75.71485,2.44799],[-75.71616,2.44979],[-75.71637,2.45174],[-75.71493,2.45321],[-75.71373,2.45332],[-75.70941,2.44995],[-75.70921,2.44845],[-75.71004,2.44612],[-75.70965,2.44461],[-75.70897,2.44435],[-75.70545,2.44739],[-75.70799,2.45002],[-75.70794,2.45112],[-75.70654,2.45139],[-75.70506,2.45069],[-75.70387,2.45086],[-75.7025,2.45378],[-75.70132,2.45471],[-75.69796,2.45366],[-75.69695,2.45491],[-75.69691,2.45775],[-75.69609,2.45998],[-75.69342,2.4616],[-75.69211,2.46198],[-75.69092,2.46154],[-75.69069,2.45959],[-75.69135,2.45812],[-75.69015,2.45685],[-75.68907,2.45674],[-75.68812,2.45733],[-75.68693,2.46107],[-75.6856,2.46168],[-75.68292,2.45719],[-75.67828,2.4554],[-75.67677,2.45601],[-75.67434,2.46045],[-75.67166,2.45859],[-75.67058,2.45693],[-75.67039,2.45557],[-75.67127,2.45351],[-75.67112,2.45261],[-75.6701,2.4523],[-75.66775,2.45314],[-75.66642,2.45123],[-75.66857,2.44926],[-75.66843,2.44715],[-75.66967,2.44563],[-75.67294,2.44561],[-75.67369,2.4444],[-75.67316,2.44238],[-75.67233,2.44219],[-75.66993,2.44314],[-75.66586,2.44326],[-75.65911,2.44632],[-75.65797,2.44331],[-75.65809,2.43969],[-75.65982,2.436],[-75.65823,2.43245],[-75.65714,2.43146],[-75.65394,2.43113],[-75.65103,2.43271],[-75.64577,2.43898],[-75.64249,2.44032],[-75.64103,2.44318],[-75.64004,2.44332],[-75.63986,2.44273],[-75.63745,2.44168],[-75.63627,2.44011],[-75.63615,2.43787],[-75.63787,2.43679],[-75.64153,2.43648],[-75.64467,2.43537],[-75.64523,2.43468],[-75.64535,2.43245],[-75.6448,2.42888],[-75.63851,2.42916],[-75.63896,2.42422],[-75.63667,2.42249],[-75.63363,2.42287],[-75.63194,2.42387],[-75.63142,2.42513],[-75.63319,2.42844],[-75.63227,2.43012],[-75.63075,2.42985],[-75.62218,2.43315],[-75.61665,2.42948],[-75.61491,2.42926],[-75.6143,2.42956],[-75.61374,2.4319],[-75.61234,2.43419],[-75.60863,2.43367],[-75.60746,2.43641],[-75.60251,2.43975],[-75.59875,2.44494],[-75.59369,2.44794],[-75.59359,2.44926],[-75.59434,2.44966],[-75.59833,2.4495],[-75.59937,2.45147],[-75.59505,2.45457],[-75.59229,2.45807],[-75.59058,2.45823],[-75.58923,2.45756],[-75.58919,2.45677],[-75.59064,2.45521],[-75.5899,2.45276],[-75.58319,2.45303],[-75.58138,2.45066],[-75.5803,2.44783],[-75.57911,2.44708],[-75.57841,2.44725],[-75.57548,2.44972],[-75.57338,2.45517],[-75.57332,2.45934],[-75.57199,2.46147],[-75.56097,2.46447],[-75.55928,2.4665],[-75.55833,2.46912],[-75.56262,2.48075],[-75.56562,2.48369],[-75.56733,2.48399],[-75.56967,2.48611],[-75.56866,2.48801],[-75.58433,2.54905],[-75.58859,2.5447],[-75.58974,2.54198],[-75.59422,2.53979],[-75.59747,2.53999],[-75.59844,2.53916],[-75.59895,2.53729],[-75.60021,2.53583],[-75.60229,2.53561],[-75.60364,2.53383],[-75.60605,2.5341],[-75.60655,2.5354],[-75.6098,2.53629],[-75.61063,2.53701],[-75.6118,2.53629],[-75.61336,2.53651],[-75.61385,2.53837],[-75.61559,2.53899],[-75.61588,2.5383],[-75.61736,2.53836],[-75.61812,2.53907],[-75.61949,2.53826],[-75.62214,2.53833],[-75.62272,2.5372],[-75.62449,2.53747],[-75.62653,2.53644],[-75.62847,2.53916],[-75.62977,2.53757],[-75.63099,2.53829],[-75.6317,2.53792],[-75.63357,2.53841],[-75.63599,2.5401],[-75.63964,2.53927],[-75.64194,2.54227],[-75.64067,2.54329],[-75.64007,2.54663],[-75.64059,2.55004],[-75.64022,2.55532],[-75.64146,2.55824],[-75.64153,2.56048],[-75.64284,2.56053],[-75.64403,2.55943],[-75.64484,2.5598],[-75.64548,2.56121],[-75.64452,2.56512],[-75.6454,2.56808],[-75.64714,2.57076],[-75.64917,2.57093],[-75.65062,2.57256],[-75.64903,2.57454],[-75.64997,2.57483],[-75.6506,2.58189],[-75.65263,2.58563],[-75.65228,2.58664],[-75.65317,2.58723],[-75.65296,2.5898],[-75.65032,2.59325],[-75.65066,2.59454],[-75.64967,2.59883],[-75.64984,2.60046],[-75.64883,2.60207],[-75.6497,2.6079],[-75.6503,2.60903],[-75.64868,2.61179],[-75.64918,2.61674],[-75.64871,2.61758],[-75.64949,2.6189],[-75.64783,2.62426],[-75.6477,2.62895],[-75.64609,2.63182],[-75.64609,2.63428],[-75.64549,2.63506],[-75.64708,2.63659],[-75.6482,2.63682],[-75.64968,2.63665],[-75.65118,2.63502],[-75.65479,2.64105],[-75.65517,2.64417],[-75.65644,2.64508],[-75.66619,2.64211],[-75.67126,2.63946],[-75.67349,2.63673],[-75.67775,2.63406],[-75.68654,2.63085],[-75.69196,2.62718],[-75.69322,2.62559],[-75.69701,2.62342],[-75.70034,2.62272],[-75.70256,2.6254],[-75.70393,2.62816],[-75.70581,2.62799],[-75.7096,2.62958],[-75.71084,2.62935],[-75.71158,2.6305],[-75.71334,2.6311],[-75.71957,2.63132],[-75.72155,2.63249],[-75.72208,2.63402],[-75.72133,2.63565],[-75.72208,2.6371],[-75.72346,2.63798],[-75.72144,2.64222],[-75.72182,2.6452],[-75.72078,2.64899],[-75.72154,2.64986],[-75.72027,2.6551],[-75.72195,2.65832],[-75.72306,2.66353],[-75.72713,2.66552],[-75.72835,2.66574]]]},"properties":{"OBJECTID":154,"MpCodigo":"41797","MpNombre":"Tesalia","Depto":"Huila","MpCategor":1,"MpNorma":null,"MpArea":366.9573204850198,"MpAltitud":833}},{"type":"Feature","id":188,"geometry":{"type":"Polygon","coordinates":[[[-75.16271,3.13479],[-75.16587,3.13526],[-75.16608,3.13636],[-75.1671,3.13712],[-75.16901,3.13599],[-75.16976,3.1364],[-75.17056,3.13921],[-75.17036,3.14029],[-75.16786,3.14088],[-75.16671,3.14194],[-75.16825,3.14277],[-75.16865,3.14382],[-75.17058,3.14407],[-75.17119,3.14269],[-75.17385,3.14073],[-75.17531,3.14016],[-75.17567,3.14049],[-75.17486,3.14192],[-75.17769,3.14394],[-75.17918,3.1461],[-75.17973,3.14775],[-75.17941,3.15076],[-75.18247,3.15521],[-75.18196,3.16009],[-75.18295,3.16228],[-75.18381,3.1605],[-75.18358,3.15773],[-75.18457,3.15638],[-75.18542,3.15616],[-75.18816,3.1626],[-75.189,3.16277],[-75.19098,3.16121],[-75.19291,3.16403],[-75.19621,3.16599],[-75.19735,3.16614],[-75.20057,3.16481],[-75.20334,3.16758],[-75.20765,3.16871],[-75.21023,3.16786],[-75.21259,3.16568],[-75.21437,3.1656],[-75.21476,3.16728],[-75.21301,3.16793],[-75.21214,3.16898],[-75.21307,3.17074],[-75.21661,3.17115],[-75.21849,3.17291],[-75.21928,3.17482],[-75.21936,3.18008],[-75.21876,3.18205],[-75.22019,3.18323],[-75.22129,3.17799],[-75.22674,3.17005],[-75.22971,3.16841],[-75.23016,3.16617],[-75.23155,3.16365],[-75.23256,3.1574],[-75.23057,3.15569],[-75.23037,3.15398],[-75.23211,3.14838],[-75.23049,3.13661],[-75.2316,3.13589],[-75.23049,3.13576],[-75.2285,3.13317],[-75.23241,3.13344],[-75.23495,3.13173],[-75.23831,3.13334],[-75.23961,3.13587],[-75.24071,3.13544],[-75.24215,3.13334],[-75.24416,3.13365],[-75.24699,3.1353],[-75.24815,3.13506],[-75.24903,3.13367],[-75.25017,3.13315],[-75.25216,3.13357],[-75.25448,3.1327],[-75.25542,3.13332],[-75.2569,3.13683],[-75.26017,3.13637],[-75.26068,3.13765],[-75.26218,3.13796],[-75.26369,3.13951],[-75.26604,3.1396],[-75.2651,3.13884],[-75.2649,3.13783],[-75.2667,3.13217],[-75.26663,3.12941],[-75.26594,3.12864],[-75.26399,3.12805],[-75.25784,3.1269],[-75.25622,3.12494],[-75.25715,3.12285],[-75.25923,3.12038],[-75.26105,3.12019],[-75.26161,3.11954],[-75.26123,3.11755],[-75.25954,3.11499],[-75.25937,3.11344],[-75.26021,3.10895],[-75.25968,3.10573],[-75.25992,3.10326],[-75.26168,3.10241],[-75.26247,3.10134],[-75.26172,3.09156],[-75.25946,3.08826],[-75.25345,3.0827],[-75.25042,3.07723],[-75.2472,3.07578],[-75.24447,3.0763],[-75.24001,3.07566],[-75.23782,3.07466],[-75.23775,3.07396],[-75.23625,3.07346],[-75.23538,3.07226],[-75.23476,3.06588],[-75.23232,3.06575],[-75.23288,3.06399],[-75.23429,3.06318],[-75.23684,3.06009],[-75.23715,3.05824],[-75.23755,3.05824],[-75.23781,3.05202],[-75.24166,3.04903],[-75.24319,3.04704],[-75.24991,3.04222],[-75.25048,3.04151],[-75.25049,3.04003],[-75.24943,3.04114],[-75.24854,3.04113],[-75.24585,3.0385],[-75.24316,3.03433],[-75.24251,3.03455],[-75.24193,3.03692],[-75.2399,3.03777],[-75.23132,3.03675],[-75.22827,3.03748],[-75.22709,3.035],[-75.22567,3.03538],[-75.22482,3.03496],[-75.22443,3.03238],[-75.22359,3.03203],[-75.22259,3.03048],[-75.22007,3.03169],[-75.21889,3.02935],[-75.21613,3.02867],[-75.2151,3.02684],[-75.21163,3.02545],[-75.20991,3.0232],[-75.20825,3.02338],[-75.20697,3.01566],[-75.20489,3.01209],[-75.19515,3.00807],[-75.19373,3.00623],[-75.19279,3.00277],[-75.19083,3.00235],[-75.18987,3.00145],[-75.18739,3.00155],[-75.18208,2.99512],[-75.1771,2.99296],[-75.17055,2.99678],[-75.16754,2.99521],[-75.16438,2.99509],[-75.16276,2.99643],[-75.1629,2.99812],[-75.16203,2.99924],[-75.15961,2.99956],[-75.15671,3.00159],[-75.15537,2.99966],[-75.15322,3.00074],[-75.15157,3.00052],[-75.15079,3.00165],[-75.1408,3.00003],[-75.13983,3.00272],[-75.13758,3.00113],[-75.13742,3],[-75.13569,3.00205],[-75.13412,3.00215],[-75.13354,3.00137],[-75.13402,3.00025],[-75.1336,2.99995],[-75.13295,3.00119],[-75.13142,3.00227],[-75.12943,3.0008],[-75.1279,3.00184],[-75.12712,3.00028],[-75.12386,2.99894],[-75.12034,3.00011],[-75.11867,2.99747],[-75.11548,2.99806],[-75.11568,2.99738],[-75.11484,2.99611],[-75.11513,2.99538],[-75.11409,2.99364],[-75.11453,2.99232],[-75.11196,2.99082],[-75.11322,2.98837],[-75.11307,2.9861],[-75.11422,2.98533],[-75.11337,2.98395],[-75.11346,2.98151],[-75.11132,2.97835],[-75.1118,2.97691],[-75.11121,2.97183],[-75.10918,2.96744],[-75.10965,2.96511],[-75.10893,2.96405],[-75.10949,2.96272],[-75.11151,2.96166],[-75.10792,2.95947],[-75.10776,2.95797],[-75.10659,2.95761],[-75.10518,2.95578],[-75.10364,2.95115],[-75.10275,2.95013],[-75.10223,2.9465],[-75.10097,2.94628],[-75.1006,2.94567],[-75.10062,2.94252],[-75.09878,2.94134],[-75.09662,2.94075],[-75.09555,2.94207],[-75.09485,2.94091],[-75.09332,2.94123],[-75.09175,2.94055],[-75.0901,2.94134],[-75.08899,2.94074],[-75.08778,2.9421],[-75.08665,2.94087],[-75.08453,2.94224],[-75.0821,2.94185],[-75.07439,2.94911],[-75.07358,2.94841],[-75.07211,2.94998],[-75.07125,2.94967],[-75.07066,2.95071],[-75.07005,2.95034],[-75.06905,2.95172],[-75.06696,2.9518],[-75.06577,2.95268],[-75.0649,2.9513],[-75.06182,2.95061],[-75.06207,2.94926],[-75.06165,2.94866],[-75.06063,2.94888],[-75.06029,2.94652],[-75.05774,2.94629],[-75.05657,2.94533],[-75.05402,2.9451],[-75.05159,2.94416],[-75.0501,2.94477],[-75.04981,2.94875],[-75.04743,2.9488],[-75.04552,2.95047],[-75.04378,2.95098],[-75.03922,2.94575],[-75.03847,2.94365],[-75.03775,2.94312],[-75.03785,2.94217],[-75.03719,2.94178],[-75.03557,2.94206],[-75.03455,2.94024],[-75.03283,2.94165],[-75.02927,2.94216],[-75.02702,2.94019],[-75.0252,2.94052],[-75.02274,2.93721],[-75.01939,2.93697],[-75.01649,2.93546],[-75.01306,2.9365],[-75.00975,2.93383],[-75.00806,2.93412],[-75.00646,2.93554],[-75.00244,2.93594],[-74.99971,2.93422],[-74.99843,2.93405],[-74.99726,2.93223],[-74.99312,2.9344],[-74.99216,2.93425],[-74.9894,2.93324],[-74.98855,2.93207],[-74.98733,2.93155],[-74.98362,2.93109],[-74.98228,2.92969],[-74.98121,2.92939],[-74.97972,2.9314],[-74.97906,2.93164],[-74.97665,2.9308],[-74.97458,2.93239],[-74.97408,2.9336],[-74.97051,2.93415],[-74.97098,2.93241],[-74.96991,2.93012],[-74.97072,2.9284],[-74.97065,2.92588],[-74.97158,2.92469],[-74.97158,2.92345],[-74.97249,2.92161],[-74.97194,2.92067],[-74.97056,2.921],[-74.96933,2.91926],[-74.96938,2.91759],[-74.97204,2.91183],[-74.97513,2.90999],[-74.97564,2.90848],[-74.9744,2.90723],[-74.9735,2.90386],[-74.97095,2.89851],[-74.96911,2.89719],[-74.96493,2.89708],[-74.96038,2.89958],[-74.95702,2.89886],[-74.95047,2.89549],[-74.94753,2.89665],[-74.94464,2.89678],[-74.94163,2.90023],[-74.94025,2.90354],[-74.93777,2.90588],[-74.93708,2.90754],[-74.93551,2.90891],[-74.9288,2.91209],[-74.92714,2.91361],[-74.92714,2.91609],[-74.92562,2.91816],[-74.92383,2.91982],[-74.92006,2.92199],[-74.9169,2.92502],[-74.9157,2.92827],[-74.91103,2.9316],[-74.90881,2.93581],[-74.90889,2.93875],[-74.90453,2.9451],[-74.90428,2.94836],[-74.90246,2.95169],[-74.9034,2.95495],[-74.9049,2.95686],[-74.90444,2.95823],[-74.91182,2.95734],[-74.91393,2.95969],[-74.91543,2.96356],[-74.91704,2.96586],[-74.91865,2.96701],[-74.92038,2.96689],[-74.92429,2.96965],[-74.92544,2.97115],[-74.92509,2.97287],[-74.92647,2.97414],[-74.93142,2.97504],[-74.93304,2.97588],[-74.93822,2.97553],[-74.94097,2.97828],[-74.93899,2.98372],[-74.93952,2.98431],[-74.93913,2.98748],[-74.93798,2.98918],[-74.93982,2.9907],[-74.93936,2.99938],[-74.93763,3.00198],[-74.93648,3.0052],[-74.93812,3.01033],[-74.93962,3.01216],[-74.9394,3.01442],[-74.93991,3.01588],[-74.93731,3.0174],[-74.93698,3.01951],[-74.93485,3.022],[-74.93434,3.02462],[-74.93651,3.0322],[-74.93572,3.03441],[-74.93304,3.03555],[-74.9341,3.03904],[-74.93602,3.04092],[-74.94029,3.04308],[-74.94258,3.04642],[-74.94671,3.04604],[-74.94901,3.0452],[-74.95151,3.04654],[-74.95295,3.04813],[-74.9567,3.04799],[-74.95652,3.05183],[-74.95839,3.05264],[-74.96147,3.05158],[-74.96389,3.05179],[-74.96592,3.05124],[-74.96708,3.05575],[-74.96853,3.05562],[-74.97038,3.05366],[-74.97267,3.05533],[-74.97721,3.05738],[-74.97791,3.0555],[-74.97878,3.05602],[-74.97975,3.05862],[-74.97953,3.06075],[-74.98132,3.06307],[-74.98259,3.0662],[-74.98444,3.06542],[-74.98676,3.06855],[-74.98884,3.06955],[-74.99593,3.07062],[-75.00243,3.07027],[-75.00693,3.07347],[-75.0101,3.07451],[-75.0123,3.07444],[-75.0145,3.0736],[-75.01643,3.07375],[-75.01891,3.07675],[-75.02105,3.07757],[-75.02183,3.07746],[-75.02708,3.07311],[-75.02994,3.07275],[-75.03093,3.0735],[-75.03368,3.07382],[-75.03483,3.07475],[-75.0349,3.07743],[-75.0364,3.08093],[-75.03964,3.08259],[-75.0405,3.08231],[-75.04161,3.08348],[-75.04185,3.08488],[-75.04378,3.08623],[-75.0446,3.08623],[-75.0455,3.08827],[-75.04964,3.09052],[-75.05195,3.09042],[-75.0534,3.09311],[-75.05583,3.09366],[-75.0592,3.09648],[-75.06139,3.09646],[-75.06149,3.09804],[-75.06201,3.09812],[-75.06381,3.09691],[-75.06558,3.09437],[-75.06824,3.09264],[-75.06825,3.09146],[-75.06978,3.08979],[-75.07314,3.08368],[-75.07298,3.07976],[-75.07436,3.07609],[-75.07502,3.07582],[-75.07774,3.07796],[-75.07962,3.07753],[-75.08298,3.0709],[-75.08366,3.07085],[-75.0843,3.07111],[-75.08403,3.07245],[-75.08636,3.07385],[-75.08837,3.07433],[-75.09183,3.07778],[-75.09522,3.08009],[-75.09674,3.07444],[-75.10012,3.06848],[-75.10259,3.06977],[-75.10513,3.07259],[-75.10848,3.07447],[-75.10971,3.07596],[-75.11021,3.07549],[-75.11113,3.07566],[-75.11075,3.07622],[-75.11157,3.07802],[-75.1108,3.07845],[-75.11101,3.07923],[-75.11049,3.07977],[-75.11133,3.08122],[-75.1118,3.08107],[-75.11302,3.08478],[-75.11408,3.08541],[-75.11368,3.08747],[-75.11424,3.08769],[-75.11467,3.08978],[-75.11542,3.09007],[-75.11443,3.09179],[-75.11774,3.09129],[-75.11846,3.09182],[-75.11855,3.09275],[-75.12032,3.09336],[-75.1202,3.09414],[-75.12212,3.09448],[-75.12247,3.09368],[-75.12355,3.09422],[-75.1232,3.09513],[-75.12399,3.09589],[-75.12572,3.09617],[-75.12682,3.09559],[-75.12721,3.09646],[-75.12659,3.09724],[-75.12711,3.09772],[-75.12663,3.09971],[-75.12941,3.10139],[-75.13118,3.10144],[-75.13239,3.103],[-75.13495,3.10277],[-75.13555,3.10378],[-75.13654,3.10335],[-75.13639,3.1064],[-75.13717,3.10736],[-75.13804,3.10682],[-75.13941,3.10736],[-75.13912,3.10804],[-75.13849,3.10777],[-75.13854,3.10843],[-75.13964,3.10889],[-75.14042,3.10781],[-75.14158,3.10805],[-75.14344,3.10978],[-75.14321,3.11179],[-75.14505,3.1119],[-75.1453,3.11107],[-75.14712,3.11139],[-75.14698,3.11252],[-75.14811,3.11252],[-75.15019,3.11358],[-75.15008,3.11422],[-75.14824,3.11569],[-75.1481,3.11697],[-75.14859,3.11763],[-75.15031,3.11688],[-75.153,3.11746],[-75.15432,3.11871],[-75.15362,3.12085],[-75.15383,3.12178],[-75.15645,3.12048],[-75.15701,3.12088],[-75.1568,3.12194],[-75.16097,3.12382],[-75.16105,3.12554],[-75.15928,3.1299],[-75.16051,3.12998],[-75.16022,3.13294],[-75.16152,3.13283],[-75.16181,3.1334],[-75.16321,3.13258],[-75.16343,3.1335],[-75.16264,3.13387],[-75.16255,3.13474],[-75.16271,3.13479]]]},"properties":{"OBJECTID":188,"MpCodigo":"41799","MpNombre":"Tello","Depto":"Huila","MpCategor":1,"MpNorma":null,"MpArea":530.115223140868,"MpAltitud":573}},{"type":"Feature","id":178,"geometry":{"type":"Polygon","coordinates":[[[-75.98781,2.98213],[-75.99128,2.98245],[-76.02899,2.94049],[-75.89524,2.85539],[-75.89372,2.85204],[-75.89136,2.85128],[-75.89104,2.84964],[-75.88929,2.84761],[-75.88864,2.84578],[-75.88539,2.84099],[-75.88243,2.83977],[-75.88104,2.83759],[-75.88097,2.83548],[-75.87918,2.83377],[-75.8741,2.83295],[-75.87108,2.83408],[-75.86908,2.83419],[-75.86774,2.83558],[-75.86563,2.83526],[-75.8634,2.83642],[-75.85897,2.83963],[-75.85451,2.84189],[-75.84786,2.84232],[-75.8456,2.84298],[-75.84128,2.84023],[-75.83718,2.84103],[-75.83214,2.83861],[-75.83076,2.8391],[-75.82775,2.83716],[-75.82727,2.83838],[-75.82543,2.83824],[-75.82415,2.83628],[-75.82206,2.83533],[-75.82027,2.831],[-75.81752,2.83037],[-75.81641,2.82953],[-75.81612,2.82706],[-75.81738,2.8264],[-75.81729,2.82543],[-75.81396,2.82177],[-75.81154,2.82197],[-75.80935,2.82052],[-75.80874,2.82113],[-75.80668,2.82105],[-75.80555,2.81913],[-75.80627,2.8129],[-75.80729,2.81094],[-75.80711,2.80931],[-75.80479,2.80812],[-75.80583,2.80712],[-75.80694,2.80295],[-75.80794,2.8016],[-75.80808,2.79972],[-75.80736,2.79728],[-75.8086,2.79285],[-75.80863,2.78916],[-75.81045,2.78674],[-75.7288,2.79524],[-75.67775,2.79827],[-75.6749,2.79698],[-75.67327,2.7981],[-75.67148,2.7981],[-75.66857,2.79664],[-75.66589,2.79773],[-75.66206,2.79744],[-75.65848,2.79643],[-75.65726,2.79723],[-75.65735,2.79621],[-75.65549,2.79454],[-75.65412,2.79466],[-75.65381,2.79551],[-75.65204,2.79536],[-75.65175,2.79593],[-75.65092,2.79597],[-75.65047,2.7949],[-75.64946,2.79486],[-75.64737,2.7908],[-75.64651,2.79021],[-75.64469,2.78965],[-75.64306,2.79054],[-75.64164,2.78974],[-75.63977,2.79001],[-75.63922,2.78867],[-75.63988,2.78592],[-75.63915,2.7852],[-75.63821,2.78527],[-75.63702,2.78214],[-75.63453,2.78182],[-75.6353,2.78018],[-75.63404,2.77861],[-75.63424,2.77544],[-75.63342,2.77534],[-75.63321,2.77417],[-75.63173,2.77315],[-75.63158,2.77099],[-75.62998,2.76967],[-75.62907,2.7675],[-75.63011,2.76528],[-75.63089,2.76134],[-75.62981,2.75993],[-75.63056,2.75863],[-75.62906,2.7583],[-75.62892,2.7553],[-75.6278,2.75456],[-75.62851,2.75388],[-75.62836,2.75333],[-75.62973,2.75236],[-75.63112,2.75257],[-75.62963,2.75109],[-75.62472,2.74842],[-75.62137,2.7434],[-75.62118,2.74111],[-75.61979,2.73885],[-75.6192,2.73649],[-75.61842,2.73114],[-75.61684,2.72803],[-75.61732,2.7255],[-75.61538,2.72236],[-75.61555,2.71922],[-75.61787,2.71716],[-75.61772,2.71385],[-75.6184,2.71183],[-75.61814,2.71024],[-75.61711,2.70932],[-75.61593,2.70186],[-75.61583,2.69401],[-75.61539,2.69322],[-75.61304,2.6928],[-75.60905,2.69004],[-75.60326,2.68862],[-75.59781,2.68353],[-75.59434,2.68211],[-75.59146,2.68199],[-75.58768,2.68373],[-75.58485,2.68406],[-75.58267,2.68254],[-75.58023,2.68233],[-75.57871,2.68306],[-75.57807,2.68403],[-75.57707,2.68407],[-75.57557,2.68317],[-75.57344,2.68335],[-75.57033,2.68116],[-75.56892,2.68098],[-75.56666,2.68203],[-75.56448,2.6814],[-75.56383,2.68268],[-75.55954,2.68236],[-75.55917,2.68364],[-75.55814,2.68398],[-75.55805,2.68464],[-75.56074,2.68655],[-75.55713,2.69266],[-75.55759,2.69495],[-75.5558,2.69517],[-75.5542,2.69439],[-75.55321,2.69479],[-75.55134,2.69962],[-75.54885,2.70223],[-75.54927,2.70488],[-75.54396,2.71834],[-75.53491,2.73301],[-75.52996,2.73646],[-75.52899,2.73891],[-75.52564,2.7431],[-75.52372,2.7443],[-75.5225,2.74598],[-75.51997,2.74651],[-75.51647,2.74921],[-75.51243,2.75049],[-75.51064,2.75171],[-75.51102,2.75304],[-75.50902,2.75535],[-75.50291,2.75917],[-75.50092,2.75967],[-75.50074,2.76085],[-75.49827,2.76328],[-75.49788,2.76592],[-75.49827,2.76722],[-75.49497,2.7718],[-75.49455,2.7753],[-75.49123,2.78403],[-75.49142,2.78598],[-75.49079,2.78766],[-75.49145,2.79027],[-75.49412,2.79334],[-75.49371,2.79753],[-75.49464,2.80422],[-75.49935,2.8055],[-75.50073,2.80541],[-75.50247,2.80443],[-75.50429,2.80181],[-75.50711,2.80106],[-75.51,2.79936],[-75.51661,2.80117],[-75.51625,2.80384],[-75.51693,2.80724],[-75.52101,2.80785],[-75.52109,2.80873],[-75.52058,2.81379],[-75.52144,2.81564],[-75.52138,2.81775],[-75.52022,2.82026],[-75.51816,2.82052],[-75.51751,2.82113],[-75.51782,2.8232],[-75.51952,2.82303],[-75.52024,2.82195],[-75.5222,2.82119],[-75.52374,2.82209],[-75.52553,2.82158],[-75.52611,2.82072],[-75.52717,2.82108],[-75.52834,2.82015],[-75.52995,2.82004],[-75.53048,2.81856],[-75.53175,2.81865],[-75.53223,2.81753],[-75.53375,2.81737],[-75.53449,2.81794],[-75.53423,2.8189],[-75.53492,2.81927],[-75.5356,2.82084],[-75.53646,2.82104],[-75.53688,2.82341],[-75.5411,2.82621],[-75.54194,2.82742],[-75.54375,2.82796],[-75.54396,2.82958],[-75.54514,2.82949],[-75.54706,2.83088],[-75.54825,2.83003],[-75.54988,2.83021],[-75.55259,2.82792],[-75.56085,2.82352],[-75.56241,2.82154],[-75.56928,2.82006],[-75.57138,2.81875],[-75.57595,2.81371],[-75.5775,2.81818],[-75.5773,2.82081],[-75.57778,2.82268],[-75.57736,2.82598],[-75.57864,2.82919],[-75.57924,2.83439],[-75.58209,2.83738],[-75.58378,2.84118],[-75.58663,2.84404],[-75.59,2.84505],[-75.59364,2.84402],[-75.59676,2.84432],[-75.60205,2.84746],[-75.60787,2.84689],[-75.61213,2.84931],[-75.61469,2.85004],[-75.61859,2.85001],[-75.62015,2.84879],[-75.62203,2.84879],[-75.62445,2.84731],[-75.62505,2.84462],[-75.62826,2.84253],[-75.63019,2.84033],[-75.63151,2.83446],[-75.63289,2.83134],[-75.63474,2.83001],[-75.63858,2.82499],[-75.64127,2.82339],[-75.6497,2.82129],[-75.65337,2.82168],[-75.65594,2.82032],[-75.66159,2.82354],[-75.66322,2.8255],[-75.66436,2.826],[-75.66518,2.82461],[-75.66596,2.82429],[-75.66886,2.82568],[-75.67439,2.82696],[-75.67589,2.82768],[-75.67707,2.83035],[-75.68271,2.83198],[-75.68581,2.83228],[-75.68778,2.83374],[-75.68896,2.83624],[-75.68935,2.83867],[-75.69357,2.84167],[-75.69395,2.84807],[-75.69222,2.8539],[-75.6938,2.85724],[-75.69485,2.8615],[-75.69634,2.86277],[-75.70018,2.86372],[-75.70365,2.86585],[-75.7084,2.86743],[-75.71255,2.8701],[-75.71391,2.87187],[-75.71581,2.87722],[-75.71545,2.88071],[-75.71603,2.88311],[-75.71801,2.88524],[-75.71788,2.88679],[-75.72125,2.89037],[-75.72503,2.89165],[-75.72717,2.89402],[-75.72617,2.89655],[-75.72781,2.90031],[-75.72844,2.90104],[-75.73069,2.9006],[-75.73474,2.90168],[-75.7381,2.90723],[-75.742,2.91069],[-75.74341,2.91465],[-75.74657,2.91634],[-75.74841,2.9165],[-75.75052,2.9159],[-75.75115,2.91269],[-75.75436,2.90903],[-75.75546,2.90871],[-75.75986,2.91165],[-75.76161,2.91369],[-75.76608,2.91418],[-75.76755,2.91529],[-75.77217,2.91365],[-75.773,2.91276],[-75.77684,2.91364],[-75.77921,2.91174],[-75.78081,2.91174],[-75.78214,2.90717],[-75.78425,2.90465],[-75.78496,2.90293],[-75.78585,2.90251],[-75.78703,2.89909],[-75.79114,2.89854],[-75.79185,2.89646],[-75.79359,2.8959],[-75.79687,2.89329],[-75.79802,2.88906],[-75.80117,2.88623],[-75.8034,2.8854],[-75.81448,2.88523],[-75.82085,2.88324],[-75.82342,2.8799],[-75.83167,2.87448],[-75.8343,2.87349],[-75.83721,2.87371],[-75.84013,2.8719],[-75.84326,2.8719],[-75.84636,2.87108],[-75.85389,2.87215],[-75.85739,2.87151],[-75.86007,2.87301],[-75.86341,2.87783],[-75.86707,2.87883],[-75.87085,2.88093],[-75.87417,2.88374],[-75.87663,2.88724],[-75.88072,2.88739],[-75.88205,2.88947],[-75.88352,2.89628],[-75.88437,2.89757],[-75.89302,2.89814],[-75.89449,2.89733],[-75.89799,2.89377],[-75.89943,2.89477],[-75.90154,2.89486],[-75.90239,2.89814],[-75.9038,2.89977],[-75.9049,2.90012],[-75.90663,2.89972],[-75.9074,2.90052],[-75.90795,2.90361],[-75.90785,2.90776],[-75.90856,2.90947],[-75.91585,2.91185],[-75.91821,2.91356],[-75.91955,2.9138],[-75.92186,2.91265],[-75.92676,2.9132],[-75.92737,2.91374],[-75.92833,2.91503],[-75.92741,2.92142],[-75.93323,2.92239],[-75.93724,2.92057],[-75.93835,2.92057],[-75.94267,2.92202],[-75.94444,2.92181],[-75.94699,2.92015],[-75.94948,2.91674],[-75.95148,2.91678],[-75.9534,2.91775],[-75.95698,2.92342],[-75.95609,2.92725],[-75.95895,2.93678],[-75.95999,2.93697],[-75.96315,2.93605],[-75.96463,2.93839],[-75.96572,2.94467],[-75.9712,2.94513],[-75.97541,2.94772],[-75.97728,2.9502],[-75.97748,2.95229],[-75.98153,2.9561],[-75.98101,2.95879],[-75.98195,2.96161],[-75.98185,2.96355],[-75.98317,2.96513],[-75.9844,2.9656],[-75.98278,2.96869],[-75.98339,2.97075],[-75.98279,2.97231],[-75.98502,2.97576],[-75.98495,2.97775],[-75.98565,2.97938],[-75.98781,2.98213]]]},"properties":{"OBJECTID":178,"MpCodigo":"41801","MpNombre":"Teruel","Depto":"Huila","MpCategor":1,"MpNorma":null,"MpArea":471.6501979451442,"MpAltitud":853}},{"type":"Feature","id":108,"geometry":{"type":"Polygon","coordinates":[[[-75.85762,2.04649],[-75.85898,2.0462],[-75.85864,2.04453],[-75.85967,2.04239],[-75.86249,2.0433],[-75.86331,2.04261],[-75.86463,2.03976],[-75.86481,2.03479],[-75.86739,2.03356],[-75.8679,2.03137],[-75.86873,2.03028],[-75.86978,2.02927],[-75.87364,2.0291],[-75.87514,2.02789],[-75.88031,2.02292],[-75.88131,2.01815],[-75.88329,2.01776],[-75.88433,2.01578],[-75.88715,2.01581],[-75.88859,2.01524],[-75.88903,2.01288],[-75.89009,2.01129],[-75.88989,2.01022],[-75.88906,2.00955],[-75.88997,2.00779],[-75.89359,2.00764],[-75.8957,2.00532],[-75.89804,2.00462],[-75.89893,2.00482],[-75.89939,2.00618],[-75.90036,2.0065],[-75.90099,2.00612],[-75.9013,2.00398],[-75.90305,2.00297],[-75.90686,2.00256],[-75.90817,2.00014],[-75.91179,1.99947],[-75.91307,2.0004],[-75.91264,1.99683],[-75.91466,1.99592],[-75.91527,1.99431],[-75.9182,1.99421],[-75.91816,1.99215],[-75.921,1.99129],[-75.92042,1.98959],[-75.92078,1.98857],[-75.92392,1.98819],[-75.9242,1.98712],[-75.92537,1.98662],[-75.92835,1.9876],[-75.92881,1.98957],[-75.92974,1.98985],[-75.92969,1.99186],[-75.93254,1.99273],[-75.93368,1.99415],[-75.93687,1.99556],[-75.93839,1.99711],[-75.94279,1.99596],[-75.94316,1.99508],[-75.94562,1.99353],[-75.94603,1.99243],[-75.95029,1.98791],[-75.95115,1.98804],[-75.95265,1.98674],[-75.95679,1.98652],[-75.95935,1.98904],[-75.96019,1.98905],[-75.96151,1.98793],[-75.9616,1.98649],[-75.96307,1.98385],[-75.96475,1.98282],[-75.96701,1.98321],[-75.96706,1.98242],[-75.96927,1.9797],[-75.97012,1.97371],[-75.96997,1.96859],[-75.97073,1.96495],[-75.97323,1.96343],[-75.97573,1.96053],[-75.97752,1.96095],[-75.97947,1.96017],[-75.98166,1.95788],[-75.98346,1.9576],[-75.98625,1.95608],[-75.98712,1.95475],[-75.98707,1.95234],[-75.98605,1.95093],[-75.98635,1.94801],[-75.98884,1.94115],[-75.98854,1.93868],[-75.98951,1.93539],[-75.98784,1.92991],[-75.98847,1.92724],[-75.99064,1.92431],[-75.99242,1.92046],[-75.99218,1.91174],[-75.9954,1.90811],[-75.99675,1.90446],[-75.99478,1.90231],[-75.99435,1.89916],[-75.9951,1.89809],[-75.99335,1.8958],[-75.99193,1.89252],[-75.99166,1.88914],[-75.99041,1.88664],[-75.98971,1.88607],[-75.98638,1.88751],[-75.98201,1.88525],[-75.98049,1.88273],[-75.97836,1.87716],[-75.97952,1.87351],[-75.98172,1.86959],[-75.98143,1.86792],[-75.98035,1.86613],[-75.97816,1.86506],[-75.97556,1.86252],[-75.97312,1.85841],[-75.96832,1.85352],[-75.96707,1.85294],[-75.96247,1.85439],[-75.96143,1.85544],[-75.95088,1.85677],[-75.94955,1.85925],[-75.94744,1.86014],[-75.943,1.86767],[-75.94269,1.86957],[-75.94103,1.87057],[-75.9394,1.86987],[-75.93798,1.8715],[-75.93726,1.87418],[-75.93599,1.87567],[-75.93452,1.87932],[-75.93311,1.87976],[-75.92927,1.88255],[-75.92794,1.88414],[-75.92754,1.8854],[-75.92908,1.89004],[-75.9288,1.89262],[-75.92698,1.89292],[-75.92555,1.89497],[-75.92324,1.8967],[-75.92009,1.89781],[-75.91948,1.8989],[-75.91979,1.89996],[-75.91793,1.90106],[-75.91522,1.90132],[-75.91412,1.90311],[-75.91133,1.90548],[-75.90799,1.90594],[-75.90602,1.90783],[-75.90545,1.90776],[-75.90537,1.90862],[-75.90454,1.90938],[-75.90244,1.91009],[-75.89875,1.90966],[-75.89658,1.91094],[-75.89421,1.9143],[-75.89323,1.91691],[-75.89313,1.91808],[-75.89404,1.91933],[-75.89427,1.92116],[-75.89276,1.92467],[-75.88914,1.92806],[-75.88909,1.9327],[-75.88826,1.93532],[-75.88711,1.93626],[-75.88657,1.93774],[-75.88361,1.93876],[-75.87964,1.93904],[-75.87859,1.94036],[-75.87801,1.94323],[-75.87165,1.94374],[-75.87025,1.94493],[-75.8698,1.94824],[-75.8673,1.95169],[-75.865,1.95318],[-75.85816,1.95557],[-75.85516,1.95802],[-75.85349,1.96111],[-75.85213,1.9617],[-75.85049,1.96343],[-75.84898,1.96387],[-75.84786,1.96301],[-75.84097,1.96199],[-75.83943,1.96088],[-75.83719,1.9611],[-75.83462,1.96284],[-75.8365,1.9652],[-75.83677,1.96649],[-75.83956,1.96925],[-75.8411,1.97006],[-75.8419,1.97211],[-75.84191,1.97427],[-75.84049,1.97446],[-75.84005,1.97575],[-75.84056,1.9771],[-75.83901,1.97812],[-75.83812,1.9808],[-75.83658,1.98128],[-75.83543,1.98303],[-75.83667,1.98379],[-75.83708,1.98503],[-75.83574,1.98834],[-75.83355,1.98914],[-75.83272,1.99075],[-75.83037,1.99253],[-75.82524,1.99441],[-75.82321,1.99659],[-75.82084,1.99747],[-75.823,1.9997],[-75.82393,1.99907],[-75.8286,1.99938],[-75.82927,2.00149],[-75.82875,2.00555],[-75.8291,2.00778],[-75.82842,2.00977],[-75.82875,2.01112],[-75.8281,2.01575],[-75.82964,2.01762],[-75.83138,2.01848],[-75.83236,2.02061],[-75.83267,2.02362],[-75.83351,2.02507],[-75.83459,2.02529],[-75.83482,2.02626],[-75.83622,2.02666],[-75.8377,2.0288],[-75.83747,2.02973],[-75.83863,2.0321],[-75.8394,2.03267],[-75.84513,2.0323],[-75.84772,2.03273],[-75.84758,2.03545],[-75.85138,2.03805],[-75.85553,2.04561],[-75.85739,2.04647],[-75.85762,2.04649]]]},"properties":{"OBJECTID":108,"MpCodigo":"41807","MpNombre":"Timaná","Depto":"Huila","MpCategor":1,"MpNorma":null,"MpArea":185.72167465304412,"MpAltitud":1011}},{"type":"Feature","id":206,"geometry":{"type":"Polygon","coordinates":[[[-75.14362,3.43542],[-75.14743,3.43582],[-75.14972,3.43494],[-75.15257,3.43122],[-75.15356,3.4261],[-75.15273,3.42435],[-75.14927,3.42137],[-75.1516,3.41868],[-75.15331,3.41845],[-75.15617,3.41542],[-75.15773,3.41453],[-75.16536,3.41468],[-75.16955,3.41352],[-75.17184,3.41222],[-75.17416,3.40869],[-75.17499,3.39861],[-75.17242,3.38747],[-75.17226,3.3824],[-75.17295,3.37595],[-75.17531,3.37427],[-75.17823,3.37323],[-75.18335,3.36899],[-75.18625,3.36875],[-75.18891,3.36703],[-75.18956,3.36365],[-75.19959,3.35036],[-75.20093,3.34621],[-75.20212,3.34483],[-75.20386,3.3449],[-75.20558,3.34591],[-75.20945,3.35116],[-75.212,3.3529],[-75.21507,3.35357],[-75.21611,3.35309],[-75.21687,3.35188],[-75.21659,3.34631],[-75.21542,3.34509],[-75.21047,3.3425],[-75.20629,3.33907],[-75.20445,3.33596],[-75.20362,3.33334],[-75.20445,3.33051],[-75.21934,3.32951],[-75.22063,3.32891],[-75.22259,3.32597],[-75.22297,3.3215],[-75.22528,3.31776],[-75.23562,3.31427],[-75.23737,3.31297],[-75.23912,3.31032],[-75.23964,3.30776],[-75.23737,3.29724],[-75.23948,3.29246],[-75.23941,3.29142],[-75.2351,3.28547],[-75.23332,3.28232],[-75.23242,3.27926],[-75.23203,3.27719],[-75.23307,3.26881],[-75.23264,3.26756],[-75.23272,3.26316],[-75.23199,3.26134],[-75.22961,3.25867],[-75.22691,3.25689],[-75.2248,3.24885],[-75.22577,3.24747],[-75.22625,3.2424],[-75.22612,3.24132],[-75.224,3.2395],[-75.22399,3.23022],[-75.22595,3.22464],[-75.23086,3.22386],[-75.23103,3.21832],[-75.23189,3.21324],[-75.23166,3.21004],[-75.22937,3.20153],[-75.23657,3.1974],[-75.24211,3.19662],[-75.25279,3.1895],[-75.25636,3.18822],[-75.25807,3.18643],[-75.26171,3.17854],[-75.26564,3.17503],[-75.26564,3.17245],[-75.26713,3.16793],[-75.26894,3.16617],[-75.27361,3.16442],[-75.27537,3.16141],[-75.27563,3.15879],[-75.27429,3.15472],[-75.2731,3.15338],[-75.27227,3.14865],[-75.27038,3.14796],[-75.26901,3.14625],[-75.26766,3.14326],[-75.26746,3.1406],[-75.26604,3.1396],[-75.26369,3.13951],[-75.26218,3.13796],[-75.26068,3.13765],[-75.26017,3.13637],[-75.2569,3.13683],[-75.25542,3.13332],[-75.25465,3.13274],[-75.25216,3.13357],[-75.25017,3.13315],[-75.24903,3.13367],[-75.24815,3.13506],[-75.24699,3.1353],[-75.24416,3.13365],[-75.24215,3.13334],[-75.24071,3.13544],[-75.23961,3.13587],[-75.23831,3.13334],[-75.23495,3.13173],[-75.23241,3.13344],[-75.2285,3.13317],[-75.23049,3.13576],[-75.2316,3.13589],[-75.23049,3.13661],[-75.23211,3.14838],[-75.23037,3.15398],[-75.23057,3.15569],[-75.23256,3.1574],[-75.23155,3.16365],[-75.23016,3.16617],[-75.22971,3.16841],[-75.22674,3.17005],[-75.22129,3.17799],[-75.22019,3.18323],[-75.21876,3.18205],[-75.21936,3.18008],[-75.21928,3.17482],[-75.21849,3.17291],[-75.21661,3.17115],[-75.21307,3.17074],[-75.21214,3.16898],[-75.21301,3.16793],[-75.21476,3.16728],[-75.21437,3.1656],[-75.21259,3.16568],[-75.21023,3.16786],[-75.20765,3.16871],[-75.20334,3.16758],[-75.20057,3.16481],[-75.19735,3.16614],[-75.19621,3.16599],[-75.19291,3.16403],[-75.19098,3.16121],[-75.189,3.16277],[-75.18816,3.1626],[-75.18542,3.15616],[-75.18457,3.15638],[-75.18358,3.15773],[-75.18381,3.1605],[-75.18295,3.16228],[-75.18196,3.16009],[-75.18247,3.15521],[-75.17941,3.15076],[-75.17973,3.14775],[-75.17918,3.1461],[-75.17769,3.14394],[-75.17486,3.14192],[-75.17567,3.14049],[-75.17531,3.14016],[-75.17385,3.14073],[-75.17119,3.14269],[-75.17058,3.14407],[-75.16865,3.14382],[-75.16825,3.14277],[-75.16671,3.14194],[-75.16786,3.14088],[-75.17036,3.14029],[-75.17056,3.13921],[-75.16976,3.1364],[-75.16901,3.13599],[-75.1671,3.13712],[-75.16608,3.13636],[-75.16587,3.13526],[-75.16287,3.13464],[-75.16363,3.13758],[-75.15853,3.14315],[-75.15688,3.14591],[-75.1567,3.14657],[-75.1579,3.1487],[-75.15725,3.15107],[-75.15279,3.15663],[-75.15215,3.15923],[-75.15085,3.16097],[-75.1511,3.16223],[-75.15003,3.166],[-75.14586,3.1701],[-75.13961,3.19097],[-75.13934,3.19133],[-75.13709,3.1909],[-75.13537,3.19821],[-75.13422,3.20032],[-75.13223,3.19825],[-75.13182,3.19904],[-75.13077,3.19901],[-75.13014,3.19778],[-75.12804,3.19712],[-75.12614,3.19762],[-75.12602,3.19846],[-75.12489,3.19918],[-75.12356,3.19345],[-75.1207,3.19377],[-75.11988,3.19336],[-75.11679,3.19485],[-75.11641,3.19376],[-75.11534,3.19296],[-75.11534,3.19113],[-75.11213,3.19171],[-75.11133,3.19129],[-75.11052,3.18916],[-75.10944,3.19002],[-75.10811,3.19266],[-75.10661,3.19271],[-75.10634,3.19185],[-75.10407,3.19201],[-75.10307,3.19057],[-75.10038,3.19121],[-75.09904,3.18844],[-75.09931,3.18649],[-75.09681,3.18813],[-75.09612,3.18808],[-75.09378,3.18614],[-75.09335,3.18364],[-75.09071,3.18408],[-75.08984,3.18532],[-75.08974,3.18675],[-75.08847,3.18844],[-75.08424,3.18968],[-75.08373,3.19088],[-75.0822,3.1905],[-75.08136,3.1893],[-75.07949,3.19022],[-75.07712,3.18969],[-75.07523,3.19203],[-75.07316,3.19263],[-75.06996,3.19558],[-75.06624,3.19533],[-75.06531,3.19692],[-75.06402,3.19742],[-75.06405,3.19857],[-75.06184,3.19835],[-75.0607,3.20038],[-75.05852,3.19995],[-75.05582,3.20255],[-75.05422,3.20232],[-75.05399,3.20181],[-75.05259,3.20243],[-75.04944,3.19883],[-75.04761,3.1982],[-75.04583,3.19829],[-75.04265,3.2006],[-75.04678,3.20786],[-75.05115,3.2213],[-75.05133,3.22398],[-75.0496,3.23038],[-75.04865,3.2324],[-75.03985,3.24388],[-75.03547,3.24721],[-75.03324,3.24974],[-75.02522,3.26627],[-75.01757,3.27647],[-75.01093,3.27926],[-75.00909,3.27932],[-75.00794,3.2804],[-75.00949,3.28197],[-75.01076,3.28596],[-75.01355,3.28772],[-75.01865,3.28757],[-75.02159,3.28882],[-75.02324,3.28826],[-75.02571,3.28843],[-75.02638,3.28774],[-75.02899,3.28715],[-75.03444,3.28823],[-75.03538,3.28693],[-75.03629,3.28691],[-75.03968,3.28866],[-75.04336,3.28976],[-75.04597,3.29184],[-75.05005,3.29065],[-75.05363,3.29122],[-75.05609,3.2909],[-75.05712,3.2912],[-75.05865,3.29274],[-75.05946,3.29259],[-75.06031,3.29079],[-75.06146,3.29024],[-75.06388,3.29362],[-75.0669,3.29384],[-75.06891,3.2958],[-75.07061,3.2953],[-75.06946,3.29901],[-75.07105,3.30077],[-75.07037,3.30185],[-75.06704,3.30404],[-75.06475,3.31046],[-75.06358,3.31137],[-75.05995,3.31153],[-75.05829,3.31284],[-75.0579,3.31466],[-75.05993,3.32156],[-75.0572,3.32667],[-75.05662,3.32985],[-75.05501,3.33222],[-75.05537,3.33409],[-75.05716,3.33513],[-75.0576,3.33625],[-75.05565,3.34289],[-75.05701,3.34622],[-75.05879,3.34801],[-75.05982,3.35208],[-75.05712,3.35678],[-75.05487,3.35855],[-75.05473,3.36031],[-75.06011,3.36513],[-75.05499,3.368],[-75.05653,3.37414],[-75.05688,3.37799],[-75.05459,3.38034],[-75.05319,3.38095],[-75.04886,3.38103],[-75.04732,3.38244],[-75.04414,3.38345],[-75.04277,3.38509],[-75.04045,3.38542],[-75.0353,3.38494],[-75.03245,3.38583],[-75.03293,3.38756],[-75.03487,3.3905],[-75.03269,3.3911],[-75.02806,3.39095],[-75.02765,3.39139],[-75.02821,3.39655],[-75.03015,3.39955],[-75.03023,3.4005],[-75.03236,3.40111],[-75.03446,3.40381],[-75.0418,3.40708],[-75.04273,3.40844],[-75.04178,3.41261],[-75.04244,3.41432],[-75.04219,3.41782],[-75.04113,3.41836],[-75.03978,3.42194],[-75.03738,3.42339],[-75.03623,3.42559],[-75.03416,3.4275],[-75.03446,3.42792],[-75.03696,3.42953],[-75.04053,3.42817],[-75.04203,3.42831],[-75.04457,3.43085],[-75.04603,3.43153],[-75.05489,3.43117],[-75.05932,3.43278],[-75.06464,3.43116],[-75.12145,3.43313],[-75.12233,3.43163],[-75.12392,3.4308],[-75.13167,3.43029],[-75.13478,3.43191],[-75.13757,3.4323],[-75.14141,3.43463],[-75.14362,3.43542]]]},"properties":{"OBJECTID":206,"MpCodigo":"41872","MpNombre":"Villavieja","Depto":"Huila","MpCategor":1,"MpNorma":null,"MpArea":543.6298480259013,"MpAltitud":375}},{"type":"Feature","id":165,"geometry":{"type":"Polygon","coordinates":[[[-75.44982,2.77635],[-75.45357,2.77573],[-75.45501,2.77298],[-75.45729,2.77179],[-75.45744,2.77056],[-75.45888,2.76947],[-75.46083,2.76572],[-75.46377,2.76483],[-75.46705,2.76601],[-75.47088,2.76477],[-75.47259,2.76499],[-75.47376,2.76417],[-75.4755,2.76431],[-75.47631,2.76497],[-75.4814,2.76392],[-75.48293,2.76428],[-75.48672,2.76328],[-75.49493,2.76693],[-75.49827,2.76722],[-75.49788,2.76592],[-75.49827,2.76328],[-75.50074,2.76085],[-75.50092,2.75967],[-75.50291,2.75917],[-75.50902,2.75535],[-75.51102,2.75304],[-75.51064,2.75171],[-75.51243,2.75049],[-75.51647,2.74921],[-75.51997,2.74651],[-75.5225,2.74598],[-75.52372,2.7443],[-75.52564,2.7431],[-75.52899,2.73891],[-75.52996,2.73646],[-75.53491,2.73301],[-75.54396,2.71834],[-75.54927,2.70488],[-75.54885,2.70223],[-75.55134,2.69962],[-75.55321,2.69479],[-75.5542,2.69439],[-75.5558,2.69517],[-75.55759,2.69495],[-75.55713,2.69266],[-75.56074,2.68655],[-75.55805,2.68464],[-75.55814,2.68398],[-75.55917,2.68364],[-75.55954,2.68236],[-75.56383,2.68268],[-75.56448,2.6814],[-75.56666,2.68203],[-75.56892,2.68098],[-75.57033,2.68116],[-75.57344,2.68335],[-75.57557,2.68317],[-75.57707,2.68407],[-75.57807,2.68403],[-75.57871,2.68306],[-75.58023,2.68233],[-75.58267,2.68254],[-75.58485,2.68406],[-75.58768,2.68373],[-75.59079,2.67032],[-75.59253,2.6674],[-75.59245,2.66626],[-75.5945,2.66358],[-75.59489,2.66125],[-75.5932,2.65833],[-75.59162,2.65304],[-75.58906,2.64914],[-75.58764,2.64523],[-75.58736,2.63616],[-75.5878,2.63313],[-75.58671,2.62768],[-75.58934,2.62728],[-75.59031,2.62648],[-75.59037,2.62482],[-75.59031,2.61746],[-75.58837,2.6102],[-75.589,2.60832],[-75.59138,2.60507],[-75.59231,2.59951],[-75.59225,2.59562],[-75.59002,2.59333],[-75.58912,2.5911],[-75.5882,2.59032],[-75.58811,2.58812],[-75.58882,2.58539],[-75.5875,2.58343],[-75.59025,2.57527],[-75.58967,2.57388],[-75.58744,2.57185],[-75.58735,2.56998],[-75.58866,2.56649],[-75.588,2.55747],[-75.58579,2.55453],[-75.58441,2.55102],[-75.58467,2.54981],[-75.56866,2.48801],[-75.56767,2.48668],[-75.56672,2.48634],[-75.56409,2.48759],[-75.56326,2.49064],[-75.56225,2.49216],[-75.56089,2.49314],[-75.55888,2.49363],[-75.55781,2.49475],[-75.55618,2.50002],[-75.55432,2.50252],[-75.55326,2.50266],[-75.54638,2.49751],[-75.54431,2.49742],[-75.54284,2.49898],[-75.54207,2.50141],[-75.54273,2.50457],[-75.54376,2.50634],[-75.54554,2.50782],[-75.54575,2.51063],[-75.54477,2.51415],[-75.54518,2.51656],[-75.54484,2.51814],[-75.5411,2.52316],[-75.53616,2.53158],[-75.52905,2.5339],[-75.5278,2.53372],[-75.52334,2.53694],[-75.52358,2.53813],[-75.52555,2.5399],[-75.52905,2.54158],[-75.53036,2.5428],[-75.53066,2.54517],[-75.52777,2.54645],[-75.52611,2.54631],[-75.52078,2.54318],[-75.51695,2.54318],[-75.5151,2.54404],[-75.51341,2.5499],[-75.51201,2.55231],[-75.50972,2.55422],[-75.50773,2.55454],[-75.50142,2.54984],[-75.49987,2.54958],[-75.49854,2.54979],[-75.4958,2.55282],[-75.49501,2.55431],[-75.49628,2.5599],[-75.49788,2.5621],[-75.50208,2.56353],[-75.50193,2.56486],[-75.50077,2.56641],[-75.49651,2.5676],[-75.49491,2.56921],[-75.49497,2.57046],[-75.49589,2.57171],[-75.4936,2.5803],[-75.49253,2.58096],[-75.48224,2.58036],[-75.47715,2.57661],[-75.47596,2.57745],[-75.47489,2.58057],[-75.47525,2.58298],[-75.47828,2.58592],[-75.48015,2.58869],[-75.48072,2.59065],[-75.48137,2.59981],[-75.48027,2.60133],[-75.47846,2.60228],[-75.47275,2.6077],[-75.46927,2.6063],[-75.46823,2.60668],[-75.46597,2.6162],[-75.46784,2.62471],[-75.46617,2.63152],[-75.46397,2.63348],[-75.46103,2.63384],[-75.45249,2.63316],[-75.4458,2.63628],[-75.44416,2.63839],[-75.44321,2.64261],[-75.44348,2.64586],[-75.44419,2.64725],[-75.44556,2.64806],[-75.45261,2.64708],[-75.45362,2.64746],[-75.45353,2.64981],[-75.44979,2.65412],[-75.44723,2.65502],[-75.44431,2.65451],[-75.4425,2.65695],[-75.4422,2.65957],[-75.44327,2.65948],[-75.44443,2.65796],[-75.44556,2.6582],[-75.4464,2.65876],[-75.44748,2.66225],[-75.44367,2.67035],[-75.44569,2.67779],[-75.44517,2.6786],[-75.44415,2.67881],[-75.44132,2.67666],[-75.43992,2.67675],[-75.43742,2.67723],[-75.43563,2.67862],[-75.43642,2.68328],[-75.4374,2.68471],[-75.44077,2.6862],[-75.4423,2.68778],[-75.44225,2.68859],[-75.44171,2.68944],[-75.43955,2.69064],[-75.43886,2.69645],[-75.43746,2.70033],[-75.43376,2.70211],[-75.43213,2.70379],[-75.4306,2.70937],[-75.43163,2.71093],[-75.43331,2.71145],[-75.43395,2.71327],[-75.43495,2.71424],[-75.43607,2.71422],[-75.43699,2.71516],[-75.43725,2.71726],[-75.43286,2.71956],[-75.42634,2.72055],[-75.42456,2.72351],[-75.42426,2.72693],[-75.42357,2.72737],[-75.42021,2.72656],[-75.41941,2.72674],[-75.41942,2.72741],[-75.42319,2.73381],[-75.42464,2.73312],[-75.42733,2.73334],[-75.42826,2.73225],[-75.42867,2.73495],[-75.4306,2.73548],[-75.4321,2.73893],[-75.43146,2.74291],[-75.43369,2.74304],[-75.43565,2.74504],[-75.43607,2.74879],[-75.43406,2.74894],[-75.43309,2.74796],[-75.43255,2.74851],[-75.43446,2.752],[-75.4344,2.75298],[-75.43202,2.75633],[-75.43364,2.75882],[-75.43316,2.76143],[-75.43464,2.76123],[-75.43516,2.7617],[-75.43425,2.76352],[-75.43554,2.76714],[-75.43788,2.77078],[-75.4381,2.77316],[-75.43655,2.77356],[-75.43647,2.77474],[-75.43853,2.77559],[-75.44036,2.77492],[-75.44509,2.77567],[-75.44614,2.77515],[-75.44935,2.77636],[-75.44982,2.77635]]]},"properties":{"OBJECTID":165,"MpCodigo":"41885","MpNombre":"Yaguará","Depto":"Huila","MpCategor":1,"MpNorma":null,"MpArea":332.8166302148283,"MpAltitud":681}}]}
