{"type":"FeatureCollection","crs":{"type":"name","properties":{"name":"EPSG:4326"}},"features":[{"type":"Feature","geometry":{"type":"Polygon","coordinates":[[[-76.09835,1.64106],[-76.10456,1.64012],[-76.10769,1.63532],[-76.11916,1.63083],[-76.12187,1.62785],[-76.12176,1.62177],[-76.12504,1.61795],[-76.13879,1.61135],[-76.14365,1.60321],[-76.14274,1.60007],[-76.14863,1.60104],[-76.15713,1.5968],[-76.16152,1.59783],[-76.18923,1.5669],[-76.18821,1.55951],[-76.18487,1.55887],[-76.18443,1.55583],[-76.18173,1.55412],[-76.17236,1.55021],[-76.16933,1.55019],[-76.16779,1.55323],[-76.16467,1.55387],[-76.1552,1.54868],[-76.14939,1.5494],[-76.1481,1.54424],[-76.15185,1.53976],[-76.14913,1.53727],[-76.14091,1.54472],[-76.1248,1.55438],[-76.12127,1.55451],[-76.11955,1.55207],[-76.11287,1.55778],[-76.09873,1.56238],[-76.09751,1.56514],[-76.08944,1.56881],[-76.08661,1.57815],[-76.08157,1.57731],[-76.07603,1.58066],[-76.07476,1.58467],[-76.06502,1.58584],[-76.06518,1.59079],[-76.06896,1.59018],[-76.07119,1.58693],[-76.07946,1.59094],[-76.09231,1.6066],[-76.0895,1.61013],[-76.08742,1.61032],[-76.08656,1.60801],[-76.08656,1.62032],[-76.09466,1.62614],[-76.09649,1.62979],[-76.09465,1.6334],[-76.09898,1.63782],[-76.09839,1.64098],[-76.09835,1.64106]]]},"properties":{"ap_nombre":"Cueva de los Guácharos","ap_categoria":"Parque Nacional Natural","organizacion":"Parques Nacionales Naturales de Colombia","area_ha_total_geografica":7132.94435303}},{"type":"Feature","geometry":{"type":"Polygon","coordinates":[[[-76.15617,2.14151],[-76.15657,2.14447],[-76.16097,2.14067],[-76.16208,2.1321],[-76.15632,2.14117],[-76.15617,2.14151]]]},"properties":{"ap_nombre":"El Trébol","ap_categoria":"Reserva Natural de la Sociedad Civil","organizacion":"Parques Nacionales Naturales de Colombia","area_ha_total_geografica":39.98299933}},{"type":"Feature","geometry":{"type":"Polygon","coordinates":[[[-76.34707,1.84737],[-76.34714,1.85043],[-76.34884,1.84864],[-76.34708,1.84737],[-76.34707,1.84737]]]},"properties":{"ap_nombre":"La Vega","ap_categoria":"Reserva Natural de la Sociedad Civil","organizacion":"Parques Nacionales Naturales de Colombia","area_ha_total_geografica":3.25042845}},{"type":"Feature","geometry":{"type":"Polygon","coordinates":[[[-76.33071,1.76992],[-76.32897,1.77303],[-76.33127,1.77498],[-76.33442,1.77056],[-76.33071,1.76992]]]},"properties":{"ap_nombre":"La Palma de La Castellana","ap_categoria":"Reserva Natural de la Sociedad Civil","organizacion":"Parques Nacionales Naturales de Colombia","area_ha_total_geografica":20.03509032}},{"type":"Feature","geometry":{"type":"Polygon","coordinates":[[[-76.3532,1.83476],[-76.35819,1.83436],[-76.35846,1.83272],[-76.35256,1.83312],[-76.35305,1.83434],[-76.3532,1.83476]]]},"properties":{"ap_nombre":"El Silencio","ap_categoria":"Reserva Natural de la Sociedad Civil","organizacion":"Parques Nacionales Naturales de Colombia","area_ha_total_geografica":13.93150005}},{"type":"Feature","geometry":{"type":"Polygon","coordinates":[[[-76.31355,1.81285],[-76.31369,1.81665],[-76.3183,1.80969],[-76.31364,1.81244],[-76.31355,1.81285]]]},"properties":{"ap_nombre":"El Rosario","ap_categoria":"Reserva Natural de la Sociedad Civil","organizacion":"Parques Nacionales Naturales de Colombia","area_ha_total_geografica":12.24542764}},{"type":"Feature","geometry":{"type":"Polygon","coordinates":[[[-76.35301,1.83942],[-76.35765,1.84213],[-76.35765,1.83774],[-76.35038,1.83642],[-76.3497,1.83789],[-76.35295,1.83944],[-76.35301,1.83942]]]},"properties":{"ap_nombre":"El Roble","ap_categoria":"Reserva Natural de la Sociedad Civil","organizacion":"Parques Nacionales Naturales de Colombia","area_ha_total_geografica":26.24420449}},{"type":"Feature","geometry":{"type":"Polygon","coordinates":[[[-76.32865,1.763],[-76.33173,1.76045],[-76.32846,1.75913],[-76.3287,1.75553],[-76.32708,1.75823],[-76.32862,1.76281],[-76.32865,1.763]]]},"properties":{"ap_nombre":"El Placer","ap_categoria":"Reserva Natural de la Sociedad Civil","organizacion":"Parques Nacionales Naturales de Colombia","area_ha_total_geografica":14.10598783}},{"type":"Feature","geometry":{"type":"Polygon","coordinates":[[[-76.41541,1.94124],[-76.41626,1.94126],[-76.4163,1.93955],[-76.41545,1.93953],[-76.41541,1.94124]]]},"properties":{"ap_nombre":"Primavera 2","ap_categoria":"Reserva Natural de la Sociedad Civil","organizacion":"Parques Nacionales Naturales de Colombia","area_ha_total_geografica":1.78243311}},{"type":"Feature","geometry":{"type":"Polygon","coordinates":[[[-76.4153,1.93791],[-76.41474,1.93799],[-76.4143,1.93806],[-76.41445,1.93908],[-76.41446,1.9395],[-76.41526,1.93953],[-76.4153,1.93791]]]},"properties":{"ap_nombre":"Las Palmas","ap_categoria":"Reserva Natural de la Sociedad Civil","organizacion":"Parques Nacionales Naturales de Colombia","area_ha_total_geografica":1.67143128}},{"type":"Feature","geometry":{"type":"Polygon","coordinates":[[[-76.4163,1.93955],[-76.41628,1.94036],[-76.41827,1.9404],[-76.41823,1.94014],[-76.41809,1.93958],[-76.4163,1.93955]]]},"properties":{"ap_nombre":"Los Laureles","ap_categoria":"Reserva Natural de la Sociedad Civil","organizacion":"Parques Nacionales Naturales de Colombia","area_ha_total_geografica":1.89842103}},{"type":"Feature","geometry":{"type":"Polygon","coordinates":[[[-76.40888,1.86158],[-76.41351,1.86098],[-76.41443,1.85583],[-76.41087,1.85707],[-76.40929,1.85294],[-76.40673,1.8614],[-76.40834,1.86153],[-76.40888,1.86158]]]},"properties":{"ap_nombre":"La Esperanza","ap_categoria":"Reserva Natural de la Sociedad Civil","organizacion":"Parques Nacionales Naturales de Colombia","area_ha_total_geografica":44.01572768}},{"type":"Feature","geometry":{"type":"Polygon","coordinates":[[[-76.33585,1.78683],[-76.33759,1.78451],[-76.33162,1.77896],[-76.32946,1.78318],[-76.33475,1.78637],[-76.33585,1.78683]]]},"properties":{"ap_nombre":"El Palmerito","ap_categoria":"Reserva Natural de la Sociedad Civil","organizacion":"Parques Nacionales Naturales de Colombia","area_ha_total_geografica":35.05811599}},{"type":"Feature","geometry":{"type":"Polygon","coordinates":[[[-76.34193,1.83554],[-76.34343,1.84199],[-76.3447,1.84183],[-76.34261,1.83524],[-76.34193,1.83554]]]},"properties":{"ap_nombre":"El Mirador","ap_categoria":"Reserva Natural de la Sociedad Civil","organizacion":"Parques Nacionales Naturales de Colombia","area_ha_total_geografica":10.09233731}},{"type":"Feature","geometry":{"type":"Polygon","coordinates":[[[-76.22293,1.33758],[-76.22067,1.34247],[-76.21852,1.34147],[-76.21463,1.34471],[-76.21177,1.34454],[-76.20734,1.35233],[-76.20345,1.35413],[-76.20258,1.36814],[-76.19915,1.37624],[-76.20197,1.3848],[-76.19912,1.38964],[-76.2005,1.40299],[-76.19624,1.40605],[-76.19563,1.40989],[-76.19989,1.41237],[-76.19939,1.41554],[-76.20202,1.41778],[-76.20109,1.42248],[-76.19854,1.41979],[-76.19501,1.4225],[-76.19273,1.42115],[-76.18438,1.44025],[-76.18569,1.44228],[-76.18138,1.44421],[-76.17588,1.45084],[-76.17849,1.45983],[-76.18456,1.45824],[-76.18648,1.45957],[-76.18442,1.47564],[-76.18169,1.48028],[-76.18396,1.48383],[-76.18237,1.48539],[-76.18379,1.4882],[-76.17586,1.49818],[-76.17133,1.50846],[-76.16369,1.51008],[-76.16589,1.51419],[-76.16088,1.51998],[-76.16037,1.52504],[-76.14941,1.53591],[-76.15182,1.54006],[-76.14804,1.54448],[-76.14939,1.5494],[-76.1552,1.54868],[-76.16458,1.55385],[-76.16772,1.55328],[-76.17069,1.54994],[-76.18173,1.55412],[-76.18443,1.55583],[-76.18487,1.55887],[-76.18853,1.55994],[-76.18923,1.5669],[-76.16152,1.59783],[-76.15713,1.5968],[-76.14863,1.60104],[-76.14264,1.60014],[-76.14365,1.60321],[-76.13879,1.61135],[-76.12504,1.61795],[-76.12176,1.62177],[-76.12109,1.62872],[-76.12991,1.6277],[-76.13055,1.62928],[-76.13359,1.62749],[-76.13442,1.62969],[-76.13934,1.63],[-76.14688,1.62688],[-76.16011,1.62636],[-76.16309,1.62213],[-76.16516,1.62751],[-76.16792,1.62776],[-76.17219,1.63182],[-76.17678,1.63146],[-76.18391,1.6264],[-76.18666,1.62846],[-76.19391,1.62657],[-76.19563,1.62781],[-76.20111,1.62203],[-76.20423,1.61405],[-76.2145,1.60946],[-76.20854,1.59997],[-76.21299,1.59175],[-76.20863,1.59108],[-76.20637,1.58209],[-76.20308,1.58237],[-76.2027,1.57912],[-76.19916,1.57577],[-76.20089,1.57269],[-76.2085,1.56847],[-76.21217,1.56142],[-76.21669,1.56117],[-76.21881,1.55571],[-76.21521,1.55158],[-76.21102,1.5298],[-76.21389,1.52975],[-76.21716,1.52633],[-76.221,1.5264],[-76.22351,1.5161],[-76.23551,1.50689],[-76.23589,1.50093],[-76.23368,1.49842],[-76.2381,1.49447],[-76.23473,1.49167],[-76.22883,1.49299],[-76.2302,1.4912],[-76.22934,1.48663],[-76.23311,1.48601],[-76.24254,1.47662],[-76.24631,1.47993],[-76.25234,1.48052],[-76.25412,1.47696],[-76.25063,1.47247],[-76.25224,1.47094],[-76.25005,1.46768],[-76.25214,1.46438],[-76.2617,1.46396],[-76.26298,1.46068],[-76.26815,1.45735],[-76.26732,1.45502],[-76.26904,1.45283],[-76.28322,1.45334],[-76.2837,1.45001],[-76.28585,1.44891],[-76.28334,1.44229],[-76.28442,1.44096],[-76.28807,1.44207],[-76.28925,1.43858],[-76.30335,1.42845],[-76.30545,1.42377],[-76.31037,1.42353],[-76.31391,1.42788],[-76.31469,1.42585],[-76.31631,1.42706],[-76.32189,1.42556],[-76.32408,1.42192],[-76.32926,1.42055],[-76.32993,1.41495],[-76.33884,1.41022],[-76.34029,1.40711],[-76.33899,1.40503],[-76.34358,1.40129],[-76.34111,1.3997],[-76.34222,1.39749],[-76.34081,1.39436],[-76.34637,1.39283],[-76.34887,1.38854],[-76.35171,1.38767],[-76.36063,1.39338],[-76.36177,1.38901],[-76.3664,1.3887],[-76.36916,1.38543],[-76.3714,1.378],[-76.37893,1.36729],[-76.38065,1.36663],[-76.38218,1.36916],[-76.3854,1.36576],[-76.3879,1.35721],[-76.39824,1.35738],[-76.40552,1.35182],[-76.40482,1.35497],[-76.40722,1.35574],[-76.40903,1.35304],[-76.4083,1.34967],[-76.41139,1.34632],[-76.41024,1.34093],[-76.41164,1.33786],[-76.41308,1.3374],[-76.41427,1.33976],[-76.41637,1.33832],[-76.41369,1.33388],[-76.41133,1.33555],[-76.40361,1.32993],[-76.40304,1.32472],[-76.4126,1.3156],[-76.41047,1.3112],[-76.41627,1.30586],[-76.41675,1.30118],[-76.42307,1.29679],[-76.42274,1.28883],[-76.42623,1.28708],[-76.43409,1.28942],[-76.44057,1.28724],[-76.45253,1.29053],[-76.46218,1.288],[-76.46447,1.2805],[-76.46857,1.27839],[-76.47207,1.27947],[-76.47076,1.27585],[-76.47318,1.27267],[-76.47238,1.26704],[-76.47518,1.26471],[-76.47461,1.26293],[-76.48577,1.25948],[-76.49424,1.25948],[-76.50097,1.25076],[-76.50105,1.24689],[-76.50631,1.24421],[-76.51466,1.23478],[-76.51662,1.2243],[-76.52383,1.21663],[-76.51985,1.21403],[-76.52142,1.21126],[-76.53739,1.20731],[-76.54876,1.21224],[-76.5542,1.21227],[-76.56219,1.20644],[-76.56469,1.20222],[-76.56451,1.19836],[-76.58259,1.1735],[-76.57575,1.16414],[-76.5681,1.16103],[-76.57905,1.15321],[-76.58224,1.14369],[-76.57863,1.13835],[-76.57934,1.13058],[-76.58339,1.12215],[-76.59021,1.1189],[-76.59128,1.11357],[-76.58807,1.10691],[-76.59014,1.1032],[-76.58848,1.0955],[-76.57123,1.09379],[-76.56829,1.08898],[-76.56739,1.08202],[-76.56401,1.08789],[-76.55462,1.08942],[-76.54618,1.07976],[-76.5346,1.07971],[-76.52676,1.07623],[-76.51384,1.07544],[-76.5097,1.07898],[-76.50793,1.08408],[-76.49622,1.08778],[-76.4936,1.08689],[-76.4847,1.09275],[-76.47546,1.09307],[-76.46926,1.0962],[-76.46764,1.10337],[-76.46197,1.11158],[-76.45297,1.11689],[-76.45122,1.12133],[-76.44486,1.12385],[-76.4307,1.1211],[-76.42266,1.11455],[-76.42244,1.1125],[-76.42055,1.11301],[-76.41952,1.10866],[-76.41565,1.10921],[-76.41552,1.10634],[-76.41293,1.10651],[-76.41165,1.10933],[-76.41012,1.10843],[-76.41057,1.11181],[-76.40706,1.11017],[-76.40615,1.11491],[-76.40187,1.11199],[-76.39386,1.1165],[-76.3939,1.12669],[-76.39592,1.1317],[-76.39454,1.13409],[-76.38675,1.13658],[-76.3895,1.13436],[-76.38917,1.12882],[-76.38653,1.13012],[-76.38345,1.12758],[-76.3734,1.13284],[-76.37378,1.14256],[-76.37029,1.14103],[-76.36804,1.14275],[-76.36621,1.13916],[-76.36305,1.14611],[-76.36067,1.14718],[-76.35978,1.14995],[-76.36338,1.15199],[-76.36273,1.15421],[-76.36579,1.15737],[-76.3672,1.15676],[-76.36965,1.16145],[-76.37548,1.16148],[-76.36998,1.16744],[-76.36696,1.16793],[-76.36649,1.16508],[-76.35197,1.16716],[-76.34813,1.17946],[-76.3514,1.18179],[-76.35677,1.18043],[-76.35657,1.1828],[-76.35937,1.18349],[-76.35558,1.18543],[-76.3581,1.18767],[-76.34806,1.18627],[-76.34378,1.18916],[-76.34443,1.19517],[-76.35205,1.195],[-76.34856,1.19852],[-76.34188,1.19889],[-76.34142,1.20116],[-76.33641,1.19978],[-76.33555,1.20217],[-76.3337,1.19775],[-76.33103,1.20523],[-76.32904,1.20558],[-76.32649,1.20281],[-76.32481,1.20477],[-76.32913,1.19999],[-76.32878,1.19229],[-76.32626,1.19435],[-76.32588,1.19222],[-76.32256,1.19221],[-76.32178,1.18798],[-76.31805,1.18764],[-76.32093,1.18285],[-76.31974,1.17838],[-76.31248,1.17803],[-76.31081,1.17555],[-76.30341,1.17613],[-76.29493,1.18467],[-76.29982,1.19014],[-76.29816,1.19519],[-76.29027,1.2008],[-76.28592,1.19726],[-76.27475,1.20194],[-76.27951,1.20285],[-76.2794,1.20881],[-76.27478,1.21366],[-76.2744,1.21822],[-76.27057,1.22518],[-76.27752,1.22548],[-76.2871,1.21958],[-76.29393,1.22377],[-76.29379,1.22672],[-76.29612,1.22887],[-76.28802,1.23454],[-76.28209,1.24357],[-76.27855,1.24571],[-76.27438,1.25294],[-76.27605,1.25545],[-76.27271,1.25967],[-76.27059,1.256],[-76.26654,1.25977],[-76.26656,1.26205],[-76.26108,1.26349],[-76.25936,1.26926],[-76.25479,1.26752],[-76.25079,1.26838],[-76.25179,1.27099],[-76.24595,1.27708],[-76.24781,1.27954],[-76.2457,1.27953],[-76.24206,1.28947],[-76.23688,1.29629],[-76.24372,1.29753],[-76.23727,1.30045],[-76.23462,1.29799],[-76.23497,1.30131],[-76.23266,1.29957],[-76.22948,1.3018],[-76.23009,1.30546],[-76.22709,1.30386],[-76.22458,1.30583],[-76.22767,1.30602],[-76.23095,1.30971],[-76.22926,1.31588],[-76.22462,1.31939],[-76.22478,1.32309],[-76.21426,1.32024],[-76.21464,1.32326],[-76.21724,1.32368],[-76.21383,1.32999],[-76.21929,1.33175],[-76.21958,1.3353],[-76.22282,1.33747],[-76.22293,1.33758]]]},"properties":{"ap_nombre":"Serranía de los Churumbelos  - Auka Wasi","ap_categoria":"Parque Nacional Natural","organizacion":"Parques Nacionales Naturales de Colombia","area_ha_total_geografica":97239.23765739}},{"type":"Feature","geometry":{"type":"Polygon","coordinates":[[[-76.34891,1.83638],[-76.34949,1.83849],[-76.35083,1.83719],[-76.34872,1.83555],[-76.34891,1.83638]]]},"properties":{"ap_nombre":"El Mirador 2","ap_categoria":"Reserva Natural de la Sociedad Civil","organizacion":"Parques Nacionales Naturales de Colombia","area_ha_total_geografica":3.09533663}},{"type":"Feature","geometry":{"type":"Polygon","coordinates":[[[-75.73669,3.23477],[-75.74362,3.22386],[-75.74789,3.22174],[-75.7495,3.21462],[-75.75476,3.20845],[-75.75877,3.2094],[-75.76137,3.21434],[-75.76425,3.21472],[-75.75915,3.22753],[-75.76631,3.22161],[-75.76757,3.21447],[-75.77206,3.21197],[-75.76897,3.20972],[-75.77084,3.20537],[-75.76713,3.20231],[-75.76728,3.19811],[-75.76465,3.19679],[-75.77022,3.19627],[-75.76901,3.18401],[-75.77506,3.18763],[-75.77546,3.1839],[-75.78042,3.18536],[-75.78259,3.18133],[-75.78653,3.18309],[-75.787,3.18147],[-75.7837,3.17906],[-75.78385,3.17645],[-75.78684,3.17528],[-75.78271,3.17325],[-75.78481,3.16862],[-75.78913,3.16973],[-75.78849,3.16482],[-75.7923,3.16313],[-75.7869,3.16174],[-75.78977,3.15802],[-75.79192,3.16025],[-75.79233,3.157],[-75.7956,3.1591],[-75.79776,3.15877],[-75.79802,3.15546],[-75.80162,3.15657],[-75.7986,3.15275],[-75.8053,3.15156],[-75.80422,3.15021],[-75.80681,3.1492],[-75.80504,3.14675],[-75.81011,3.14796],[-75.80809,3.14269],[-75.81147,3.14408],[-75.8118,3.1411],[-75.81015,3.14],[-75.81227,3.13934],[-75.8127,3.13596],[-75.81388,3.1392],[-75.81843,3.13875],[-75.81602,3.13981],[-75.81756,3.14118],[-75.82409,3.13917],[-75.81933,3.14187],[-75.81863,3.14459],[-75.81575,3.14321],[-75.81473,3.14638],[-75.81793,3.14823],[-75.81767,3.15004],[-75.81418,3.15173],[-75.81546,3.15357],[-75.81252,3.15442],[-75.81164,3.15784],[-75.81328,3.15838],[-75.8109,3.16023],[-75.81203,3.16249],[-75.81055,3.16482],[-75.81346,3.16413],[-75.81529,3.15897],[-75.81744,3.16082],[-75.8177,3.15861],[-75.82075,3.16022],[-75.82089,3.15512],[-75.82526,3.15641],[-75.82587,3.15426],[-75.82587,3.1582],[-75.83019,3.15475],[-75.83172,3.15668],[-75.82864,3.15993],[-75.83233,3.16135],[-75.82877,3.16201],[-75.82921,3.16398],[-75.82482,3.16266],[-75.82305,3.16533],[-75.82649,3.16837],[-75.8216,3.17264],[-75.81383,3.17497],[-75.81603,3.17781],[-75.81541,3.17995],[-75.82234,3.17932],[-75.82298,3.18176],[-75.82031,3.18182],[-75.81926,3.18673],[-75.81126,3.19029],[-75.80876,3.18794],[-75.80854,3.19345],[-75.81212,3.1926],[-75.81582,3.19503],[-75.81334,3.20642],[-75.81516,3.20488],[-75.81555,3.1997],[-75.81834,3.1989],[-75.81884,3.19457],[-75.81942,3.19855],[-75.82166,3.19732],[-75.82104,3.20069],[-75.82295,3.20184],[-75.82129,3.2033],[-75.82334,3.21029],[-75.82142,3.21554],[-75.82278,3.21812],[-75.82211,3.2203],[-75.81876,3.22112],[-75.81986,3.22222],[-75.81708,3.22375],[-75.81642,3.22781],[-75.8194,3.22405],[-75.82157,3.22539],[-75.82145,3.22261],[-75.82448,3.22389],[-75.82752,3.21936],[-75.82867,3.22119],[-75.82984,3.21988],[-75.83144,3.22474],[-75.83337,3.22334],[-75.8327,3.21618],[-75.83434,3.21425],[-75.83011,3.21391],[-75.83306,3.21251],[-75.83074,3.2054],[-75.83476,3.2079],[-75.8363,3.21144],[-75.83731,3.20993],[-75.83742,3.21416],[-75.84052,3.21853],[-75.84205,3.21784],[-75.83959,3.2144],[-75.84104,3.21317],[-75.84254,3.21578],[-75.8432,3.21319],[-75.84509,3.21517],[-75.84305,3.20557],[-75.84645,3.20896],[-75.84824,3.20822],[-75.84895,3.21518],[-75.85095,3.20921],[-75.84706,3.20599],[-75.84788,3.20419],[-75.84431,3.20278],[-75.84596,3.20102],[-75.84042,3.19977],[-75.83929,3.19779],[-75.8417,3.19732],[-75.84083,3.19621],[-75.84376,3.19318],[-75.84005,3.19412],[-75.84143,3.19258],[-75.83903,3.19148],[-75.84265,3.19121],[-75.83877,3.18524],[-75.84048,3.18388],[-75.84354,3.18855],[-75.84344,3.1856],[-75.84618,3.18613],[-75.84655,3.18413],[-75.84453,3.18374],[-75.84571,3.1826],[-75.84412,3.18127],[-75.84807,3.17812],[-75.84921,3.18016],[-75.84964,3.17812],[-75.85306,3.17871],[-75.85524,3.18273],[-75.85233,3.17641],[-75.85776,3.17864],[-75.85361,3.17416],[-75.85593,3.17193],[-75.8574,3.17437],[-75.85996,3.17338],[-75.85558,3.16982],[-75.85855,3.16731],[-75.85382,3.16593],[-75.85826,3.16341],[-75.85731,3.15715],[-75.85906,3.15773],[-75.86019,3.16222],[-75.86239,3.16078],[-75.86199,3.16602],[-75.86476,3.16651],[-75.86809,3.17714],[-75.87023,3.16877],[-75.86759,3.1674],[-75.87064,3.16697],[-75.86925,3.16045],[-75.8715,3.16126],[-75.87253,3.1592],[-75.87156,3.15737],[-75.86998,3.15809],[-75.86988,3.15384],[-75.87224,3.15058],[-75.87349,3.15599],[-75.87679,3.15217],[-75.87717,3.15675],[-75.88473,3.15777],[-75.88628,3.15631],[-75.88861,3.15782],[-75.87641,3.1603],[-75.87876,3.16249],[-75.87649,3.16563],[-75.88165,3.16576],[-75.87784,3.16878],[-75.87869,3.1704],[-75.87667,3.17334],[-75.87862,3.17548],[-75.884,3.17315],[-75.87997,3.17702],[-75.88372,3.17936],[-75.88047,3.18117],[-75.87738,3.18945],[-75.86852,3.19262],[-75.86732,3.19538],[-75.87267,3.19788],[-75.87517,3.19428],[-75.87875,3.19748],[-75.88114,3.19733],[-75.88181,3.19104],[-75.88039,3.18855],[-75.8819,3.18484],[-75.88334,3.18537],[-75.88233,3.18966],[-75.8849,3.188],[-75.88654,3.19103],[-75.88751,3.18425],[-75.89277,3.18027],[-75.89414,3.18131],[-75.88976,3.18549],[-75.89054,3.18725],[-75.8926,3.18682],[-75.89078,3.1921],[-75.89543,3.19146],[-75.89302,3.19499],[-75.89734,3.19413],[-75.89559,3.19724],[-75.89854,3.19852],[-75.90165,3.19258],[-75.90009,3.1912],[-75.90259,3.18907],[-75.90012,3.1834],[-75.90584,3.18503],[-75.90423,3.1772],[-75.90803,3.1778],[-75.906,3.17418],[-75.90423,3.17422],[-75.90557,3.17273],[-75.90901,3.17502],[-75.90868,3.17663],[-75.91044,3.17621],[-75.91021,3.18131],[-75.91265,3.17973],[-75.9101,3.18675],[-75.91519,3.18463],[-75.91277,3.18962],[-75.92457,3.18791],[-75.92535,3.18453],[-75.92854,3.18651],[-75.92865,3.18299],[-75.93265,3.18559],[-75.94236,3.18015],[-75.94671,3.18202],[-75.94574,3.17572],[-75.94831,3.17379],[-75.94733,3.17706],[-75.9488,3.18067],[-75.95203,3.1787],[-75.95361,3.17957],[-75.95422,3.17749],[-75.95704,3.18215],[-75.98203,3.18573],[-75.99737,3.18118],[-75.99913,3.17876],[-76.02036,3.17012],[-76.02467,3.16972],[-76.0338,3.17538],[-76.03963,3.17551],[-76.05391,3.1702],[-76.0572,3.16237],[-76.06218,3.15977],[-76.06856,3.15798],[-76.07612,3.16017],[-76.07963,3.15637],[-76.08606,3.15557],[-76.08309,3.1517],[-76.07791,3.1507],[-76.07667,3.14481],[-76.07244,3.14053],[-76.07667,3.13251],[-76.07388,3.12254],[-76.07809,3.1176],[-76.08297,3.11761],[-76.085,3.11287],[-76.08966,3.1141],[-76.09196,3.11119],[-76.09542,3.11252],[-76.10627,3.10967],[-76.1057,3.10094],[-76.10273,3.09636],[-76.09351,3.09711],[-76.08591,3.09099],[-76.08111,3.09189],[-76.0798,3.08444],[-76.0737,3.07775],[-76.07271,3.07009],[-76.07056,3.06759],[-76.07357,3.04981],[-76.06804,3.04559],[-76.07517,3.04514],[-76.07749,3.04247],[-76.07597,3.03204],[-76.07783,3.03028],[-76.07983,3.03196],[-76.08221,3.02982],[-76.08162,3.02563],[-76.08609,3.02153],[-76.08565,3.0117],[-76.0896,3.00857],[-76.09195,3.003],[-76.0953,3.005],[-76.09764,3.00422],[-76.09918,2.99931],[-76.09798,2.99668],[-76.10632,2.99873],[-76.11181,2.99517],[-76.11656,2.99496],[-76.12851,3.00497],[-76.13342,3.0028],[-76.13205,2.99675],[-76.1147,2.98567],[-76.11209,2.98267],[-76.11372,2.98044],[-76.11773,2.98415],[-76.11967,2.98286],[-76.12235,2.98608],[-76.12487,2.98575],[-76.12492,2.98158],[-76.12897,2.98578],[-76.13284,2.98262],[-76.13116,2.97996],[-76.13242,2.97719],[-76.13878,2.98579],[-76.13982,2.99247],[-76.14351,2.99393],[-76.14033,2.98749],[-76.14029,2.97819],[-76.14584,2.97135],[-76.1411,2.96509],[-76.13795,2.96673],[-76.13647,2.96005],[-76.13183,2.95934],[-76.13346,2.95574],[-76.127,2.9538],[-76.13347,2.95072],[-76.12768,2.94878],[-76.12411,2.94509],[-76.13157,2.94522],[-76.13348,2.94336],[-76.13141,2.94248],[-76.13113,2.93434],[-76.12618,2.92521],[-76.13033,2.92393],[-76.13698,2.93146],[-76.1388,2.93094],[-76.13736,2.93648],[-76.13979,2.93714],[-76.13832,2.94075],[-76.14091,2.94167],[-76.13876,2.94373],[-76.14133,2.94484],[-76.13947,2.94681],[-76.14425,2.9523],[-76.14397,2.95537],[-76.15091,2.95412],[-76.15324,2.94224],[-76.15893,2.95207],[-76.16353,2.95296],[-76.16423,2.95549],[-76.16691,2.9547],[-76.16629,2.94947],[-76.17037,2.9495],[-76.16952,2.94686],[-76.17195,2.94474],[-76.17927,2.94922],[-76.18394,2.94623],[-76.18928,2.94934],[-76.19197,2.94872],[-76.19006,2.94083],[-76.18377,2.93806],[-76.18044,2.92732],[-76.17801,2.9297],[-76.17449,2.92928],[-76.17283,2.92606],[-76.16359,2.92431],[-76.17254,2.92061],[-76.17336,2.91692],[-76.17026,2.91135],[-76.15257,2.9107],[-76.1517,2.90887],[-76.15809,2.90477],[-76.17145,2.90345],[-76.17264,2.90081],[-76.16583,2.89592],[-76.15969,2.89479],[-76.14719,2.87924],[-76.15083,2.87907],[-76.15498,2.8753],[-76.15883,2.86766],[-76.17012,2.86065],[-76.18647,2.84681],[-76.19479,2.82606],[-76.1956,2.82055],[-76.19217,2.81065],[-76.19733,2.79631],[-76.19609,2.79037],[-76.19076,2.78877],[-76.19054,2.78579],[-76.18034,2.78422],[-76.1779,2.78574],[-76.17562,2.79181],[-76.17513,2.78344],[-76.17102,2.78157],[-76.16968,2.77854],[-76.16754,2.77887],[-76.16672,2.78218],[-76.16659,2.77844],[-76.16373,2.77731],[-76.1603,2.78114],[-76.1578,2.77504],[-76.15494,2.77665],[-76.14688,2.77468],[-76.14499,2.77049],[-76.14725,2.76805],[-76.14582,2.76667],[-76.14792,2.76021],[-76.14612,2.75855],[-76.14603,2.7509],[-76.14403,2.75221],[-76.14219,2.74991],[-76.1393,2.75141],[-76.13853,2.74882],[-76.13792,2.75082],[-76.14187,2.75545],[-76.14221,2.76243],[-76.14005,2.76772],[-76.13667,2.76758],[-76.13879,2.77346],[-76.13247,2.78327],[-76.12798,2.78419],[-76.12551,2.78091],[-76.12824,2.77927],[-76.12515,2.77785],[-76.12845,2.77696],[-76.1277,2.77301],[-76.12554,2.77363],[-76.12581,2.77076],[-76.11574,2.7761],[-76.11127,2.7664],[-76.10886,2.76742],[-76.10594,2.76506],[-76.10657,2.75905],[-76.1047,2.7598],[-76.1032,2.76316],[-76.10613,2.76716],[-76.10411,2.76845],[-76.10732,2.77052],[-76.10896,2.77566],[-76.11302,2.77594],[-76.11313,2.77835],[-76.11689,2.77943],[-76.11304,2.78362],[-76.11526,2.78433],[-76.11293,2.78771],[-76.11697,2.78694],[-76.11957,2.7888],[-76.11621,2.79006],[-76.11541,2.79233],[-76.12545,2.79777],[-76.12413,2.80088],[-76.12069,2.80199],[-76.12059,2.80544],[-76.12366,2.80613],[-76.12708,2.81013],[-76.13084,2.80775],[-76.12976,2.81158],[-76.1348,2.81758],[-76.13115,2.81926],[-76.12906,2.81778],[-76.12995,2.81621],[-76.12534,2.81634],[-76.12344,2.81429],[-76.11774,2.81607],[-76.11694,2.82186],[-76.11484,2.82276],[-76.11559,2.82715],[-76.11056,2.82802],[-76.10627,2.83163],[-76.10949,2.83529],[-76.11337,2.83628],[-76.11611,2.84213],[-76.11509,2.8446],[-76.11183,2.84154],[-76.10743,2.84324],[-76.10441,2.84064],[-76.10203,2.84139],[-76.09907,2.8455],[-76.10086,2.84839],[-76.09778,2.85011],[-76.09869,2.8528],[-76.09488,2.85486],[-76.09179,2.85257],[-76.09047,2.85387],[-76.09128,2.86195],[-76.09647,2.86792],[-76.09437,2.86891],[-76.09367,2.87586],[-76.08712,2.87843],[-76.09104,2.88195],[-76.0897,2.88442],[-76.09298,2.88541],[-76.09185,2.88886],[-76.09413,2.88927],[-76.09139,2.90172],[-76.09713,2.90352],[-76.09858,2.90574],[-76.09026,2.90831],[-76.08448,2.91344],[-76.08233,2.92441],[-76.08283,2.94078],[-76.07948,2.9411],[-76.08055,2.93882],[-76.07855,2.93834],[-76.07907,2.93481],[-76.07682,2.9326],[-76.07721,2.92314],[-76.07473,2.92147],[-76.07638,2.91931],[-76.07532,2.90939],[-76.07716,2.90859],[-76.07829,2.89914],[-76.08056,2.89609],[-76.0767,2.89732],[-76.07301,2.89572],[-76.07777,2.88991],[-76.07477,2.8892],[-76.07446,2.88646],[-76.07647,2.88467],[-76.07184,2.87857],[-76.0722,2.87526],[-76.06854,2.87613],[-76.06698,2.88024],[-76.06297,2.88173],[-76.05651,2.8904],[-76.05787,2.8781],[-76.06066,2.86958],[-76.06369,2.86621],[-76.06198,2.86466],[-76.05837,2.86611],[-76.05826,2.8628],[-76.05573,2.86041],[-76.05198,2.86214],[-76.0474,2.85842],[-76.0434,2.85823],[-76.04727,2.84942],[-76.04896,2.84938],[-76.04532,2.84498],[-76.04423,2.8506],[-76.04105,2.8493],[-76.04072,2.85169],[-76.03875,2.85189],[-76.04007,2.85428],[-76.03803,2.85467],[-76.03664,2.8586],[-76.03314,2.85165],[-76.0293,2.85759],[-76.02764,2.85474],[-76.02632,2.85733],[-76.02373,2.85298],[-76.02043,2.85536],[-76.01785,2.85338],[-76.01826,2.85692],[-76.01642,2.85416],[-76.01567,2.85553],[-76.01386,2.85442],[-76.01145,2.85528],[-76.01238,2.85828],[-76.0089,2.85719],[-76.00873,2.85923],[-76.00193,2.86085],[-76.00336,2.86175],[-76.00147,2.86693],[-76.00312,2.86744],[-76.00052,2.87011],[-76.00104,2.87533],[-75.99571,2.87203],[-75.99461,2.87375],[-75.99752,2.8758],[-75.99658,2.87935],[-75.99295,2.88026],[-75.99502,2.88556],[-75.99046,2.88476],[-75.98883,2.88121],[-75.98807,2.88321],[-75.98482,2.8806],[-75.98171,2.88198],[-75.98117,2.88396],[-75.98526,2.88989],[-75.98511,2.89545],[-75.98815,2.89927],[-75.9825,2.89799],[-75.97717,2.89343],[-75.97783,2.8981],[-75.98129,2.90054],[-75.97664,2.90161],[-75.98074,2.90912],[-75.97839,2.91199],[-75.97995,2.91473],[-75.97774,2.91385],[-75.97611,2.91757],[-75.97993,2.92125],[-75.97634,2.92139],[-75.9785,2.92481],[-75.97672,2.92564],[-75.97715,2.93089],[-75.97494,2.92448],[-75.97391,2.92629],[-75.97117,2.92134],[-75.96783,2.92153],[-75.97104,2.91865],[-75.97121,2.91658],[-75.96946,2.91627],[-75.97302,2.90971],[-75.97306,2.90601],[-75.96977,2.90236],[-75.96425,2.90202],[-75.9596,2.89823],[-75.95578,2.8991],[-75.9555,2.90177],[-75.95285,2.90109],[-75.95151,2.90413],[-75.95022,2.90277],[-75.94544,2.90667],[-75.94818,2.90142],[-75.94601,2.89945],[-75.95517,2.8903],[-75.9524,2.88927],[-75.95267,2.88486],[-75.95644,2.88244],[-75.9567,2.88002],[-75.95313,2.87663],[-75.95339,2.87201],[-75.95032,2.87216],[-75.95124,2.8768],[-75.94845,2.88048],[-75.95037,2.88132],[-75.94843,2.88219],[-75.9496,2.88515],[-75.94478,2.88792],[-75.94747,2.88936],[-75.94502,2.89142],[-75.94632,2.89296],[-75.94014,2.89536],[-75.93699,2.89938],[-75.93698,2.89615],[-75.94236,2.89018],[-75.94166,2.88716],[-75.93621,2.88782],[-75.94331,2.88332],[-75.94001,2.88264],[-75.94133,2.87886],[-75.93804,2.87846],[-75.93886,2.87183],[-75.93168,2.87583],[-75.93408,2.87013],[-75.92713,2.86901],[-75.92824,2.86625],[-75.92485,2.86642],[-75.92333,2.86459],[-75.92973,2.86254],[-75.92807,2.85814],[-75.93193,2.85719],[-75.93532,2.85086],[-75.93322,2.84331],[-75.92604,2.84237],[-75.92906,2.83698],[-75.92267,2.83843],[-75.91805,2.8367],[-75.91912,2.83363],[-75.92322,2.83104],[-75.92363,2.82713],[-75.92778,2.82401],[-75.92115,2.82294],[-75.91953,2.82419],[-75.92186,2.82123],[-75.91802,2.82007],[-75.92096,2.81779],[-75.91855,2.81621],[-75.92217,2.81462],[-75.92081,2.81178],[-75.92375,2.81257],[-75.92679,2.80964],[-75.92444,2.80901],[-75.919,2.80172],[-75.91939,2.79952],[-75.92264,2.79983],[-75.92442,2.79666],[-75.92051,2.79682],[-75.92029,2.79409],[-75.91537,2.79361],[-75.91731,2.7907],[-75.91421,2.78869],[-75.91706,2.7866],[-75.9146,2.78328],[-75.91788,2.78307],[-75.91722,2.77904],[-75.92126,2.77983],[-75.92031,2.77761],[-75.92335,2.7781],[-75.9228,2.77384],[-75.92745,2.77323],[-75.92881,2.76798],[-75.92496,2.76918],[-75.92385,2.76637],[-75.92749,2.76419],[-75.9263,2.76139],[-75.92854,2.75782],[-75.92347,2.76271],[-75.91985,2.76335],[-75.91824,2.77055],[-75.91645,2.77103],[-75.91753,2.77318],[-75.9144,2.77243],[-75.9138,2.77547],[-75.9111,2.77485],[-75.90879,2.76576],[-75.90732,2.77274],[-75.90474,2.77408],[-75.89996,2.76819],[-75.89769,2.77089],[-75.89501,2.77036],[-75.89208,2.77692],[-75.8865,2.77891],[-75.88382,2.78505],[-75.88061,2.78405],[-75.87947,2.78749],[-75.87485,2.78928],[-75.8789,2.78069],[-75.87615,2.7806],[-75.87986,2.77677],[-75.87972,2.77294],[-75.87603,2.77029],[-75.88223,2.76703],[-75.88146,2.76263],[-75.88457,2.75912],[-75.87662,2.75682],[-75.88456,2.74952],[-75.88928,2.74927],[-75.88695,2.74675],[-75.88829,2.74575],[-75.88733,2.74236],[-75.88622,2.74124],[-75.88219,2.74613],[-75.8799,2.74437],[-75.87868,2.74854],[-75.87621,2.74809],[-75.8733,2.75122],[-75.86824,2.74561],[-75.86718,2.73799],[-75.86904,2.73729],[-75.86955,2.73303],[-75.8635,2.73209],[-75.86184,2.7294],[-75.86394,2.72373],[-75.86098,2.72565],[-75.85881,2.73287],[-75.85198,2.73837],[-75.85295,2.7214],[-75.85121,2.71723],[-75.84732,2.71518],[-75.84926,2.71187],[-75.84343,2.7037],[-75.84257,2.7111],[-75.84493,2.71829],[-75.84266,2.72516],[-75.84068,2.7274],[-75.83095,2.7297],[-75.82978,2.73602],[-75.82771,2.73605],[-75.8262,2.73917],[-75.82814,2.74235],[-75.82212,2.74922],[-75.82394,2.75351],[-75.82994,2.75282],[-75.83056,2.75093],[-75.83287,2.75115],[-75.83219,2.74853],[-75.83564,2.74383],[-75.84073,2.74269],[-75.8419,2.74391],[-75.84442,2.7374],[-75.85022,2.73812],[-75.84682,2.74276],[-75.84952,2.74439],[-75.84811,2.74519],[-75.84768,2.75273],[-75.85103,2.75169],[-75.85232,2.75345],[-75.85086,2.75626],[-75.8459,2.75724],[-75.8468,2.75929],[-75.84388,2.76391],[-75.84465,2.76648],[-75.85038,2.76377],[-75.84782,2.7681],[-75.85125,2.76797],[-75.84938,2.77154],[-75.85247,2.77415],[-75.8455,2.77863],[-75.84827,2.78169],[-75.85592,2.78328],[-75.85805,2.78614],[-75.84708,2.78824],[-75.84604,2.79326],[-75.84183,2.79348],[-75.84334,2.7963],[-75.85094,2.80072],[-75.84859,2.80014],[-75.84436,2.80418],[-75.84108,2.80468],[-75.84086,2.80781],[-75.8318,2.81136],[-75.83675,2.81293],[-75.8339,2.81577],[-75.83422,2.81861],[-75.83083,2.81821],[-75.82946,2.82092],[-75.82415,2.81962],[-75.82797,2.82524],[-75.83026,2.82485],[-75.83012,2.82754],[-75.82806,2.82865],[-75.83105,2.83102],[-75.83336,2.83026],[-75.83308,2.83278],[-75.8382,2.83503],[-75.83927,2.83149],[-75.8454,2.83927],[-75.84955,2.83506],[-75.85659,2.84034],[-75.85724,2.84635],[-75.85388,2.84295],[-75.84189,2.84124],[-75.83321,2.84082],[-75.8317,2.84265],[-75.82976,2.84126],[-75.82665,2.84367],[-75.82633,2.84116],[-75.82201,2.84027],[-75.81919,2.83553],[-75.81749,2.8363],[-75.8136,2.83174],[-75.8113,2.8389],[-75.80813,2.83459],[-75.806,2.83457],[-75.80699,2.83162],[-75.80257,2.82546],[-75.80061,2.82626],[-75.79969,2.82183],[-75.79483,2.82665],[-75.79514,2.82981],[-75.79179,2.82654],[-75.78777,2.83034],[-75.785,2.83055],[-75.78426,2.83447],[-75.78229,2.83227],[-75.7787,2.83825],[-75.77674,2.8384],[-75.77778,2.83118],[-75.77948,2.83141],[-75.78183,2.82931],[-75.78079,2.82782],[-75.78929,2.82209],[-75.78868,2.82015],[-75.79132,2.81927],[-75.79201,2.81492],[-75.79625,2.81391],[-75.79908,2.8109],[-75.79896,2.80664],[-75.79338,2.80446],[-75.79389,2.80261],[-75.79184,2.8015],[-75.79813,2.79934],[-75.79749,2.79307],[-75.8027,2.79131],[-75.80309,2.7852],[-75.80149,2.78387],[-75.80309,2.78166],[-75.79891,2.77745],[-75.79822,2.78098],[-75.80005,2.78418],[-75.79646,2.79169],[-75.7916,2.79496],[-75.79038,2.79991],[-75.78742,2.8004],[-75.78634,2.80261],[-75.78385,2.79586],[-75.78517,2.79386],[-75.78321,2.79186],[-75.78548,2.7912],[-75.78567,2.78779],[-75.78171,2.78742],[-75.78186,2.78555],[-75.77702,2.78631],[-75.77326,2.78312],[-75.76918,2.76625],[-75.76659,2.76334],[-75.76567,2.7671],[-75.76783,2.77083],[-75.76654,2.77289],[-75.77149,2.78049],[-75.77298,2.78581],[-75.77101,2.78881],[-75.77242,2.79097],[-75.76821,2.79632],[-75.76856,2.8003],[-75.7636,2.80137],[-75.76394,2.79633],[-75.75969,2.79117],[-75.76044,2.78892],[-75.75917,2.7914],[-75.75647,2.7919],[-75.75874,2.79352],[-75.75717,2.79841],[-75.75161,2.79704],[-75.7496,2.79933],[-75.75216,2.79905],[-75.75185,2.8021],[-75.75597,2.80305],[-75.7592,2.80677],[-75.75408,2.80827],[-75.75916,2.8112],[-75.75787,2.81359],[-75.76035,2.8157],[-75.76102,2.82015],[-75.75637,2.81661],[-75.75478,2.81814],[-75.7531,2.81541],[-75.75314,2.81928],[-75.74967,2.81802],[-75.74808,2.81929],[-75.74601,2.82585],[-75.74894,2.82423],[-75.75182,2.82511],[-75.74969,2.82563],[-75.75047,2.82946],[-75.74802,2.83443],[-75.75143,2.83584],[-75.75346,2.83438],[-75.75565,2.83657],[-75.75744,2.83536],[-75.75688,2.83829],[-75.75909,2.83951],[-75.75575,2.83913],[-75.749,2.84215],[-75.7483,2.84552],[-75.75238,2.84803],[-75.75104,2.85285],[-75.75284,2.85422],[-75.74785,2.85345],[-75.74245,2.85835],[-75.74488,2.86088],[-75.7471,2.86001],[-75.74877,2.86306],[-75.75362,2.86182],[-75.75226,2.86855],[-75.75763,2.87163],[-75.76326,2.86873],[-75.76491,2.86547],[-75.76575,2.86704],[-75.76937,2.8625],[-75.77259,2.86214],[-75.77338,2.85837],[-75.77526,2.85862],[-75.77284,2.86351],[-75.77705,2.86208],[-75.77839,2.8653],[-75.77516,2.86395],[-75.77335,2.86511],[-75.77507,2.86886],[-75.77019,2.86581],[-75.76695,2.87024],[-75.7687,2.87192],[-75.76558,2.87316],[-75.76618,2.87593],[-75.76311,2.87474],[-75.76281,2.87265],[-75.75743,2.87694],[-75.75447,2.87292],[-75.74922,2.87284],[-75.74075,2.86764],[-75.75112,2.88121],[-75.74913,2.88486],[-75.75251,2.88775],[-75.75567,2.88767],[-75.75463,2.88865],[-75.74746,2.88593],[-75.74587,2.88402],[-75.74802,2.88232],[-75.74674,2.87947],[-75.74513,2.87991],[-75.74457,2.87646],[-75.73882,2.87327],[-75.73579,2.87458],[-75.73343,2.87013],[-75.72988,2.87364],[-75.72928,2.87914],[-75.73679,2.88595],[-75.73603,2.88706],[-75.72837,2.88181],[-75.72594,2.88564],[-75.72403,2.88575],[-75.72492,2.88123],[-75.72212,2.8785],[-75.72442,2.8768],[-75.7235,2.86628],[-75.73248,2.86174],[-75.7308,2.85778],[-75.73401,2.84622],[-75.73191,2.84413],[-75.72903,2.84644],[-75.72282,2.85777],[-75.71551,2.84907],[-75.70883,2.85376],[-75.70693,2.85724],[-75.70691,2.84563],[-75.70362,2.84511],[-75.70394,2.84245],[-75.70753,2.84145],[-75.70944,2.83587],[-75.7125,2.8375],[-75.71522,2.83465],[-75.7137,2.82943],[-75.70651,2.83268],[-75.7066,2.82731],[-75.70274,2.82682],[-75.70574,2.82195],[-75.70491,2.81927],[-75.7032,2.81889],[-75.70236,2.82217],[-75.69999,2.82101],[-75.69706,2.82327],[-75.69684,2.81899],[-75.69355,2.81935],[-75.69459,2.81287],[-75.69822,2.81265],[-75.70336,2.80778],[-75.69911,2.80778],[-75.70187,2.80013],[-75.70047,2.79917],[-75.70351,2.79532],[-75.69934,2.79641],[-75.69687,2.7943],[-75.69303,2.79877],[-75.69078,2.79667],[-75.69191,2.79301],[-75.68752,2.79481],[-75.68493,2.7927],[-75.68076,2.79518],[-75.67738,2.7924],[-75.67624,2.80192],[-75.68465,2.79999],[-75.68494,2.80242],[-75.68839,2.80369],[-75.68608,2.80561],[-75.68731,2.80792],[-75.68361,2.80821],[-75.68633,2.81241],[-75.68242,2.81391],[-75.6825,2.81773],[-75.67874,2.81935],[-75.67803,2.82284],[-75.67405,2.82069],[-75.66563,2.82349],[-75.66534,2.82502],[-75.66775,2.82598],[-75.6632,2.82944],[-75.66413,2.83289],[-75.66218,2.83979],[-75.6638,2.84188],[-75.66692,2.83852],[-75.67118,2.83811],[-75.6699,2.84137],[-75.67229,2.84449],[-75.66982,2.84728],[-75.67157,2.84807],[-75.66935,2.8526],[-75.67659,2.85356],[-75.67719,2.85703],[-75.67567,2.8585],[-75.67933,2.86111],[-75.67869,2.86564],[-75.68327,2.86319],[-75.68462,2.86463],[-75.68249,2.86939],[-75.68571,2.87381],[-75.68128,2.87969],[-75.68469,2.88153],[-75.68393,2.88579],[-75.68796,2.89375],[-75.68435,2.89782],[-75.68115,2.89668],[-75.68414,2.90089],[-75.6795,2.90155],[-75.68306,2.90439],[-75.68085,2.90688],[-75.67893,2.90852],[-75.676,2.90662],[-75.67257,2.90975],[-75.67966,2.91169],[-75.68052,2.91651],[-75.68286,2.91776],[-75.68652,2.9138],[-75.68591,2.91142],[-75.68935,2.91182],[-75.69211,2.90905],[-75.69256,2.90406],[-75.69594,2.90247],[-75.69735,2.89818],[-75.69581,2.89013],[-75.69763,2.88753],[-75.69404,2.88243],[-75.70039,2.87607],[-75.70089,2.88272],[-75.70377,2.88207],[-75.70488,2.88363],[-75.70424,2.88774],[-75.70785,2.88481],[-75.70859,2.88941],[-75.71013,2.88955],[-75.70974,2.8934],[-75.70604,2.89765],[-75.70941,2.89734],[-75.7137,2.8921],[-75.71715,2.89267],[-75.7191,2.89606],[-75.71651,2.89822],[-75.7155,2.90551],[-75.71112,2.9031],[-75.70697,2.90622],[-75.70983,2.90809],[-75.70566,2.91026],[-75.70747,2.91368],[-75.70276,2.91368],[-75.70427,2.91468],[-75.70422,2.91919],[-75.70953,2.91722],[-75.70787,2.92274],[-75.71032,2.92281],[-75.71046,2.92504],[-75.71514,2.92248],[-75.715,2.91981],[-75.71747,2.92232],[-75.71736,2.91988],[-75.71882,2.92038],[-75.71868,2.92301],[-75.72731,2.91891],[-75.72777,2.92232],[-75.72524,2.92351],[-75.72737,2.92459],[-75.72683,2.9282],[-75.729,2.93033],[-75.73172,2.92947],[-75.72774,2.93182],[-75.7308,2.9363],[-75.7293,2.93855],[-75.73871,2.93946],[-75.73286,2.94079],[-75.72699,2.9392],[-75.7283,2.9367],[-75.7218,2.92693],[-75.71807,2.92901],[-75.71425,2.92733],[-75.71251,2.92966],[-75.70683,2.92875],[-75.66984,2.99734],[-75.66963,2.99552],[-75.6669,2.99578],[-75.66532,2.99203],[-75.66342,2.99202],[-75.66073,2.99563],[-75.66149,2.99804],[-75.65783,3.00194],[-75.65725,3.0057],[-75.6612,3.00326],[-75.66167,3.00485],[-75.65966,3.00813],[-75.65511,3.00986],[-75.6592,3.01142],[-75.65758,3.01556],[-75.65943,3.01492],[-75.66136,3.01783],[-75.66251,3.01642],[-75.66446,3.019],[-75.66168,3.02025],[-75.66202,3.02776],[-75.67003,3.03216],[-75.67503,3.01971],[-75.67234,3.01762],[-75.67529,3.01433],[-75.67557,3.00801],[-75.67787,3.00689],[-75.68206,3.01093],[-75.68556,3.00788],[-75.68589,3.01094],[-75.68811,3.01191],[-75.69078,3.02457],[-75.69267,3.02342],[-75.69317,3.02553],[-75.70141,3.03011],[-75.70049,3.02477],[-75.70219,3.02436],[-75.70117,3.02236],[-75.70332,3.01956],[-75.70183,3.01742],[-75.69991,3.01813],[-75.6999,3.01482],[-75.70384,3.01749],[-75.70521,3.01562],[-75.70556,3.01925],[-75.70802,3.01673],[-75.71111,3.01718],[-75.71077,3.01056],[-75.7146,3.01119],[-75.71401,3.00852],[-75.70771,3.00584],[-75.70969,3.00401],[-75.71409,3.00413],[-75.71359,3.00235],[-75.71648,3.00141],[-75.71464,2.99951],[-75.71518,2.99681],[-75.71217,2.99408],[-75.71347,2.9934],[-75.71273,2.98734],[-75.71487,2.99418],[-75.71855,2.99628],[-75.72288,2.99021],[-75.72345,2.9862],[-75.72524,2.98573],[-75.72561,2.98043],[-75.72764,2.97986],[-75.72602,2.983],[-75.72919,2.98476],[-75.72516,2.9883],[-75.72589,2.99209],[-75.72863,2.99171],[-75.72432,2.99507],[-75.72252,3.0004],[-75.72354,3.00661],[-75.72688,3.00258],[-75.7296,3.00208],[-75.72791,3.00782],[-75.72971,3.00918],[-75.72639,3.01098],[-75.73001,3.01321],[-75.72642,3.01407],[-75.72601,3.01703],[-75.73074,3.01849],[-75.73178,3.01548],[-75.73612,3.0134],[-75.73507,3.01081],[-75.73689,3.0072],[-75.73434,3.00209],[-75.73642,3.00076],[-75.73661,2.99691],[-75.74336,2.99399],[-75.74664,2.99912],[-75.74995,2.99365],[-75.757,2.9895],[-75.75271,2.98625],[-75.75416,2.98246],[-75.75781,2.98007],[-75.75293,2.97618],[-75.75917,2.97329],[-75.75993,2.97057],[-75.75531,2.96996],[-75.75522,2.96436],[-75.7533,2.96318],[-75.758,2.96441],[-75.75705,2.96043],[-75.76023,2.959],[-75.7606,2.95585],[-75.76519,2.95753],[-75.76474,2.96038],[-75.76727,2.96337],[-75.76919,2.96252],[-75.76827,2.95711],[-75.77258,2.94955],[-75.77167,2.9463],[-75.77802,2.94846],[-75.77899,2.9505],[-75.78053,2.94923],[-75.77803,2.94478],[-75.78016,2.94016],[-75.78315,2.9395],[-75.78263,2.93512],[-75.7803,2.93292],[-75.78598,2.93599],[-75.78889,2.93241],[-75.79419,2.9326],[-75.79536,2.929],[-75.79834,2.93269],[-75.80081,2.93289],[-75.80504,2.92555],[-75.80372,2.93299],[-75.80112,2.93551],[-75.79884,2.93657],[-75.79579,2.93451],[-75.79691,2.93786],[-75.7933,2.93451],[-75.79072,2.93601],[-75.79176,2.93742],[-75.78621,2.94661],[-75.78719,2.95105],[-75.79055,2.95336],[-75.79008,2.95548],[-75.78573,2.95527],[-75.78628,2.9614],[-75.78219,2.96142],[-75.78171,2.96594],[-75.78364,2.9688],[-75.77694,2.97717],[-75.77746,2.98056],[-75.78014,2.97773],[-75.78325,2.97745],[-75.78354,2.97525],[-75.78798,2.97507],[-75.78906,2.96845],[-75.79244,2.97345],[-75.79115,2.97509],[-75.79255,2.97879],[-75.78913,2.97974],[-75.78577,2.99002],[-75.78294,2.98883],[-75.78015,2.9943],[-75.78308,2.99612],[-75.79051,2.99448],[-75.78992,2.99692],[-75.78146,3.00326],[-75.78745,3.00569],[-75.78437,3.00792],[-75.7846,3.00993],[-75.78115,3.01111],[-75.78155,3.01583],[-75.77926,3.01853],[-75.78481,3.01597],[-75.78594,3.01866],[-75.79046,3.01798],[-75.79093,3.02574],[-75.79447,3.02028],[-75.79545,3.02938],[-75.79904,3.02849],[-75.80165,3.02704],[-75.80095,3.02479],[-75.80289,3.02194],[-75.80095,3.01992],[-75.80362,3.0135],[-75.79947,3.00958],[-75.79997,3.00461],[-75.80304,3.00143],[-75.8019,2.99792],[-75.80317,2.99431],[-75.80437,2.99723],[-75.80767,2.99863],[-75.80799,3.00579],[-75.81375,3.00666],[-75.81694,3.01553],[-75.81901,3.01633],[-75.82486,3.00623],[-75.82199,3.00083],[-75.82614,3.0008],[-75.82693,2.99906],[-75.82255,2.99166],[-75.82687,2.98946],[-75.82363,2.98691],[-75.82473,2.98286],[-75.82523,2.98674],[-75.82849,2.98473],[-75.83146,2.9854],[-75.83358,2.9886],[-75.83124,2.99128],[-75.83657,2.99994],[-75.83899,2.99433],[-75.84208,2.99539],[-75.84253,2.993],[-75.84509,2.99295],[-75.84622,2.98701],[-75.84876,2.98691],[-75.84958,2.98868],[-75.85267,2.98772],[-75.85305,2.98475],[-75.85995,2.98315],[-75.86271,2.97981],[-75.86133,2.9871],[-75.87023,2.98591],[-75.87655,2.97857],[-75.87555,2.97613],[-75.87763,2.97142],[-75.87992,2.9722],[-75.8796,2.96959],[-75.8835,2.96835],[-75.88066,2.97006],[-75.8811,2.97308],[-75.8785,2.97372],[-75.87781,2.97745],[-75.87927,2.97919],[-75.87678,2.98176],[-75.87807,2.98253],[-75.87367,2.98565],[-75.87669,2.99016],[-75.87266,2.98946],[-75.87261,2.99167],[-75.86895,2.98953],[-75.86544,2.99348],[-75.86088,2.99353],[-75.85488,2.99719],[-75.85053,3.00326],[-75.85065,3.00648],[-75.84617,3.00699],[-75.84776,3.01001],[-75.84624,3.01354],[-75.85131,3.00881],[-75.85439,3.01028],[-75.85375,3.00696],[-75.8566,3.00635],[-75.85785,3.00256],[-75.85961,3.00381],[-75.8687,2.9971],[-75.86763,3.00317],[-75.86305,3.00857],[-75.86307,3.01241],[-75.86705,3.01318],[-75.86938,3.0093],[-75.87381,3.00837],[-75.87356,3.00462],[-75.87661,3.0021],[-75.87721,2.99694],[-75.88064,2.99642],[-75.88856,2.99997],[-75.87952,2.99854],[-75.87915,3.00374],[-75.88226,3.00483],[-75.87778,3.00745],[-75.87891,3.00961],[-75.87682,3.0129],[-75.88243,3.01588],[-75.87991,3.01516],[-75.87828,3.0173],[-75.87286,3.01564],[-75.87227,3.01964],[-75.8675,3.02014],[-75.86728,3.02322],[-75.86545,3.02417],[-75.85982,3.02142],[-75.85781,3.02418],[-75.85576,3.02302],[-75.85384,3.02558],[-75.85716,3.03163],[-75.85165,3.03222],[-75.84848,3.03838],[-75.84163,3.04119],[-75.84705,3.04203],[-75.84911,3.04559],[-75.85257,3.04132],[-75.85537,3.04208],[-75.85613,3.04464],[-75.85942,3.04341],[-75.86084,3.04612],[-75.85828,3.04587],[-75.85605,3.0482],[-75.85958,3.04783],[-75.86139,3.0511],[-75.85831,3.0547],[-75.86535,3.05558],[-75.86494,3.05828],[-75.87077,3.06031],[-75.87666,3.06057],[-75.88002,3.05722],[-75.88041,3.05285],[-75.88538,3.0517],[-75.88292,3.05535],[-75.88515,3.05781],[-75.88337,3.05999],[-75.88489,3.05963],[-75.88573,3.06311],[-75.88841,3.06127],[-75.8911,3.0655],[-75.89453,3.06528],[-75.89112,3.06753],[-75.89125,3.0733],[-75.89358,3.07643],[-75.89781,3.0752],[-75.89555,3.07889],[-75.90034,3.07938],[-75.90267,3.08448],[-75.90456,3.08245],[-75.91902,3.08136],[-75.90052,3.08663],[-75.89655,3.09142],[-75.89822,3.08547],[-75.89124,3.07985],[-75.88934,3.08031],[-75.89041,3.0783],[-75.88697,3.07629],[-75.88648,3.07262],[-75.87541,3.07513],[-75.87769,3.06976],[-75.86576,3.06817],[-75.86347,3.07082],[-75.86649,3.0728],[-75.86444,3.07639],[-75.8651,3.07856],[-75.86675,3.07816],[-75.8661,3.0801],[-75.86331,3.07948],[-75.86115,3.08137],[-75.86084,3.08384],[-75.85956,3.08052],[-75.85817,3.08089],[-75.86066,3.07683],[-75.85603,3.0726],[-75.8563,3.06724],[-75.85074,3.06763],[-75.85157,3.06371],[-75.84608,3.06613],[-75.84437,3.06436],[-75.84402,3.06742],[-75.84015,3.06753],[-75.84153,3.06993],[-75.83873,3.07122],[-75.84263,3.07737],[-75.84187,3.07977],[-75.83405,3.07462],[-75.83258,3.07646],[-75.8295,3.07277],[-75.82948,3.07604],[-75.82701,3.07705],[-75.82686,3.07917],[-75.82943,3.08177],[-75.83339,3.08174],[-75.83423,3.08384],[-75.82935,3.08666],[-75.82223,3.08734],[-75.821,3.09263],[-75.82402,3.09329],[-75.82428,3.09627],[-75.82791,3.09803],[-75.8244,3.09748],[-75.82383,3.09911],[-75.81907,3.09646],[-75.81751,3.10875],[-75.81466,3.10451],[-75.81455,3.09725],[-75.81086,3.09813],[-75.80745,3.10209],[-75.80566,3.09998],[-75.81198,3.09608],[-75.81269,3.09387],[-75.81491,3.09433],[-75.81562,3.08931],[-75.81362,3.08732],[-75.8151,3.08465],[-75.81325,3.08151],[-75.81678,3.08019],[-75.81343,3.07828],[-75.81512,3.07602],[-75.81306,3.07311],[-75.81503,3.07212],[-75.81288,3.06868],[-75.81587,3.06468],[-75.81235,3.06072],[-75.81316,3.05704],[-75.81087,3.05479],[-75.80918,3.05463],[-75.80627,3.06324],[-75.8019,3.06606],[-75.8025,3.06891],[-75.79986,3.0716],[-75.79822,3.07196],[-75.79801,3.06854],[-75.79084,3.06985],[-75.78776,3.06861],[-75.78537,3.0728],[-75.78142,3.07387],[-75.7818,3.07659],[-75.77833,3.07615],[-75.78033,3.08061],[-75.77284,3.0831],[-75.77457,3.08428],[-75.77395,3.0879],[-75.77739,3.08859],[-75.77686,3.09063],[-75.7714,3.09199],[-75.77084,3.09538],[-75.76726,3.0956],[-75.76082,3.09038],[-75.75936,3.0937],[-75.75573,3.09336],[-75.75472,3.09613],[-75.74485,3.09737],[-75.75307,3.08648],[-75.74858,3.08626],[-75.74731,3.08085],[-75.75523,3.07681],[-75.75268,3.07325],[-75.75625,3.06923],[-75.74867,3.06752],[-75.74438,3.07415],[-75.74106,3.07271],[-75.73998,3.07725],[-75.74236,3.0775],[-75.74176,3.07949],[-75.74355,3.08066],[-75.74035,3.08474],[-75.74597,3.08626],[-75.74154,3.08989],[-75.73993,3.09393],[-75.73832,3.09288],[-75.73661,3.09542],[-75.73395,3.09441],[-75.73458,3.09861],[-75.72991,3.10346],[-75.73097,3.10486],[-75.72646,3.10711],[-75.73026,3.10798],[-75.73258,3.10643],[-75.73282,3.10798],[-75.72774,3.11159],[-75.724,3.11042],[-75.72902,3.12091],[-75.7281,3.123],[-75.72368,3.12296],[-75.72518,3.12593],[-75.72837,3.12551],[-75.72661,3.12945],[-75.72943,3.13133],[-75.73017,3.12372],[-75.73267,3.12488],[-75.73113,3.12146],[-75.73338,3.11749],[-75.73181,3.11507],[-75.73539,3.11308],[-75.73542,3.11104],[-75.73679,3.11269],[-75.73906,3.11207],[-75.73885,3.10997],[-75.74057,3.11066],[-75.73974,3.1072],[-75.74085,3.10577],[-75.74278,3.10717],[-75.74357,3.10152],[-75.74552,3.10252],[-75.7486,3.0998],[-75.74912,3.10109],[-75.74662,3.1045],[-75.74772,3.10649],[-75.74625,3.10799],[-75.74814,3.10898],[-75.7462,3.11074],[-75.74482,3.11932],[-75.74794,3.11397],[-75.7515,3.11189],[-75.7514,3.11636],[-75.75507,3.11273],[-75.75836,3.11475],[-75.75702,3.10748],[-75.76085,3.10946],[-75.76246,3.1132],[-75.7652,3.10566],[-75.76604,3.11101],[-75.77399,3.11116],[-75.77121,3.11326],[-75.77317,3.11579],[-75.77238,3.11839],[-75.76857,3.11417],[-75.76628,3.11524],[-75.76656,3.11766],[-75.76512,3.11667],[-75.76213,3.11905],[-75.76426,3.11967],[-75.76524,3.12411],[-75.7689,3.12211],[-75.76739,3.12513],[-75.76468,3.12689],[-75.75886,3.12199],[-75.7585,3.12544],[-75.7535,3.12633],[-75.75986,3.12624],[-75.76142,3.12858],[-75.75853,3.12927],[-75.7559,3.13456],[-75.76049,3.13193],[-75.76029,3.13578],[-75.76972,3.13338],[-75.76363,3.13857],[-75.76741,3.13809],[-75.76616,3.14055],[-75.75955,3.14013],[-75.75798,3.14228],[-75.76034,3.14515],[-75.75457,3.1475],[-75.75929,3.14875],[-75.75761,3.15195],[-75.7616,3.153],[-75.76355,3.15665],[-75.76727,3.15658],[-75.76686,3.15857],[-75.76212,3.15844],[-75.7594,3.15494],[-75.75619,3.15456],[-75.75529,3.15812],[-75.75321,3.15736],[-75.75254,3.15421],[-75.7497,3.15677],[-75.75153,3.15258],[-75.74988,3.15296],[-75.74963,3.1496],[-75.74764,3.14857],[-75.7433,3.1523],[-75.74062,3.14951],[-75.73637,3.15184],[-75.73648,3.15479],[-75.73997,3.15653],[-75.73741,3.15795],[-75.73234,3.15917],[-75.73019,3.15764],[-75.72947,3.16049],[-75.72609,3.15849],[-75.72951,3.16514],[-75.72759,3.16769],[-75.7298,3.16902],[-75.73344,3.16662],[-75.73397,3.16852],[-75.73677,3.1681],[-75.73704,3.17042],[-75.73842,3.16806],[-75.73977,3.16938],[-75.74016,3.1676],[-75.74247,3.16869],[-75.74623,3.16612],[-75.74978,3.16677],[-75.75015,3.16852],[-75.74746,3.16797],[-75.74358,3.17229],[-75.7439,3.1762],[-75.74105,3.17718],[-75.74263,3.18122],[-75.73868,3.18127],[-75.73854,3.18418],[-75.74189,3.1844],[-75.74452,3.18704],[-75.74337,3.19006],[-75.73804,3.19097],[-75.73548,3.19478],[-75.73364,3.19485],[-75.73193,3.19172],[-75.72724,3.19354],[-75.72553,3.19086],[-75.72226,3.19216],[-75.72547,3.19672],[-75.72928,3.1982],[-75.72803,3.20019],[-75.73005,3.20119],[-75.73046,3.20513],[-75.72748,3.20667],[-75.73278,3.20995],[-75.73494,3.20867],[-75.73659,3.20993],[-75.73676,3.21241],[-75.73353,3.21348],[-75.73272,3.21648],[-75.73445,3.21736],[-75.73416,3.22229],[-75.74015,3.2209],[-75.73662,3.2299],[-75.73667,3.23476],[-75.73669,3.23477]]]},"properties":{"ap_nombre":"Nevado del Huila","ap_categoria":"Parque Nacional Natural","organizacion":"Parques Nacionales Naturales de Colombia","area_ha_total_geografica":163923.69804413}},{"type":"Feature","geometry":{"type":"Polygon","coordinates":[[[-76.35016,2.40453],[-76.35831,2.39958],[-76.35323,2.39068],[-76.36077,2.35952],[-76.35647,2.35425],[-76.35766,2.35139],[-76.35586,2.34321],[-76.36013,2.33859],[-76.36501,2.33731],[-76.36715,2.33363],[-76.37272,2.33095],[-76.37851,2.32427],[-76.40105,2.35329],[-76.40071,2.35963],[-76.40257,2.36359],[-76.40481,2.36501],[-76.40714,2.36167],[-76.4084,2.35671],[-76.40028,2.34644],[-76.41097,2.29618],[-76.41606,2.29881],[-76.42288,2.29754],[-76.40785,2.26178],[-76.40502,2.26358],[-76.39801,2.26181],[-76.39407,2.25496],[-76.38821,2.25542],[-76.39141,2.24043],[-76.39962,2.22995],[-76.40128,2.222],[-76.40031,2.21433],[-76.40737,2.20444],[-76.40752,2.19765],[-76.41782,2.19185],[-76.4346,2.18736],[-76.43612,2.1782],[-76.4313,2.17122],[-76.43837,2.16363],[-76.43673,2.15894],[-76.43782,2.15614],[-76.4518,2.16105],[-76.46096,2.15949],[-76.45961,2.15175],[-76.46446,2.14312],[-76.46372,2.13342],[-76.4662,2.12576],[-76.46428,2.12044],[-76.46611,2.11852],[-76.4661,2.11427],[-76.46979,2.10983],[-76.47114,2.10248],[-76.47549,2.10953],[-76.4809,2.11126],[-76.48398,2.12494],[-76.48791,2.12959],[-76.50176,2.12731],[-76.50282,2.12535],[-76.50614,2.13276],[-76.51192,2.13491],[-76.52027,2.13363],[-76.52442,2.13565],[-76.53561,2.13282],[-76.54526,2.13421],[-76.55432,2.13854],[-76.55947,2.13328],[-76.56595,2.13162],[-76.57452,2.11763],[-76.59091,2.10843],[-76.58994,2.09662],[-76.58282,2.08636],[-76.58395,2.08387],[-76.57729,2.0565],[-76.58624,2.04222],[-76.58552,2.03427],[-76.58235,2.02975],[-76.57482,2.02936],[-76.57175,2.02264],[-76.57322,2.01832],[-76.57842,2.01313],[-76.57924,2.00184],[-76.58667,2.00058],[-76.58896,2.00189],[-76.59013,2.00598],[-76.59316,2.00539],[-76.59916,1.99823],[-76.6047,1.99479],[-76.60999,1.99405],[-76.61998,1.97624],[-76.62343,1.97433],[-76.62261,1.95907],[-76.61727,1.95363],[-76.61583,1.94944],[-76.61056,1.94647],[-76.61528,1.93972],[-76.61478,1.93678],[-76.62015,1.92278],[-76.61646,1.90121],[-76.62272,1.90197],[-76.63225,1.90007],[-76.6389,1.89362],[-76.61824,1.8685],[-76.62226,1.86277],[-76.62032,1.85204],[-76.59826,1.85592],[-76.59383,1.86539],[-76.59068,1.86821],[-76.58146,1.86374],[-76.57289,1.86889],[-76.55902,1.87211],[-76.5562,1.87573],[-76.54602,1.8709],[-76.53801,1.87872],[-76.53322,1.89139],[-76.52337,1.89784],[-76.5251,1.90097],[-76.52005,1.90313],[-76.52099,1.90818],[-76.51524,1.9161],[-76.55529,1.94596],[-76.34348,2.07372],[-76.34531,2.0803],[-76.34051,2.07318],[-76.33907,2.07597],[-76.34037,2.07915],[-76.33616,2.07766],[-76.34687,2.08568],[-76.34721,2.09053],[-76.34539,2.0865],[-76.34217,2.08737],[-76.33542,2.08259],[-76.33485,2.08642],[-76.33987,2.09448],[-76.33629,2.09335],[-76.33547,2.09005],[-76.32764,2.08542],[-76.32013,2.08556],[-76.32717,2.09002],[-76.32596,2.09166],[-76.32763,2.09301],[-76.32515,2.09369],[-76.32106,2.09141],[-76.32523,2.09451],[-76.32596,2.09742],[-76.3209,2.09822],[-76.3228,2.10028],[-76.32164,2.10211],[-76.31541,2.09434],[-76.31388,2.0988],[-76.31091,2.09978],[-76.31354,2.10034],[-76.31398,2.10286],[-76.31659,2.10267],[-76.31602,2.10593],[-76.31266,2.10402],[-76.31033,2.1051],[-76.31502,2.10922],[-76.31044,2.10866],[-76.30706,2.11325],[-76.30524,2.11207],[-76.3045,2.11444],[-76.30001,2.11437],[-76.30655,2.11783],[-76.31688,2.119],[-76.31626,2.12167],[-76.32141,2.12432],[-76.32229,2.12652],[-76.31643,2.12484],[-76.31748,2.1299],[-76.31602,2.13],[-76.31583,2.1338],[-76.31421,2.13293],[-76.31376,2.12656],[-76.30981,2.12485],[-76.31012,2.12666],[-76.3077,2.12781],[-76.30693,2.12584],[-76.30476,2.12935],[-76.30586,2.13025],[-76.30403,2.13058],[-76.30562,2.13425],[-76.30399,2.13541],[-76.30439,2.13826],[-76.30026,2.13366],[-76.30077,2.13197],[-76.29753,2.13558],[-76.29116,2.13378],[-76.29018,2.12705],[-76.28553,2.12739],[-76.28151,2.12533],[-76.28437,2.12913],[-76.28397,2.13067],[-76.2812,2.12868],[-76.28139,2.1315],[-76.27809,2.12965],[-76.27976,2.12731],[-76.27741,2.12416],[-76.27606,2.1249],[-76.27699,2.12766],[-76.27211,2.1285],[-76.26891,2.12683],[-76.27506,2.13076],[-76.27096,2.13248],[-76.27315,2.13369],[-76.2755,2.13155],[-76.27776,2.13229],[-76.28419,2.13573],[-76.28352,2.13893],[-76.29211,2.14039],[-76.28415,2.14309],[-76.28545,2.14649],[-76.28822,2.14585],[-76.28826,2.14914],[-76.29691,2.14714],[-76.29356,2.1518],[-76.28953,2.15271],[-76.28872,2.15568],[-76.28446,2.15228],[-76.28121,2.15183],[-76.28057,2.15471],[-76.27957,2.15152],[-76.2763,2.15177],[-76.28027,2.16387],[-76.29036,2.16478],[-76.29976,2.17005],[-76.30711,2.16864],[-76.30638,2.16962],[-76.31099,2.17145],[-76.31563,2.17125],[-76.32098,2.16773],[-76.32046,2.17084],[-76.32353,2.17429],[-76.3186,2.17502],[-76.31836,2.17868],[-76.32031,2.18049],[-76.31728,2.1815],[-76.32234,2.19103],[-76.31631,2.18799],[-76.31631,2.19228],[-76.31932,2.19795],[-76.31633,2.19406],[-76.31557,2.19621],[-76.31376,2.19558],[-76.31283,2.18847],[-76.30689,2.18998],[-76.30359,2.18417],[-76.30127,2.1867],[-76.29578,2.18239],[-76.28958,2.18294],[-76.28689,2.18051],[-76.28571,2.18177],[-76.28816,2.1881],[-76.28419,2.18467],[-76.28021,2.18445],[-76.27774,2.18139],[-76.27826,2.17915],[-76.27091,2.18052],[-76.26662,2.17845],[-76.26722,2.17607],[-76.26492,2.17488],[-76.26428,2.17757],[-76.25928,2.17447],[-76.25642,2.1752],[-76.25461,2.17973],[-76.262,2.1789],[-76.26225,2.18317],[-76.26725,2.18604],[-76.26518,2.19006],[-76.26792,2.18978],[-76.27539,2.19524],[-76.27858,2.19399],[-76.27836,2.19607],[-76.28159,2.19741],[-76.2807,2.19975],[-76.28964,2.20655],[-76.27663,2.19993],[-76.27163,2.2002],[-76.27176,2.20304],[-76.26952,2.20484],[-76.26682,2.20303],[-76.26629,2.20471],[-76.26037,2.202],[-76.25397,2.20202],[-76.25915,2.2098],[-76.25528,2.20977],[-76.2531,2.21246],[-76.25497,2.2183],[-76.25362,2.22232],[-76.2593,2.22644],[-76.25929,2.23045],[-76.26489,2.22951],[-76.2632,2.23328],[-76.26835,2.24508],[-76.25771,2.24674],[-76.26177,2.25196],[-76.26548,2.25309],[-76.26328,2.25884],[-76.25759,2.26483],[-76.25596,2.27146],[-76.26817,2.27799],[-76.28611,2.28358],[-76.28233,2.31963],[-76.28001,2.31928],[-76.27859,2.3161],[-76.2699,2.31715],[-76.26887,2.31922],[-76.25677,2.3183],[-76.25099,2.31578],[-76.24449,2.31682],[-76.24588,2.32856],[-76.24161,2.33824],[-76.25115,2.34112],[-76.252,2.34699],[-76.25875,2.35376],[-76.2708,2.35049],[-76.27462,2.34586],[-76.29374,2.35189],[-76.30071,2.35744],[-76.30134,2.36329],[-76.29768,2.36677],[-76.30135,2.37573],[-76.29711,2.38164],[-76.29769,2.38643],[-76.29183,2.39157],[-76.2908,2.39806],[-76.31242,2.39584],[-76.32221,2.39025],[-76.33151,2.39063],[-76.33411,2.38878],[-76.33808,2.39495],[-76.33788,2.40246],[-76.34925,2.40393],[-76.35016,2.40453]]]},"properties":{"ap_nombre":"Puracé","ap_categoria":"Parque Nacional Natural","organizacion":"Parques Nacionales Naturales de Colombia","area_ha_total_geografica":92148.23046197}},{"type":"Feature","geometry":{"type":"Polygon","coordinates":[[[-76.34286,1.84204],[-76.34305,1.84472],[-76.34319,1.84201],[-76.34286,1.84204]]]},"properties":{"ap_nombre":"Reserva El Caucho","ap_categoria":"Reserva Natural de la Sociedad Civil","organizacion":"Parques Nacionales Naturales de Colombia","area_ha_total_geografica":2.82261353}},{"type":"Feature","geometry":{"type":"Polygon","coordinates":[[[-76.41627,1.9408],[-76.41626,1.94126],[-76.41826,1.94129],[-76.41832,1.94095],[-76.41833,1.94085],[-76.41627,1.9408]]]},"properties":{"ap_nombre":"Primavera 1","ap_categoria":"Reserva Natural de la Sociedad Civil","organizacion":"Parques Nacionales Naturales de Colombia","area_ha_total_geografica":1.13441719}},{"type":"Feature","geometry":{"type":"Polygon","coordinates":[[[-76.41192,1.93173],[-76.4143,1.93806],[-76.4175,1.93723],[-76.41219,1.93173],[-76.41192,1.93173]]]},"properties":{"ap_nombre":"El Tigre","ap_categoria":"Reserva Natural de la Sociedad Civil","organizacion":"Parques Nacionales Naturales de Colombia","area_ha_total_geografica":20.51010904}},{"type":"Feature","geometry":{"type":"Polygon","coordinates":[[[-76.41626,1.94126],[-76.41604,1.94171],[-76.41805,1.94176],[-76.41825,1.94133],[-76.41826,1.94129],[-76.41626,1.94126]]]},"properties":{"ap_nombre":"Primavera 3","ap_categoria":"Reserva Natural de la Sociedad Civil","organizacion":"Parques Nacionales Naturales de Colombia","area_ha_total_geografica":1.14367685}},{"type":"Feature","geometry":{"type":"Polygon","coordinates":[[[-76.41604,1.94171],[-76.41582,1.94216],[-76.41779,1.94221],[-76.41798,1.94191],[-76.41805,1.94176],[-76.41604,1.94171]]]},"properties":{"ap_nombre":"Primavera 4","ap_categoria":"Reserva Natural de la Sociedad Civil","organizacion":"Parques Nacionales Naturales de Colombia","area_ha_total_geografica":1.13196917}},{"type":"Feature","geometry":{"type":"Polygon","coordinates":[[[-76.41582,1.94216],[-76.41561,1.94261],[-76.41746,1.94266],[-76.41764,1.94245],[-76.41779,1.94221],[-76.41582,1.94216]]]},"properties":{"ap_nombre":"Primavera Deyis","ap_categoria":"Reserva Natural de la Sociedad Civil","organizacion":"Parques Nacionales Naturales de Colombia","area_ha_total_geografica":1.06829082}},{"type":"Feature","geometry":{"type":"Polygon","coordinates":[[[-76.41561,1.94261],[-76.41559,1.94266],[-76.41536,1.94314],[-76.41705,1.94316],[-76.41717,1.94302],[-76.41746,1.94266],[-76.41561,1.94261]]]},"properties":{"ap_nombre":"Primavera Villanueva","ap_categoria":"Reserva Natural de la Sociedad Civil","organizacion":"Parques Nacionales Naturales de Colombia","area_ha_total_geografica":1.14161203}},{"type":"Feature","geometry":{"type":"Polygon","coordinates":[[[-76.4136,1.94378],[-76.41559,1.94266],[-76.41369,1.9433],[-76.4136,1.94378]]]},"properties":{"ap_nombre":"Primavera 5","ap_categoria":"Reserva Natural de la Sociedad Civil","organizacion":"Parques Nacionales Naturales de Colombia","area_ha_total_geografica":2.21149263}},{"type":"Feature","geometry":{"type":"Polygon","coordinates":[[[-76.41536,1.94314],[-76.41491,1.94427],[-76.41705,1.94316],[-76.41536,1.94314]]]},"properties":{"ap_nombre":"La Palma De Marbella","ap_categoria":"Reserva Natural de la Sociedad Civil","organizacion":"Parques Nacionales Naturales de Colombia","area_ha_total_geografica":2.14353124}},{"type":"Feature","geometry":{"type":"Polygon","coordinates":[[[-76.20681,1.72299],[-76.19958,1.71667],[-76.20216,1.72082],[-76.20672,1.72303],[-76.20681,1.72299]]]},"properties":{"ap_nombre":"El Cedro","ap_categoria":"Reserva Natural de la Sociedad Civil","organizacion":"Parques Nacionales Naturales de Colombia","area_ha_total_geografica":11.218035}},{"type":"Feature","geometry":{"type":"Polygon","coordinates":[[[-75.6716,2.98552],[-75.67147,2.98196],[-75.6667,2.98137],[-75.66801,2.98542],[-75.6704,2.98547],[-75.6716,2.98552]]]},"properties":{"ap_nombre":"Villa Margarita","ap_categoria":"Reserva Natural de la Sociedad Civil","organizacion":"Parques Nacionales Naturales de Colombia","area_ha_total_geografica":19.85040107}},{"type":"Feature","geometry":{"type":"Polygon","coordinates":[[[-76.13965,2.15947],[-76.13938,2.16243],[-76.14242,2.16017],[-76.13993,2.15905],[-76.13965,2.15947]]]},"properties":{"ap_nombre":"La Argelia","ap_categoria":"Reserva Natural de la Sociedad Civil","organizacion":"Parques Nacionales Naturales de Colombia","area_ha_total_geografica":9.63353274}},{"type":"Feature","geometry":{"type":"MultiPolygon","coordinates":[[[[-75.55889,2.49901],[-75.55589,2.50153],[-75.55809,2.50636],[-75.56228,2.50949],[-75.57838,2.48214],[-75.57463,2.48069],[-75.56486,2.49186],[-75.56418,2.49647],[-75.55942,2.49871],[-75.55889,2.49901]],[[-75.56523,2.49707],[-75.56562,2.49707],[-75.56516,2.49732],[-75.56497,2.49721],[-75.56489,2.49711],[-75.56466,2.4973],[-75.56463,2.49725],[-75.56458,2.49724],[-75.56485,2.49707],[-75.56523,2.49707]]],[[[-75.56626,2.50311],[-75.56249,2.50958],[-75.56841,2.51277],[-75.57094,2.50585],[-75.56899,2.50296],[-75.57302,2.49911],[-75.58028,2.48287],[-75.57863,2.48227],[-75.56719,2.50156],[-75.56626,2.50311]]]]},"properties":{"ap_nombre":"El Viche","ap_categoria":"Reserva Natural de la Sociedad Civil","organizacion":"Parques Nacionales Naturales de Colombia","area_ha_total_geografica":346.68016669}},{"type":"Feature","geometry":{"type":"Polygon","coordinates":[[[-75.65283,2.68103],[-75.65325,2.68261],[-75.65429,2.68065],[-75.65282,2.68101],[-75.65283,2.68103]]]},"properties":{"ap_nombre":"La Pradera","ap_categoria":"Reserva Natural de la Sociedad Civil","organizacion":"Parques Nacionales Naturales de Colombia","area_ha_total_geografica":1.48263599}},{"type":"Feature","geometry":{"type":"Polygon","coordinates":[[[-75.52001,2.96973],[-75.52105,2.96825],[-75.51987,2.9697],[-75.52001,2.96973]]]},"properties":{"ap_nombre":"El Vergel","ap_categoria":"Reserva Natural de la Sociedad Civil","organizacion":"Parques Nacionales Naturales de Colombia","area_ha_total_geografica":1.63707579}},{"type":"Feature","geometry":{"type":"Polygon","coordinates":[[[-74.89691,2.99548],[-74.89922,2.99498],[-74.90053,2.98793],[-74.9095,2.98622],[-74.90483,2.98242],[-74.91056,2.98034],[-74.90845,2.97329],[-74.91193,2.97109],[-74.91408,2.97293],[-74.91445,2.97006],[-74.91048,2.96727],[-74.91114,2.96144],[-74.91315,2.96137],[-74.9164,2.96612],[-74.92354,2.95971],[-74.92162,2.9557],[-74.92374,2.95459],[-74.92241,2.95159],[-74.91797,2.953],[-74.91906,2.94811],[-74.92121,2.94764],[-74.91937,2.94365],[-74.92347,2.9348],[-74.92799,2.9334],[-74.93031,2.92783],[-74.93592,2.92674],[-74.93763,2.92905],[-74.96884,2.90364],[-74.96438,2.9002],[-74.96735,2.89824],[-74.96599,2.89461],[-74.9697,2.89162],[-74.96966,2.88806],[-74.97549,2.88432],[-74.9779,2.88635],[-74.98081,2.88431],[-74.98141,2.88706],[-74.98391,2.88742],[-74.9908,2.87858],[-74.98873,2.87533],[-74.98956,2.87279],[-74.99665,2.87106],[-75.00166,2.87453],[-75.0164,2.87375],[-75.01552,2.87974],[-75.02128,2.88089],[-75.01745,2.88501],[-75.0205,2.8889],[-75.01944,2.8928],[-75.02432,2.89447],[-75.02166,2.89893],[-75.02773,2.89751],[-75.0331,2.89053],[-75.03428,2.88579],[-75.02985,2.88226],[-75.02733,2.8768],[-75.03987,2.87959],[-75.04929,2.868],[-75.05235,2.87042],[-75.05806,2.86799],[-75.05495,2.86538],[-75.05507,2.85725],[-75.05939,2.85787],[-75.06094,2.85568],[-75.06292,2.85738],[-75.06443,2.85345],[-75.06919,2.85467],[-75.07171,2.86226],[-75.08302,2.86145],[-75.09336,2.85126],[-75.09606,2.84412],[-75.09988,2.84147],[-75.1027,2.84271],[-75.10095,2.84278],[-75.10092,2.84596],[-75.10567,2.8463],[-75.10632,2.84886],[-75.10933,2.84938],[-75.11105,2.85229],[-75.11518,2.84838],[-75.11145,2.83789],[-75.11358,2.83061],[-75.11184,2.82221],[-75.12353,2.82048],[-75.12618,2.81509],[-75.13453,2.81107],[-75.14899,2.81123],[-75.15323,2.81366],[-75.16104,2.80975],[-75.15953,2.80552],[-75.16065,2.80045],[-75.1706,2.79587],[-75.17126,2.78858],[-75.17093,2.7865],[-75.16444,2.78262],[-75.1648,2.77974],[-75.15975,2.77681],[-75.15813,2.77241],[-75.16264,2.76796],[-75.1678,2.76617],[-75.1594,2.75858],[-75.16205,2.7502],[-75.16053,2.74823],[-75.16178,2.74395],[-75.16058,2.73805],[-75.17089,2.73664],[-75.17202,2.72608],[-75.16885,2.72537],[-75.16797,2.72212],[-75.17529,2.72094],[-75.18176,2.71725],[-75.1879,2.71707],[-75.19139,2.71049],[-75.19393,2.70958],[-75.19803,2.70943],[-75.19951,2.71194],[-75.20699,2.71006],[-75.21368,2.71182],[-75.22003,2.70336],[-75.23009,2.70285],[-75.23329,2.69937],[-75.23248,2.69825],[-75.23748,2.6963],[-75.2377,2.69418],[-75.24125,2.69218],[-75.24027,2.68942],[-75.23182,2.68378],[-75.22072,2.68606],[-75.21801,2.68238],[-75.215,2.68495],[-75.21339,2.68226],[-75.20395,2.68525],[-75.20262,2.68361],[-75.19961,2.68578],[-75.19431,2.68154],[-75.19379,2.67956],[-75.20029,2.67389],[-75.20463,2.67377],[-75.20956,2.67768],[-75.20853,2.67408],[-75.21043,2.66837],[-75.20834,2.6649],[-75.22065,2.66056],[-75.21528,2.6596],[-75.21623,2.65541],[-75.21404,2.65474],[-75.21365,2.65103],[-75.207,2.65099],[-75.20347,2.65439],[-75.1986,2.65473],[-75.19414,2.66177],[-75.19012,2.66287],[-75.18963,2.66557],[-75.18591,2.66647],[-75.18452,2.66929],[-75.18006,2.67067],[-75.17904,2.66854],[-75.17704,2.67313],[-75.17211,2.67526],[-75.16699,2.67404],[-75.16408,2.6764],[-75.15492,2.67791],[-75.15573,2.68108],[-75.14945,2.68579],[-75.14338,2.68543],[-75.13703,2.68236],[-75.13317,2.69363],[-75.14328,2.69917],[-75.1489,2.70018],[-75.15435,2.70475],[-75.14598,2.7231],[-75.14013,2.72604],[-75.12211,2.72952],[-75.11404,2.72482],[-75.10773,2.73186],[-75.09628,2.73757],[-75.08786,2.73033],[-75.07472,2.74546],[-75.07225,2.74604],[-75.07034,2.74215],[-75.05504,2.76443],[-75.04235,2.77701],[-75.04111,2.78308],[-75.03587,2.78837],[-75.02649,2.79315],[-75.02552,2.79978],[-75.0211,2.80364],[-75.02248,2.80957],[-75.02028,2.81496],[-75.01434,2.8242],[-75.00951,2.82724],[-75.00551,2.83469],[-75.00082,2.83772],[-74.98896,2.858],[-74.98468,2.86104],[-74.97543,2.86283],[-74.97129,2.87015],[-74.96416,2.87304],[-74.9626,2.87801],[-74.95831,2.88062],[-74.95574,2.88004],[-74.95469,2.886],[-74.94728,2.89292],[-74.93728,2.90765],[-74.92915,2.91198],[-74.92625,2.91863],[-74.9169,2.92502],[-74.9102,2.93318],[-74.90924,2.93902],[-74.90453,2.9451],[-74.90257,2.95155],[-74.90517,2.95666],[-74.90416,2.96038],[-74.89366,2.96738],[-74.88662,2.96498],[-74.8891,2.97079],[-74.88913,2.97703],[-74.891,2.97753],[-74.89247,2.97483],[-74.89352,2.97859],[-74.89078,2.98163],[-74.89068,2.98515],[-74.89442,2.9859],[-74.89047,2.98889],[-74.89222,2.98976],[-74.89273,2.9936],[-74.89623,2.99506],[-74.89691,2.99548]]]},"properties":{"ap_nombre":"Siberia Ceibas","ap_categoria":"Parques Naturales Regionales","organizacion":"Corporación Autónoma Regional del Alto Magdalena","area_ha_total_geografica":27105.85927574}},{"type":"Feature","geometry":{"type":"Polygon","coordinates":[[[-75.00699,3.28042],[-75.01204,3.28733],[-75.02151,3.28883],[-75.03231,3.28768],[-75.04632,3.28162],[-75.05238,3.28318],[-75.0519,3.2791],[-75.05362,3.28125],[-75.05617,3.27345],[-75.05784,3.28095],[-75.06019,3.2815],[-75.06617,3.27653],[-75.07251,3.27729],[-75.06798,3.29405],[-75.06914,3.2959],[-75.07216,3.29531],[-75.07518,3.3016],[-75.08004,3.29834],[-75.08893,3.30518],[-75.0885,3.32276],[-75.09478,3.33069],[-75.09597,3.3391],[-75.0985,3.34132],[-75.09691,3.34539],[-75.10151,3.34407],[-75.10508,3.34949],[-75.11472,3.34764],[-75.11589,3.35115],[-75.11842,3.35213],[-75.12059,3.34626],[-75.12305,3.34811],[-75.12277,3.3522],[-75.13448,3.35135],[-75.13969,3.35437],[-75.14041,3.35002],[-75.14505,3.35009],[-75.15,3.34665],[-75.15371,3.34662],[-75.15967,3.34201],[-75.162,3.34302],[-75.16374,3.34145],[-75.1653,3.3442],[-75.16905,3.3441],[-75.17233,3.33804],[-75.17264,3.33295],[-75.1759,3.32891],[-75.1755,3.32295],[-75.18529,3.30832],[-75.18644,3.29681],[-75.19266,3.29701],[-75.19912,3.30217],[-75.20454,3.30055],[-75.21002,3.30667],[-75.21588,3.30847],[-75.21833,3.31133],[-75.22073,3.31041],[-75.22144,3.31227],[-75.21724,3.31707],[-75.2202,3.32092],[-75.22521,3.3175],[-75.2384,3.31363],[-75.24034,3.3095],[-75.23809,3.29285],[-75.23215,3.27951],[-75.23408,3.2729],[-75.22722,3.26576],[-75.22783,3.25937],[-75.22549,3.25303],[-75.21917,3.24794],[-75.21826,3.24511],[-75.21732,3.24687],[-75.21256,3.24406],[-75.21338,3.24063],[-75.20721,3.2447],[-75.20208,3.23921],[-75.20477,3.236],[-75.20246,3.23434],[-75.20342,3.23223],[-75.2076,3.23315],[-75.20552,3.23156],[-75.20626,3.2294],[-75.20357,3.22831],[-75.20212,3.23003],[-75.19778,3.2266],[-75.19879,3.22348],[-75.19361,3.22142],[-75.19399,3.21703],[-75.19167,3.21539],[-75.19691,3.20873],[-75.19711,3.20087],[-75.19016,3.19608],[-75.18636,3.18424],[-75.18765,3.18346],[-75.18349,3.17813],[-75.18046,3.17732],[-75.18113,3.17155],[-75.17594,3.15752],[-75.17804,3.15109],[-75.1655,3.14042],[-75.16133,3.1403],[-75.15798,3.14348],[-75.15573,3.14318],[-75.15468,3.14729],[-75.15118,3.15064],[-75.14457,3.14832],[-75.1447,3.14395],[-75.13859,3.14922],[-75.13465,3.14474],[-75.13134,3.14641],[-75.12726,3.14309],[-75.12691,3.14486],[-75.12534,3.14325],[-75.12643,3.14169],[-75.12342,3.14695],[-75.12129,3.1474],[-75.12336,3.14783],[-75.12345,3.15011],[-75.12062,3.15092],[-75.11863,3.15984],[-75.11628,3.1596],[-75.11589,3.16247],[-75.11442,3.16132],[-75.11053,3.16335],[-75.10768,3.1615],[-75.10729,3.1631],[-75.09995,3.15658],[-75.09257,3.15924],[-75.09341,3.16081],[-75.09165,3.16095],[-75.09145,3.16301],[-75.08468,3.1629],[-75.08133,3.16527],[-75.07911,3.16376],[-75.07749,3.16546],[-75.07352,3.16363],[-75.06823,3.1631],[-75.0687,3.16429],[-75.06502,3.16473],[-75.05894,3.16303],[-75.04337,3.16811],[-75.03984,3.19653],[-75.04332,3.21195],[-75.04697,3.21705],[-75.04559,3.23157],[-75.03103,3.24614],[-75.0238,3.26314],[-75.02115,3.26468],[-75.01702,3.27237],[-75.00695,3.28034],[-75.00699,3.28042]]]},"properties":{"ap_nombre":"La Tatacoa","ap_categoria":"Distritos Regionales de Manejo Integrado","organizacion":"Corporación Autónoma Regional del Alto Magdalena","area_ha_total_geografica":35128.02323022}},{"type":"Feature","geometry":{"type":"Polygon","coordinates":[[[-76.35835,2.05791],[-76.3645,2.06104],[-76.55529,1.94596],[-76.51524,1.9161],[-76.52109,1.90801],[-76.51953,1.90431],[-76.52715,1.89407],[-76.53486,1.88913],[-76.54285,1.88673],[-76.54441,1.88339],[-76.5594,1.87228],[-76.58071,1.86458],[-76.58854,1.86616],[-76.56927,1.8558],[-76.56868,1.84973],[-76.55954,1.84394],[-76.55676,1.83879],[-76.55306,1.83842],[-76.54799,1.84085],[-76.54424,1.83915],[-76.53334,1.82907],[-76.53045,1.82354],[-76.52138,1.82493],[-76.52231,1.82818],[-76.51635,1.83246],[-76.51128,1.8335],[-76.50618,1.8285],[-76.50211,1.82956],[-76.49658,1.82526],[-76.48878,1.82581],[-76.47477,1.81636],[-76.46901,1.81509],[-76.45243,1.80305],[-76.44907,1.79755],[-76.43514,1.79181],[-76.42094,1.75615],[-76.42362,1.74665],[-76.42966,1.74297],[-76.43033,1.73985],[-76.42704,1.73371],[-76.42668,1.72697],[-76.41846,1.7171],[-76.41437,1.71728],[-76.40706,1.73058],[-76.38263,1.74676],[-76.37192,1.74253],[-76.37349,1.73449],[-76.36978,1.73253],[-76.37502,1.71715],[-76.37381,1.70721],[-76.37759,1.69943],[-76.37546,1.69496],[-76.3754,1.68423],[-76.3796,1.68086],[-76.37827,1.67571],[-76.38229,1.66915],[-76.37669,1.66394],[-76.37078,1.66437],[-76.36852,1.66866],[-76.36347,1.66994],[-76.35403,1.66663],[-76.34834,1.66181],[-76.34136,1.66472],[-76.3256,1.66309],[-76.31723,1.68372],[-76.30498,1.69002],[-76.28719,1.68536],[-76.28336,1.67769],[-76.27234,1.6745],[-76.26442,1.67714],[-76.25323,1.67405],[-76.24628,1.68192],[-76.24234,1.68312],[-76.24143,1.67834],[-76.23498,1.6683],[-76.23191,1.66609],[-76.22695,1.66611],[-76.22789,1.66174],[-76.22517,1.65504],[-76.21156,1.64072],[-76.21177,1.63797],[-76.21499,1.63556],[-76.20857,1.62584],[-76.20845,1.61237],[-76.20423,1.61405],[-76.20111,1.62203],[-76.19563,1.62781],[-76.19391,1.62657],[-76.18666,1.62846],[-76.18391,1.6264],[-76.17678,1.63146],[-76.17219,1.63182],[-76.16792,1.62776],[-76.16516,1.62751],[-76.16275,1.62214],[-76.16011,1.62636],[-76.14688,1.62688],[-76.13942,1.62999],[-76.13442,1.62969],[-76.13359,1.62749],[-76.13057,1.62928],[-76.12991,1.6277],[-76.12079,1.62861],[-76.11916,1.63083],[-76.10697,1.63583],[-76.1046,1.6401],[-76.09801,1.64149],[-76.09906,1.63803],[-76.09468,1.63349],[-76.09649,1.62979],[-76.09466,1.62614],[-76.08656,1.62032],[-76.08656,1.60801],[-76.08742,1.61032],[-76.0895,1.61013],[-76.09231,1.6066],[-76.07946,1.59094],[-76.07119,1.58693],[-76.06896,1.59018],[-76.06518,1.59079],[-76.06279,1.58268],[-76.05552,1.58034],[-76.04635,1.58434],[-76.04211,1.58211],[-76.03398,1.58318],[-76.02728,1.58875],[-76.02821,1.59317],[-76.01506,1.63106],[-76.01361,1.64216],[-76.0173,1.64396],[-76.02573,1.64072],[-76.02839,1.64244],[-76.02786,1.65102],[-76.03107,1.65736],[-76.03487,1.65766],[-76.03441,1.6538],[-76.03721,1.64675],[-76.04167,1.64571],[-76.04119,1.65119],[-76.04475,1.65972],[-76.04178,1.66656],[-76.04424,1.67038],[-76.03747,1.67486],[-76.04167,1.6765],[-76.0441,1.68047],[-76.04695,1.68071],[-76.05031,1.67727],[-76.05514,1.67825],[-76.06102,1.69107],[-76.06245,1.69215],[-76.06385,1.69024],[-76.06762,1.68083],[-76.06425,1.67695],[-76.06732,1.67418],[-76.067,1.67156],[-76.06982,1.66999],[-76.06972,1.66521],[-76.06788,1.66212],[-76.06189,1.65894],[-76.06278,1.65673],[-76.06093,1.65256],[-76.05427,1.65274],[-76.05626,1.64839],[-76.05959,1.64927],[-76.06199,1.64497],[-76.06706,1.64568],[-76.07273,1.64066],[-76.07412,1.64278],[-76.08218,1.64281],[-76.09318,1.65086],[-76.10131,1.65041],[-76.10556,1.64568],[-76.10734,1.64602],[-76.11618,1.65279],[-76.11834,1.65176],[-76.12261,1.65758],[-76.13073,1.65492],[-76.12993,1.65074],[-76.13306,1.64841],[-76.13655,1.65039],[-76.13752,1.65503],[-76.1407,1.65547],[-76.14442,1.6554],[-76.14422,1.65306],[-76.14643,1.6515],[-76.14941,1.6545],[-76.16163,1.6523],[-76.17187,1.65692],[-76.1756,1.6538],[-76.17896,1.65732],[-76.18375,1.65667],[-76.18435,1.65408],[-76.1876,1.65224],[-76.19592,1.65357],[-76.1942,1.65992],[-76.19533,1.66561],[-76.19293,1.66796],[-76.19565,1.67347],[-76.20757,1.66861],[-76.21601,1.6799],[-76.21931,1.68151],[-76.2217,1.68023],[-76.22415,1.68248],[-76.22434,1.68759],[-76.22651,1.69022],[-76.22226,1.6998],[-76.22518,1.70454],[-76.22313,1.70844],[-76.22125,1.70963],[-76.2189,1.70768],[-76.21299,1.71522],[-76.21264,1.72075],[-76.2149,1.72264],[-76.21346,1.72732],[-76.21915,1.72588],[-76.22411,1.72867],[-76.23428,1.72479],[-76.2346,1.7209],[-76.23872,1.71786],[-76.23987,1.71421],[-76.24581,1.7157],[-76.24732,1.71032],[-76.25409,1.70627],[-76.25516,1.70203],[-76.25901,1.70827],[-76.26477,1.70702],[-76.26478,1.72138],[-76.25954,1.7268],[-76.26074,1.73019],[-76.257,1.73673],[-76.26665,1.75078],[-76.26664,1.75502],[-76.2697,1.75735],[-76.26837,1.75897],[-76.26992,1.76013],[-76.26983,1.76776],[-76.27603,1.76871],[-76.27651,1.77142],[-76.28106,1.77508],[-76.27663,1.78141],[-76.28839,1.79048],[-76.29286,1.78986],[-76.29559,1.78558],[-76.29638,1.77975],[-76.30061,1.77321],[-76.29784,1.7703],[-76.29917,1.76527],[-76.30672,1.7635],[-76.31485,1.75841],[-76.32361,1.74713],[-76.33606,1.74574],[-76.3372,1.73955],[-76.34155,1.73933],[-76.3425,1.74274],[-76.34704,1.74501],[-76.34364,1.75329],[-76.34783,1.75911],[-76.35015,1.75946],[-76.34624,1.76903],[-76.34278,1.76893],[-76.34429,1.77056],[-76.34182,1.77668],[-76.34425,1.77919],[-76.34158,1.78352],[-76.34253,1.78701],[-76.34031,1.78732],[-76.33819,1.78474],[-76.33429,1.78935],[-76.3413,1.79716],[-76.33617,1.80188],[-76.33658,1.8064],[-76.33278,1.81429],[-76.34018,1.81552],[-76.33852,1.82115],[-76.34229,1.82431],[-76.33791,1.82672],[-76.33251,1.82676],[-76.32823,1.83089],[-76.33401,1.8327],[-76.33498,1.83655],[-76.33758,1.83808],[-76.34966,1.8308],[-76.35298,1.82641],[-76.35082,1.82453],[-76.35122,1.81825],[-76.35681,1.82175],[-76.35918,1.81505],[-76.36157,1.81519],[-76.3711,1.82034],[-76.37257,1.81554],[-76.3711,1.81343],[-76.37335,1.81255],[-76.37515,1.81442],[-76.37812,1.81104],[-76.37828,1.80768],[-76.3816,1.80878],[-76.38378,1.80462],[-76.39047,1.80898],[-76.39451,1.80884],[-76.39539,1.81035],[-76.39018,1.81593],[-76.39109,1.81726],[-76.38891,1.81718],[-76.38795,1.81926],[-76.39115,1.8216],[-76.38921,1.82408],[-76.3924,1.82794],[-76.39493,1.82958],[-76.39614,1.82839],[-76.40245,1.83329],[-76.39913,1.8344],[-76.39893,1.83858],[-76.38896,1.84728],[-76.39561,1.8493],[-76.39567,1.85128],[-76.39756,1.85139],[-76.39666,1.85406],[-76.40084,1.85177],[-76.41075,1.86226],[-76.41323,1.85997],[-76.41497,1.86127],[-76.41955,1.85927],[-76.4239,1.8628],[-76.42425,1.86761],[-76.42895,1.87041],[-76.42658,1.87594],[-76.43074,1.87872],[-76.42848,1.88454],[-76.42595,1.88486],[-76.42438,1.88783],[-76.42602,1.89256],[-76.42951,1.88917],[-76.43195,1.88964],[-76.43109,1.89468],[-76.43506,1.89488],[-76.43577,1.8996],[-76.44025,1.8885],[-76.45441,1.87749],[-76.46866,1.8779],[-76.46483,1.88261],[-76.4648,1.88805],[-76.45693,1.89376],[-76.45321,1.90793],[-76.45639,1.90814],[-76.45774,1.91507],[-76.45207,1.91478],[-76.45073,1.91902],[-76.45295,1.9213],[-76.44886,1.9319],[-76.45109,1.934],[-76.4506,1.94014],[-76.4547,1.9483],[-76.45388,1.95097],[-76.45662,1.95054],[-76.46065,1.95433],[-76.46068,1.95658],[-76.45736,1.95855],[-76.45884,1.9603],[-76.45517,1.96162],[-76.45739,1.9658],[-76.44808,1.96507],[-76.44249,1.95821],[-76.43927,1.95805],[-76.43825,1.95617],[-76.43008,1.96372],[-76.42755,1.95629],[-76.42336,1.95565],[-76.42097,1.9515],[-76.41302,1.95218],[-76.40629,1.94818],[-76.40672,1.95222],[-76.41142,1.958],[-76.40932,1.96178],[-76.41176,1.96793],[-76.40516,1.96924],[-76.39957,1.96615],[-76.3989,1.96351],[-76.40069,1.96125],[-76.39856,1.94988],[-76.39577,1.95678],[-76.39127,1.96185],[-76.38336,1.95971],[-76.38484,1.96257],[-76.38342,1.96515],[-76.38572,1.9689],[-76.38467,1.97136],[-76.37836,1.97222],[-76.37854,1.97435],[-76.37423,1.97543],[-76.36305,1.99058],[-76.36673,1.9959],[-76.36782,2.00137],[-76.36376,2.01041],[-76.36585,2.01763],[-76.36518,2.02318],[-76.36805,2.02849],[-76.36776,2.03432],[-76.36513,2.03942],[-76.36588,2.04295],[-76.35631,2.04613],[-76.35393,2.04999],[-76.34811,2.05],[-76.35741,2.05464],[-76.36038,2.05283],[-76.35955,2.05631],[-76.356,2.05617],[-76.35835,2.05791]]]},"properties":{"ap_nombre":"Corredor Biológico Guácharos Puracé","ap_categoria":"Parques Naturales Regionales","organizacion":"Corporación Autónoma Regional del Alto Magdalena","area_ha_total_geografica":62685.44985246}},{"type":"Feature","geometry":{"type":"Polygon","coordinates":[[[-75.35203,2.43881],[-75.35548,2.43685],[-75.34981,2.42333],[-75.35349,2.42423],[-75.35546,2.42765],[-75.36045,2.42839],[-75.36028,2.43099],[-75.36275,2.43109],[-75.36424,2.43393],[-75.36757,2.43377],[-75.3733,2.42512],[-75.36815,2.41955],[-75.37476,2.41684],[-75.37943,2.41903],[-75.38281,2.41769],[-75.38865,2.41899],[-75.38994,2.41722],[-75.39057,2.41534],[-75.38594,2.41479],[-75.38809,2.41285],[-75.38381,2.40726],[-75.38102,2.40936],[-75.3781,2.40583],[-75.3748,2.40795],[-75.36514,2.40148],[-75.36938,2.40069],[-75.36974,2.39825],[-75.37537,2.39573],[-75.37458,2.3925],[-75.37088,2.39],[-75.37247,2.38791],[-75.37532,2.38861],[-75.37711,2.38412],[-75.37528,2.38105],[-75.37917,2.38356],[-75.37845,2.38942],[-75.38117,2.38687],[-75.38997,2.38765],[-75.39084,2.38421],[-75.39475,2.38155],[-75.39689,2.37388],[-75.40207,2.37663],[-75.39856,2.37909],[-75.41029,2.39233],[-75.4137,2.38052],[-75.41609,2.38032],[-75.41648,2.3784],[-75.41902,2.3778],[-75.42119,2.38717],[-75.42391,2.38795],[-75.42456,2.37662],[-75.42595,2.38056],[-75.42877,2.38156],[-75.4267,2.38361],[-75.42764,2.38529],[-75.43004,2.38351],[-75.42989,2.38126],[-75.43435,2.38104],[-75.44022,2.37465],[-75.44099,2.37078],[-75.43587,2.36761],[-75.4402,2.36453],[-75.44185,2.36038],[-75.4397,2.36063],[-75.43758,2.35694],[-75.44365,2.35347],[-75.43995,2.35142],[-75.44126,2.35002],[-75.43947,2.34529],[-75.43602,2.34529],[-75.43718,2.33999],[-75.44096,2.34053],[-75.44429,2.34368],[-75.44793,2.34221],[-75.44733,2.33737],[-75.45376,2.33942],[-75.45195,2.33375],[-75.45426,2.33422],[-75.45587,2.3277],[-75.46024,2.32826],[-75.46076,2.3242],[-75.46491,2.321],[-75.4581,2.31824],[-75.45921,2.31485],[-75.46229,2.31613],[-75.46815,2.31291],[-75.46677,2.31062],[-75.4639,2.31068],[-75.46374,2.30789],[-75.46588,2.30761],[-75.4656,2.30176],[-75.46338,2.30037],[-75.46033,2.30148],[-75.45977,2.29861],[-75.46837,2.29839],[-75.47112,2.30205],[-75.47426,2.30119],[-75.47451,2.29812],[-75.47225,2.29784],[-75.47323,2.29546],[-75.47114,2.29506],[-75.47258,2.28836],[-75.4739,2.28513],[-75.47501,2.28896],[-75.47612,2.28696],[-75.47896,2.28696],[-75.47792,2.2825],[-75.47965,2.2811],[-75.47744,2.27832],[-75.48193,2.2758],[-75.48059,2.27334],[-75.48179,2.2705],[-75.47914,2.26829],[-75.47666,2.26713],[-75.47511,2.27062],[-75.47328,2.27084],[-75.47198,2.26406],[-75.46279,2.26402],[-75.45946,2.2598],[-75.46334,2.26137],[-75.46695,2.25945],[-75.46431,2.25602],[-75.46532,2.251],[-75.46943,2.25105],[-75.47585,2.24601],[-75.47413,2.24011],[-75.47774,2.23916],[-75.47746,2.23683],[-75.48065,2.23941],[-75.48568,2.23972],[-75.48841,2.23285],[-75.49132,2.23535],[-75.49213,2.23033],[-75.48918,2.22457],[-75.49067,2.22188],[-75.49426,2.22168],[-75.49253,2.21571],[-75.48729,2.21514],[-75.48899,2.21128],[-75.49305,2.21081],[-75.49182,2.20716],[-75.49829,2.20851],[-75.50357,2.20503],[-75.49957,2.20359],[-75.49984,2.19881],[-75.49759,2.19749],[-75.49351,2.2016],[-75.49383,2.19988],[-75.48921,2.19756],[-75.49077,2.19436],[-75.48631,2.18956],[-75.49028,2.18468],[-75.49987,2.1838],[-75.49996,2.17827],[-75.50374,2.17377],[-75.50679,2.17538],[-75.50516,2.17733],[-75.50603,2.1804],[-75.51151,2.18416],[-75.51428,2.17983],[-75.51844,2.18171],[-75.52093,2.17927],[-75.52287,2.18092],[-75.52952,2.17446],[-75.52841,2.17252],[-75.53548,2.17061],[-75.53672,2.16726],[-75.53108,2.16559],[-75.53253,2.15752],[-75.52241,2.15576],[-75.53079,2.15192],[-75.52932,2.14496],[-75.5309,2.14468],[-75.5307,2.14133],[-75.53304,2.13854],[-75.53467,2.13928],[-75.5342,2.13519],[-75.53808,2.13714],[-75.53918,2.13288],[-75.5414,2.13593],[-75.54362,2.13448],[-75.54456,2.13703],[-75.54258,2.13797],[-75.54501,2.14318],[-75.54631,2.13992],[-75.5497,2.13796],[-75.54885,2.13601],[-75.55096,2.13168],[-75.55387,2.13182],[-75.5547,2.12767],[-75.5576,2.1285],[-75.5584,2.12513],[-75.56412,2.12428],[-75.56653,2.11973],[-75.56994,2.1201],[-75.56682,2.11598],[-75.56412,2.11973],[-75.55931,2.12048],[-75.5607,2.11313],[-75.5563,2.11146],[-75.55857,2.10979],[-75.55669,2.10835],[-75.56002,2.10908],[-75.56132,2.10158],[-75.57065,2.10072],[-75.56558,2.08817],[-75.55777,2.08678],[-75.55264,2.08206],[-75.54479,2.08485],[-75.54109,2.08939],[-75.54065,2.10392],[-75.5358,2.10892],[-75.53523,2.11706],[-75.52692,2.12276],[-75.50104,2.12325],[-75.49399,2.12721],[-75.48753,2.13465],[-75.47632,2.13548],[-75.46812,2.14165],[-75.46119,2.14421],[-75.44513,2.14422],[-75.44317,2.14562],[-75.43776,2.16492],[-75.42783,2.17899],[-75.42588,2.18992],[-75.4275,2.19736],[-75.43363,2.19886],[-75.43861,2.20781],[-75.43966,2.22071],[-75.43343,2.23246],[-75.41853,2.2384],[-75.41045,2.24515],[-75.41334,2.25003],[-75.40803,2.25968],[-75.40769,2.26526],[-75.39598,2.28832],[-75.39052,2.29333],[-75.39413,2.30036],[-75.39365,2.30489],[-75.38536,2.3155],[-75.37651,2.32166],[-75.3685,2.32428],[-75.35726,2.31989],[-75.34518,2.32653],[-75.33324,2.35953],[-75.32962,2.36531],[-75.32654,2.36539],[-75.31546,2.35892],[-75.31015,2.36161],[-75.30387,2.37123],[-75.3011,2.3795],[-75.29614,2.38071],[-75.29267,2.38402],[-75.28628,2.39641],[-75.28774,2.40465],[-75.30436,2.41407],[-75.31364,2.42211],[-75.3164,2.41987],[-75.31293,2.418],[-75.31135,2.41346],[-75.31299,2.41125],[-75.31696,2.41238],[-75.32712,2.42014],[-75.32658,2.42315],[-75.32874,2.42681],[-75.33204,2.4254],[-75.33379,2.42854],[-75.33935,2.42794],[-75.33993,2.43426],[-75.34495,2.43451],[-75.35179,2.43879],[-75.35203,2.43881]]]},"properties":{"ap_nombre":"Cerro Páramo de Miraflores Rigoberto Urriago","ap_categoria":"Parques Naturales Regionales","organizacion":"Corporación Autónoma Regional del Alto Magdalena","area_ha_total_geografica":31629.75133664}},{"type":"Feature","geometry":{"type":"Polygon","coordinates":[[[-76.20613,2.01768],[-76.20809,2.01942],[-76.20967,2.01748],[-76.20374,2.01232],[-76.20292,2.01489],[-76.20606,2.01766],[-76.20613,2.01768]]]},"properties":{"ap_nombre":"La  Muralla","ap_categoria":"Reserva Natural de la Sociedad Civil","organizacion":"Parques Nacionales Naturales de Colombia","area_ha_total_geografica":24.31885757}},{"type":"Feature","geometry":{"type":"Polygon","coordinates":[[[-75.1426,2.91144],[-75.14491,2.90678],[-75.1406,2.90626],[-75.14253,2.91142],[-75.1426,2.91144]]]},"properties":{"ap_nombre":"Monte Heliconia","ap_categoria":"Reserva Natural de la Sociedad Civil","organizacion":"Parques Nacionales Naturales de Colombia","area_ha_total_geografica":16.68011466}},{"type":"Feature","geometry":{"type":"Polygon","coordinates":[[[-75.10971,2.91485],[-75.10546,2.91478],[-75.10493,2.91692],[-75.10826,2.917],[-75.10969,2.91488],[-75.10971,2.91485]]]},"properties":{"ap_nombre":"Veraguas","ap_categoria":"Reserva Natural de la Sociedad Civil","organizacion":"Parques Nacionales Naturales de Colombia","area_ha_total_geografica":9.96348298}},{"type":"Feature","geometry":{"type":"Polygon","coordinates":[[[-75.12751,2.85607],[-75.12456,2.85458],[-75.12737,2.85616],[-75.12751,2.85607]]]},"properties":{"ap_nombre":"El Vergel","ap_categoria":"Reserva Natural de la Sociedad Civil","organizacion":"Parques Nacionales Naturales de Colombia","area_ha_total_geografica":3.12690478}},{"type":"Feature","geometry":{"type":"Polygon","coordinates":[[[-75.20644,2.93549],[-75.20434,2.93603],[-75.20613,2.94081],[-75.20904,2.93885],[-75.20678,2.93832],[-75.20639,2.93551],[-75.20644,2.93549]]]},"properties":{"ap_nombre":"Terrazas de Loma Escondida","ap_categoria":"Reserva Natural de la Sociedad Civil","organizacion":"Parques Nacionales Naturales de Colombia","area_ha_total_geografica":14.06529447}},{"type":"Feature","geometry":{"type":"Polygon","coordinates":[[[-76.13432,2.17665],[-76.14096,2.18027],[-76.14204,2.17485],[-76.13153,2.17693],[-76.13428,2.17664],[-76.13432,2.17665]]]},"properties":{"ap_nombre":"Yarumal","ap_categoria":"Reserva Natural de la Sociedad Civil","organizacion":"Parques Nacionales Naturales de Colombia","area_ha_total_geografica":31.60093894}},{"type":"Feature","geometry":{"type":"Polygon","coordinates":[[[-76.13129,2.16458],[-76.13938,2.16243],[-76.13735,2.15944],[-76.13125,2.15846],[-76.13124,2.16394],[-76.13129,2.16458]]]},"properties":{"ap_nombre":"Providencia","ap_categoria":"Reserva Natural de la Sociedad Civil","organizacion":"Parques Nacionales Naturales de Colombia","area_ha_total_geografica":42.84224355}},{"type":"Feature","geometry":{"type":"Polygon","coordinates":[[[-75.09701,2.90662],[-75.1068,2.90555],[-75.10458,2.90102],[-75.09614,2.90378],[-75.09704,2.90648],[-75.09701,2.90662]]]},"properties":{"ap_nombre":"Cerro Gordo","ap_categoria":"Reserva Natural de la Sociedad Civil","organizacion":"Parques Nacionales Naturales de Colombia","area_ha_total_geografica":48.98450104}},{"type":"Feature","geometry":{"type":"Polygon","coordinates":[[[-75.09878,2.88826],[-75.0972,2.88951],[-75.09899,2.89097],[-75.10085,2.88983],[-75.0989,2.88839],[-75.09878,2.88826]]]},"properties":{"ap_nombre":"La Esperanza","ap_categoria":"Reserva Natural de la Sociedad Civil","organizacion":"Parques Nacionales Naturales de Colombia","area_ha_total_geografica":5.47175945}},{"type":"Feature","geometry":{"type":"Polygon","coordinates":[[[-75.11244,2.87347],[-75.11144,2.87256],[-75.11236,2.87356],[-75.11244,2.87347]]]},"properties":{"ap_nombre":"El Viso","ap_categoria":"Reserva Natural de la Sociedad Civil","organizacion":"Parques Nacionales Naturales de Colombia","area_ha_total_geografica":1.13476732}},{"type":"Feature","geometry":{"type":"Polygon","coordinates":[[[-76.14658,2.16688],[-76.1479,2.1677],[-76.14835,2.1655],[-76.14349,2.16429],[-76.14643,2.16684],[-76.14658,2.16688]]]},"properties":{"ap_nombre":"La Chorrera","ap_categoria":"Reserva Natural de la Sociedad Civil","organizacion":"Parques Nacionales Naturales de Colombia","area_ha_total_geografica":11.1382006}},{"type":"Feature","geometry":{"type":"Polygon","coordinates":[[[-75.09922,2.87957],[-75.10061,2.88079],[-75.09846,2.88086],[-75.09791,2.88396],[-75.09949,2.88456],[-75.10133,2.88258],[-75.0994,2.87956],[-75.09922,2.87957]]]},"properties":{"ap_nombre":"Villa María Teresa","ap_categoria":"Reserva Natural de la Sociedad Civil","organizacion":"Parques Nacionales Naturales de Colombia","area_ha_total_geografica":12.78024418}},{"type":"Feature","geometry":{"type":"MultiPolygon","coordinates":[[[[-75.10613,2.896],[-75.10451,2.89354],[-75.10608,2.89595],[-75.10613,2.896]]],[[[-75.10513,2.896],[-75.10511,2.896],[-75.10509,2.89601],[-75.10508,2.89601],[-75.10505,2.89602],[-75.10501,2.89603],[-75.10499,2.89604],[-75.10496,2.89605],[-75.10493,2.89606],[-75.10489,2.89607],[-75.10486,2.89607],[-75.10484,2.89608],[-75.10481,2.89609],[-75.10479,2.8961],[-75.10475,2.8961],[-75.10473,2.89611],[-75.10471,2.89612],[-75.10469,2.89613],[-75.10466,2.89613],[-75.10465,2.89614],[-75.10462,2.89614],[-75.10458,2.89615],[-75.10456,2.89617],[-75.10453,2.89618],[-75.10451,2.89619],[-75.10448,2.89621],[-75.10445,2.89622],[-75.10443,2.89624],[-75.10442,2.89627],[-75.10441,2.89629],[-75.1044,2.8963],[-75.10439,2.89632],[-75.10438,2.89634],[-75.10437,2.89635],[-75.10436,2.89636],[-75.10435,2.89638],[-75.10433,2.8964],[-75.1043,2.89643],[-75.10429,2.89644],[-75.10427,2.89648],[-75.10425,2.89651],[-75.10425,2.89654],[-75.10423,2.8966],[-75.10423,2.89662],[-75.10422,2.89665],[-75.10421,2.89668],[-75.10422,2.89668],[-75.10422,2.89668],[-75.10427,2.89666],[-75.10456,2.89655],[-75.10461,2.89653],[-75.10533,2.89627],[-75.10533,2.89627],[-75.10535,2.89626],[-75.10534,2.89623],[-75.10534,2.8962],[-75.10533,2.89617],[-75.10531,2.89615],[-75.1053,2.89613],[-75.1053,2.89611],[-75.10529,2.89609],[-75.10528,2.89606],[-75.10527,2.89604],[-75.10524,2.89602],[-75.10522,2.89601],[-75.1052,2.896],[-75.10517,2.89599],[-75.10515,2.89599],[-75.10513,2.896]]],[[[-75.10383,2.89456],[-75.10378,2.89464],[-75.10351,2.89505],[-75.10341,2.8952],[-75.1034,2.89522],[-75.1034,2.89523],[-75.1034,2.89525],[-75.1034,2.89527],[-75.1034,2.89528],[-75.1034,2.89529],[-75.10341,2.8953],[-75.10342,2.89532],[-75.10344,2.89533],[-75.10346,2.89534],[-75.10348,2.89535],[-75.10349,2.89536],[-75.10351,2.89537],[-75.10352,2.89538],[-75.10353,2.89539],[-75.10354,2.8954],[-75.10355,2.8954],[-75.10357,2.89539],[-75.10358,2.89538],[-75.10361,2.89536],[-75.10362,2.89535],[-75.10364,2.89533],[-75.10366,2.89531],[-75.10367,2.89529],[-75.10369,2.89526],[-75.10371,2.89522],[-75.10373,2.89519],[-75.10374,2.89516],[-75.10377,2.89513],[-75.10379,2.89512],[-75.10383,2.89508],[-75.10388,2.89505],[-75.10393,2.895],[-75.10398,2.89494],[-75.10401,2.8949],[-75.10404,2.89488],[-75.10406,2.89485],[-75.10408,2.89482],[-75.1041,2.89476],[-75.1041,2.89473],[-75.1041,2.8947],[-75.10409,2.89467],[-75.10407,2.89463],[-75.10404,2.8946],[-75.104,2.89458],[-75.10396,2.89455],[-75.10392,2.89452],[-75.10388,2.89448],[-75.10383,2.89456]]],[[[-75.10376,2.89617],[-75.10373,2.89619],[-75.10368,2.89623],[-75.10364,2.89626],[-75.10361,2.89628],[-75.10358,2.8963],[-75.10355,2.89631],[-75.10353,2.89633],[-75.10349,2.89636],[-75.10346,2.89638],[-75.10344,2.8964],[-75.10342,2.89641],[-75.10341,2.89643],[-75.10339,2.89644],[-75.10338,2.89645],[-75.10337,2.89648],[-75.10336,2.89649],[-75.10336,2.8965],[-75.10335,2.89652],[-75.10335,2.89654],[-75.10334,2.89655],[-75.10334,2.89656],[-75.10333,2.89658],[-75.10331,2.8966],[-75.10329,2.89662],[-75.10327,2.89664],[-75.10326,2.89666],[-75.10325,2.89667],[-75.10324,2.89668],[-75.10323,2.89669],[-75.10323,2.8967],[-75.10323,2.8967],[-75.10324,2.8967],[-75.10325,2.8967],[-75.10326,2.8967],[-75.10327,2.89669],[-75.10328,2.89668],[-75.10329,2.89668],[-75.10332,2.89667],[-75.10334,2.89667],[-75.10338,2.89666],[-75.10342,2.89665],[-75.10346,2.89664],[-75.1035,2.89663],[-75.10352,2.89662],[-75.10354,2.89661],[-75.10358,2.8966],[-75.1036,2.89659],[-75.10362,2.89657],[-75.10364,2.89656],[-75.10365,2.89654],[-75.10367,2.89652],[-75.10368,2.89649],[-75.10369,2.89648],[-75.10372,2.89646],[-75.10375,2.89642],[-75.10378,2.8964],[-75.10379,2.89639],[-75.10381,2.89637],[-75.10383,2.89634],[-75.10385,2.89631],[-75.10386,2.8963],[-75.10387,2.89628],[-75.10389,2.89627],[-75.10391,2.89625],[-75.10393,2.89624],[-75.10395,2.89623],[-75.10397,2.89621],[-75.10399,2.89619],[-75.10401,2.89618],[-75.10403,2.89617],[-75.10404,2.89617],[-75.10406,2.89617],[-75.10408,2.89618],[-75.1041,2.89618],[-75.10412,2.89618],[-75.10415,2.89617],[-75.10417,2.89617],[-75.10419,2.89617],[-75.10423,2.89617],[-75.10426,2.89617],[-75.10428,2.89616],[-75.1043,2.89616],[-75.10432,2.89616],[-75.10434,2.89616],[-75.10436,2.89615],[-75.10437,2.89614],[-75.10438,2.89613],[-75.10439,2.89612],[-75.1044,2.8961],[-75.10441,2.89608],[-75.10441,2.89606],[-75.10442,2.89605],[-75.10442,2.89602],[-75.10441,2.896],[-75.10441,2.89598],[-75.10439,2.89597],[-75.10438,2.89596],[-75.10436,2.89596],[-75.10434,2.89596],[-75.10431,2.89595],[-75.10429,2.89594],[-75.10428,2.89594],[-75.10426,2.89594],[-75.10425,2.89594],[-75.10422,2.89594],[-75.10421,2.89594],[-75.10419,2.89594],[-75.10416,2.89594],[-75.10414,2.89594],[-75.10412,2.89594],[-75.10411,2.89594],[-75.10409,2.89595],[-75.10408,2.89595],[-75.10406,2.89596],[-75.10404,2.89596],[-75.10403,2.89597],[-75.10401,2.89598],[-75.104,2.89599],[-75.10399,2.896],[-75.10399,2.89601],[-75.10398,2.89602],[-75.10397,2.89603],[-75.10396,2.89604],[-75.10394,2.89606],[-75.10392,2.89607],[-75.10391,2.89608],[-75.1039,2.89609],[-75.10389,2.89609],[-75.10388,2.89609],[-75.10386,2.8961],[-75.10385,2.89612],[-75.10383,2.89613],[-75.10381,2.89614],[-75.10378,2.89615],[-75.10377,2.89616],[-75.10376,2.89617]]]]},"properties":{"ap_nombre":"Las Camelias","ap_categoria":"Reserva Natural de la Sociedad Civil","organizacion":"Parques Nacionales Naturales de Colombia","area_ha_total_geografica":2.76232644}},{"type":"Feature","geometry":{"type":"Polygon","coordinates":[[[-75.09054,2.90684],[-75.09004,2.90981],[-75.09661,2.90817],[-75.09702,2.90649],[-75.09436,2.90613],[-75.09569,2.90311],[-75.09434,2.90045],[-75.09066,2.90623],[-75.09054,2.90684]]]},"properties":{"ap_nombre":"La Laguna","ap_categoria":"Reserva Natural de la Sociedad Civil","organizacion":"Parques Nacionales Naturales de Colombia","area_ha_total_geografica":47.92145264}},{"type":"Feature","geometry":{"type":"Polygon","coordinates":[[[-76.15384,2.13021],[-76.15425,2.13262],[-76.15864,2.129],[-76.1559,2.12729],[-76.15394,2.13015],[-76.15384,2.13021]]]},"properties":{"ap_nombre":"El Retiro","ap_categoria":"Reserva Natural de la Sociedad Civil","organizacion":"Parques Nacionales Naturales de Colombia","area_ha_total_geografica":12.35709266}},{"type":"Feature","geometry":{"type":"Polygon","coordinates":[[[-76.157,2.13581],[-76.15348,2.13662],[-76.1555,2.14159],[-76.15765,2.13579],[-76.157,2.13581]]]},"properties":{"ap_nombre":"La Palma","ap_categoria":"Reserva Natural de la Sociedad Civil","organizacion":"Parques Nacionales Naturales de Colombia","area_ha_total_geografica":15.147383}},{"type":"Feature","geometry":{"type":"Polygon","coordinates":[[[-76.26021,2.01941],[-76.26505,2.01709],[-76.2606,2.01633],[-76.26021,2.01941]]]},"properties":{"ap_nombre":"El Diviso","ap_categoria":"Reserva Natural de la Sociedad Civil","organizacion":"Parques Nacionales Naturales de Colombia","area_ha_total_geografica":14.75324007}},{"type":"Feature","geometry":{"type":"Polygon","coordinates":[[[-76.15644,2.13022],[-76.15389,2.13344],[-76.1614,2.13124],[-76.15864,2.129],[-76.15655,2.13017],[-76.15644,2.13022]]]},"properties":{"ap_nombre":"El Arrayán","ap_categoria":"Reserva Natural de la Sociedad Civil","organizacion":"Parques Nacionales Naturales de Colombia","area_ha_total_geografica":23.53755923}},{"type":"Feature","geometry":{"type":"Polygon","coordinates":[[[-76.15718,2.12662],[-76.16384,2.12493],[-76.16538,2.12146],[-76.1622,2.12075],[-76.15737,2.12306],[-76.1573,2.12541],[-76.15718,2.12662]]]},"properties":{"ap_nombre":"El Refugio","ap_categoria":"Reserva Natural de la Sociedad Civil","organizacion":"Parques Nacionales Naturales de Colombia","area_ha_total_geografica":40.27190352}},{"type":"Feature","geometry":{"type":"Polygon","coordinates":[[[-76.11787,1.72214],[-76.1197,1.72047],[-76.1163,1.71925],[-76.11779,1.7221],[-76.11787,1.72214]]]},"properties":{"ap_nombre":"El Encanto","ap_categoria":"Reserva Natural de la Sociedad Civil","organizacion":"Parques Nacionales Naturales de Colombia","area_ha_total_geografica":4.27638555}},{"type":"Feature","geometry":{"type":"MultiPolygon","coordinates":[[[[-76.26695,2.02092],[-76.26847,2.02014],[-76.26654,2.01856],[-76.26686,2.02092],[-76.26695,2.02092]]],[[[-76.26853,2.01942],[-76.26853,2.01942],[-76.26853,2.01942],[-76.26853,2.01942]]]]},"properties":{"ap_nombre":"Santa Martha","ap_categoria":"Reserva Natural de la Sociedad Civil","organizacion":"Parques Nacionales Naturales de Colombia","area_ha_total_geografica":5.50462032}},{"type":"Feature","geometry":{"type":"Polygon","coordinates":[[[-74.51853,3.836],[-74.52207,3.83715],[-74.52392,3.82403],[-74.52196,3.81666],[-74.52368,3.81144],[-74.52018,3.80858],[-74.52329,3.80506],[-74.52528,3.79707],[-74.5301,3.79177],[-74.52847,3.78878],[-74.53238,3.78563],[-74.53148,3.78228],[-74.53505,3.78261],[-74.53564,3.78121],[-74.5329,3.77774],[-74.53393,3.77363],[-74.52921,3.77168],[-74.53094,3.76973],[-74.529,3.76164],[-74.5317,3.76075],[-74.53642,3.75466],[-74.5383,3.75913],[-74.53996,3.75933],[-74.53971,3.75499],[-74.53759,3.75299],[-74.53947,3.74936],[-74.54394,3.74713],[-74.5429,3.74591],[-74.54086,3.74769],[-74.53808,3.7329],[-74.52995,3.73207],[-74.53159,3.72649],[-74.52571,3.72301],[-74.52307,3.71896],[-74.52839,3.72012],[-74.53418,3.71682],[-74.53388,3.72345],[-74.5414,3.72712],[-74.54374,3.72593],[-74.54335,3.72007],[-74.53934,3.71689],[-74.54371,3.7117],[-74.54093,3.70277],[-74.54521,3.69524],[-74.545,3.69133],[-74.54022,3.68938],[-74.54277,3.6852],[-74.53996,3.67931],[-74.5436,3.6759],[-74.54999,3.67885],[-74.55519,3.67515],[-74.55325,3.66728],[-74.55933,3.66622],[-74.56007,3.66092],[-74.56315,3.65869],[-74.56267,3.6561],[-74.56657,3.65422],[-74.56621,3.64739],[-74.56169,3.64474],[-74.56211,3.63992],[-74.56885,3.63641],[-74.57024,3.63882],[-74.57586,3.64055],[-74.58578,3.62938],[-74.58547,3.62687],[-74.5909,3.61962],[-74.58484,3.61571],[-74.5866,3.61264],[-74.58561,3.60746],[-74.59465,3.60364],[-74.59771,3.60799],[-74.60323,3.60507],[-74.59497,3.60204],[-74.59453,3.59869],[-74.59792,3.59283],[-74.59623,3.59032],[-74.59736,3.58468],[-74.60255,3.5871],[-74.61174,3.57748],[-74.6174,3.57566],[-74.62132,3.57605],[-74.62296,3.57828],[-74.62712,3.57496],[-74.62392,3.57217],[-74.62511,3.56269],[-74.62025,3.55962],[-74.61756,3.55432],[-74.61961,3.55544],[-74.62075,3.55125],[-74.62682,3.54564],[-74.62988,3.54529],[-74.63543,3.54952],[-74.6371,3.54881],[-74.64177,3.54064],[-74.63598,3.54212],[-74.63693,3.53953],[-74.63315,3.53841],[-74.6344,3.5359],[-74.63292,3.53276],[-74.62743,3.52831],[-74.62367,3.5281],[-74.62626,3.52525],[-74.62706,3.51915],[-74.6295,3.51741],[-74.62948,3.51387],[-74.62667,3.51247],[-74.63427,3.5024],[-74.63901,3.50304],[-74.64512,3.49982],[-74.64873,3.50521],[-74.65148,3.50378],[-74.65678,3.50492],[-74.65762,3.51273],[-74.66289,3.50715],[-74.66492,3.49636],[-74.66927,3.49348],[-74.66712,3.49034],[-74.67065,3.4865],[-74.66934,3.48372],[-74.67148,3.48204],[-74.67055,3.47618],[-74.66509,3.47783],[-74.66287,3.47758],[-74.66232,3.47527],[-74.65649,3.47858],[-74.65566,3.4764],[-74.65277,3.47591],[-74.66009,3.4614],[-74.6558,3.45483],[-74.65814,3.44802],[-74.65706,3.44439],[-74.65258,3.44097],[-74.64397,3.44002],[-74.6412,3.44207],[-74.63537,3.44133],[-74.63156,3.44405],[-74.62743,3.44219],[-74.63403,3.43357],[-74.6383,3.43171],[-74.6365,3.43017],[-74.63703,3.42483],[-74.64724,3.41566],[-74.6424,3.41326],[-74.64229,3.4046],[-74.63925,3.402],[-74.64231,3.39837],[-74.64028,3.39734],[-74.6409,3.39189],[-74.64526,3.39257],[-74.64253,3.38916],[-74.64811,3.39073],[-74.65046,3.3835],[-74.65438,3.38341],[-74.65248,3.38072],[-74.65477,3.38119],[-74.65734,3.37939],[-74.65673,3.37691],[-74.66697,3.37297],[-74.66753,3.36809],[-74.67114,3.36855],[-74.6766,3.36415],[-74.66529,3.3486],[-74.66113,3.35094],[-74.66166,3.35372],[-74.65828,3.35624],[-74.65086,3.35193],[-74.64932,3.35609],[-74.64529,3.35427],[-74.6419,3.35661],[-74.64143,3.35318],[-74.63567,3.35486],[-74.63754,3.34995],[-74.62974,3.34987],[-74.63186,3.34509],[-74.6266,3.34464],[-74.62724,3.35095],[-74.63126,3.35397],[-74.63153,3.35755],[-74.63984,3.36837],[-74.62214,3.37828],[-74.62552,3.38525],[-74.62398,3.39305],[-74.60912,3.40612],[-74.60567,3.41414],[-74.61358,3.41916],[-74.6175,3.4294],[-74.61191,3.44597],[-74.61551,3.45954],[-74.63053,3.46851],[-74.63053,3.4713],[-74.60707,3.50166],[-74.60376,3.50758],[-74.60312,3.51401],[-74.5929,3.52106],[-74.59067,3.52733],[-74.58615,3.52978],[-74.58244,3.52881],[-74.58079,3.52357],[-74.57193,3.52529],[-74.56862,3.52186],[-74.56648,3.52241],[-74.55049,3.54636],[-74.53739,3.55979],[-74.52505,3.57752],[-74.5241,3.57974],[-74.52765,3.58301],[-74.52758,3.58841],[-74.52325,3.59759],[-74.5142,3.60093],[-74.5153,3.60808],[-74.5126,3.62126],[-74.50796,3.63762],[-74.50286,3.64628],[-74.49156,3.65418],[-74.48243,3.66754],[-74.47965,3.66795],[-74.47794,3.66431],[-74.47447,3.66318],[-74.4645,3.66419],[-74.46105,3.6672],[-74.45185,3.6914],[-74.44375,3.69314],[-74.43839,3.69878],[-74.43899,3.70726],[-74.42764,3.71033],[-74.42416,3.70912],[-74.42014,3.71691],[-74.41946,3.72271],[-74.41331,3.72376],[-74.41461,3.72988],[-74.41922,3.73641],[-74.41593,3.74083],[-74.41779,3.74196],[-74.42469,3.74142],[-74.43286,3.73458],[-74.44212,3.73023],[-74.45265,3.7305],[-74.46345,3.7409],[-74.45783,3.75404],[-74.45958,3.76462],[-74.45819,3.77263],[-74.45008,3.79129],[-74.45042,3.79459],[-74.4453,3.8008],[-74.45023,3.81899],[-74.45351,3.82024],[-74.46245,3.81915],[-74.47702,3.82434],[-74.48352,3.81847],[-74.4902,3.81761],[-74.50614,3.82378],[-74.50983,3.83279],[-74.5175,3.83592],[-74.51853,3.836]]]},"properties":{"ap_nombre":"Páramo de las Oseras","ap_categoria":"Parques Naturales Regionales","organizacion":"Corporación Autónoma Regional del Alto Magdalena","area_ha_total_geografica":37500.87637623}},{"type":"Feature","geometry":{"type":"Polygon","coordinates":[[[-76.39549,1.83385],[-76.39396,1.8344],[-76.39843,1.83771],[-76.39835,1.83394],[-76.40055,1.83314],[-76.39798,1.83108],[-76.3955,1.83386],[-76.39549,1.83385]]]},"properties":{"ap_nombre":"El Paraíso del Turpial","ap_categoria":"Reserva Natural de la Sociedad Civil","organizacion":"Parques Nacionales Naturales de Colombia","area_ha_total_geografica":21.07943061}},{"type":"Feature","geometry":{"type":"Polygon","coordinates":[[[-75.59976,2.40179],[-75.60345,2.39824],[-75.60444,2.39369],[-75.60604,2.38169],[-75.60306,2.37522],[-75.60717,2.36998],[-75.6069,2.36771],[-75.61171,2.36285],[-75.61793,2.36708],[-75.61875,2.36371],[-75.62555,2.36036],[-75.62891,2.3554],[-75.62814,2.35104],[-75.62444,2.34885],[-75.62646,2.35261],[-75.62474,2.35222],[-75.62172,2.34724],[-75.61889,2.35068],[-75.61283,2.35032],[-75.60835,2.35914],[-75.60574,2.35767],[-75.6038,2.36066],[-75.59884,2.35774],[-75.59605,2.35925],[-75.59303,2.36471],[-75.59531,2.36313],[-75.59819,2.36647],[-75.59218,2.36831],[-75.59158,2.37084],[-75.59052,2.36862],[-75.58431,2.37903],[-75.58835,2.37656],[-75.59022,2.37779],[-75.58768,2.37998],[-75.58904,2.381],[-75.58638,2.38189],[-75.58758,2.3854],[-75.59026,2.38415],[-75.59137,2.38541],[-75.5881,2.38895],[-75.58987,2.39297],[-75.59515,2.39028],[-75.59506,2.3857],[-75.60206,2.38559],[-75.59768,2.39627],[-75.59925,2.40158],[-75.59976,2.40179]]]},"properties":{"ap_nombre":"Cerro Matambo","ap_categoria":"Reserva Natural de la Sociedad Civil","organizacion":"Parques Nacionales Naturales de Colombia","area_ha_total_geografica":917.76371109}},{"type":"Feature","geometry":{"type":"Polygon","coordinates":[[[-76.39042,1.83515],[-76.39181,1.83461],[-76.38978,1.82875],[-76.38619,1.83071],[-76.38623,1.83273],[-76.38939,1.8332],[-76.39042,1.83515]]]},"properties":{"ap_nombre":"El Portal del Oso","ap_categoria":"Reserva Natural de la Sociedad Civil","organizacion":"Parques Nacionales Naturales de Colombia","area_ha_total_geografica":21.81727975}},{"type":"Feature","geometry":{"type":"Polygon","coordinates":[[[-75.82912,2.00102],[-75.83341,2.00117],[-75.84174,1.99712],[-75.84721,1.99257],[-75.84885,1.98827],[-75.85355,1.98646],[-75.85345,1.98075],[-75.85561,1.97573],[-75.85916,1.97458],[-75.85993,1.9708],[-75.86311,1.9718],[-75.86355,1.96864],[-75.87273,1.96227],[-75.87812,1.96217],[-75.87776,1.95863],[-75.88051,1.95663],[-75.88542,1.9585],[-75.88708,1.95344],[-75.89059,1.95289],[-75.88714,1.94841],[-75.89075,1.9472],[-75.89194,1.9429],[-75.89727,1.94427],[-75.90069,1.94024],[-75.90355,1.94046],[-75.90468,1.93748],[-75.90821,1.94042],[-75.91554,1.94203],[-75.91734,1.93648],[-75.92466,1.92843],[-75.94055,1.92763],[-75.9469,1.92519],[-75.94771,1.92053],[-75.94509,1.91965],[-75.94545,1.91614],[-75.94325,1.91374],[-75.94839,1.91021],[-75.95098,1.91012],[-75.95505,1.91484],[-75.95772,1.91201],[-75.95946,1.90778],[-75.96173,1.90686],[-75.96325,1.89833],[-75.9649,1.89793],[-75.96195,1.89473],[-75.96488,1.89173],[-75.96437,1.88864],[-75.96643,1.88698],[-75.97829,1.88887],[-75.97859,1.88756],[-75.98128,1.89076],[-75.98225,1.88685],[-75.98534,1.88603],[-75.98508,1.88218],[-75.98229,1.88102],[-75.98362,1.87905],[-75.98207,1.87893],[-75.98553,1.87711],[-75.98925,1.87013],[-75.9825,1.86875],[-75.9894,1.8614],[-75.99145,1.85439],[-75.99396,1.85453],[-75.99646,1.85138],[-76.00032,1.85276],[-75.99547,1.84713],[-75.99892,1.83947],[-76.0051,1.83571],[-76.00338,1.83262],[-76.00568,1.83152],[-76.00947,1.83338],[-76.01,1.82911],[-76.01449,1.82851],[-76.011,1.8263],[-76.01588,1.82515],[-76.01206,1.8216],[-76.01371,1.81686],[-76.01272,1.81197],[-76.0181,1.81013],[-76.02158,1.81196],[-76.02521,1.81112],[-76.02551,1.80662],[-76.0345,1.80186],[-76.03812,1.797],[-76.05018,1.79348],[-76.04935,1.78692],[-76.04552,1.78816],[-76.04452,1.78632],[-76.04504,1.77973],[-76.04921,1.77948],[-76.05039,1.78138],[-76.05357,1.77984],[-76.05485,1.78673],[-76.05753,1.78904],[-76.06542,1.78786],[-76.06695,1.78604],[-76.07142,1.7871],[-76.07656,1.78013],[-76.08271,1.78144],[-76.08372,1.77738],[-76.08649,1.77399],[-76.08764,1.77502],[-76.08643,1.77055],[-76.09056,1.76826],[-76.08823,1.76631],[-76.09698,1.75759],[-76.10057,1.7444],[-76.10519,1.74265],[-76.10623,1.73845],[-76.1102,1.73752],[-76.11211,1.72816],[-76.11889,1.72325],[-76.11637,1.7193],[-76.12498,1.71599],[-76.12708,1.71037],[-76.12402,1.70631],[-76.12583,1.70558],[-76.12999,1.70879],[-76.13543,1.70848],[-76.13678,1.71203],[-76.14252,1.70703],[-76.14868,1.70664],[-76.16008,1.69997],[-76.1626,1.69203],[-76.16542,1.6891],[-76.16969,1.68997],[-76.17444,1.68678],[-76.17551,1.69041],[-76.17993,1.69238],[-76.18261,1.69619],[-76.18432,1.6918],[-76.19507,1.68175],[-76.19694,1.67642],[-76.19293,1.66869],[-76.19535,1.66494],[-76.19188,1.65646],[-76.19284,1.65359],[-76.17538,1.65738],[-76.16157,1.65229],[-76.14381,1.65546],[-76.13178,1.65447],[-76.12261,1.65758],[-76.11834,1.65176],[-76.10908,1.65431],[-76.09512,1.66173],[-76.08397,1.65922],[-76.07989,1.66024],[-76.07816,1.6534],[-76.07228,1.64725],[-76.06984,1.64727],[-76.06819,1.64379],[-76.06667,1.64578],[-76.06166,1.64522],[-76.05764,1.65253],[-76.06085,1.65233],[-76.06278,1.65673],[-76.06189,1.65894],[-76.07259,1.66177],[-76.07425,1.66638],[-76.07214,1.66594],[-76.07094,1.67199],[-76.06919,1.67166],[-76.07175,1.67733],[-76.06815,1.67731],[-76.07044,1.68426],[-76.06777,1.68367],[-76.06758,1.68856],[-76.06623,1.68763],[-76.06245,1.69215],[-76.06001,1.68927],[-76.05995,1.69351],[-76.05494,1.69464],[-76.05376,1.69673],[-76.05787,1.70661],[-76.05287,1.70837],[-76.04914,1.7075],[-76.04981,1.71387],[-76.04745,1.72277],[-76.04019,1.7299],[-76.03183,1.7309],[-76.0285,1.73495],[-76.02566,1.73284],[-76.0225,1.73954],[-76.01668,1.74002],[-76.01483,1.74495],[-76.01002,1.7475],[-76.00117,1.74171],[-75.99814,1.74238],[-75.9981,1.74444],[-75.98973,1.7431],[-75.98811,1.74901],[-75.98937,1.75055],[-75.98575,1.75105],[-75.98703,1.75265],[-75.98433,1.75421],[-75.98534,1.75631],[-75.98199,1.75987],[-75.9843,1.7635],[-75.98298,1.77235],[-75.98822,1.77531],[-75.98738,1.78062],[-75.98478,1.78219],[-75.98029,1.7914],[-75.98183,1.79346],[-75.97239,1.78945],[-75.97159,1.79221],[-75.96951,1.79244],[-75.96991,1.79515],[-75.96505,1.79636],[-75.96508,1.7992],[-75.96081,1.80359],[-75.96091,1.80967],[-75.96387,1.81687],[-75.95894,1.82546],[-75.96271,1.83139],[-75.9562,1.83316],[-75.95466,1.83674],[-75.94889,1.83747],[-75.94948,1.84038],[-75.94712,1.84515],[-75.93886,1.85199],[-75.93645,1.8592],[-75.93306,1.86056],[-75.93581,1.8631],[-75.93278,1.86421],[-75.93152,1.86815],[-75.92602,1.8643],[-75.92358,1.86814],[-75.92093,1.86732],[-75.92053,1.86941],[-75.91078,1.86901],[-75.9101,1.87089],[-75.91248,1.87347],[-75.9196,1.87782],[-75.91849,1.88156],[-75.9078,1.88587],[-75.90633,1.88948],[-75.89543,1.89794],[-75.89055,1.89234],[-75.8829,1.89481],[-75.8796,1.89399],[-75.87708,1.90026],[-75.87345,1.90348],[-75.86476,1.90564],[-75.86503,1.9095],[-75.86147,1.91431],[-75.85067,1.91592],[-75.85441,1.91967],[-75.85584,1.92652],[-75.85257,1.92976],[-75.84584,1.93047],[-75.84703,1.93301],[-75.84055,1.94324],[-75.83509,1.94868],[-75.82468,1.95402],[-75.82555,1.95631],[-75.81723,1.96274],[-75.81571,1.96561],[-75.81952,1.9666],[-75.81844,1.96983],[-75.81579,1.97462],[-75.81261,1.97445],[-75.81265,1.9765],[-75.80981,1.97785],[-75.81162,1.98734],[-75.80662,1.98636],[-75.80025,1.99136],[-75.81061,1.99474],[-75.81459,1.99314],[-75.823,1.9997],[-75.82879,2.00005],[-75.82912,2.00102]]]},"properties":{"ap_nombre":"Serranía de Peñas Blancas","ap_categoria":"Distritos Regionales de Manejo Integrado","organizacion":"Corporación Autónoma Regional del Alto Magdalena","area_ha_total_geografica":32755.75451699}},{"type":"Feature","geometry":{"type":"Polygon","coordinates":[[[-75.36576,3.38096],[-75.37357,3.38255],[-75.37412,3.37572],[-75.37831,3.37267],[-75.36811,3.36571],[-75.36327,3.36973],[-75.36573,3.38095],[-75.36576,3.38096]]]},"properties":{"ap_nombre":"Las Delicias","ap_categoria":"Reserva Natural de la Sociedad Civil","organizacion":"Parques Nacionales Naturales de Colombia","area_ha_total_geografica":185.96505592}},{"type":"Feature","geometry":{"type":"Polygon","coordinates":[[[-75.26047,3.30412],[-75.26413,3.30129],[-75.26149,3.29802],[-75.25881,3.29899],[-75.25954,3.30406],[-75.26047,3.30412]]]},"properties":{"ap_nombre":"El Recreo","ap_categoria":"Reserva Natural de la Sociedad Civil","organizacion":"Parques Nacionales Naturales de Colombia","area_ha_total_geografica":27.53090316}},{"type":"Feature","geometry":{"type":"Polygon","coordinates":[[[-75.37037,3.33442],[-75.36872,3.33615],[-75.37122,3.34181],[-75.38644,3.34034],[-75.38005,3.33495],[-75.379,3.32848],[-75.3727,3.32661],[-75.37351,3.3309],[-75.37025,3.33184],[-75.37028,3.33418],[-75.37037,3.33442]]]},"properties":{"ap_nombre":"La Florida","ap_categoria":"Reserva Natural de la Sociedad Civil","organizacion":"Parques Nacionales Naturales de Colombia","area_ha_total_geografica":169.17334077}},{"type":"Feature","geometry":{"type":"Polygon","coordinates":[[[-75.25403,3.3579],[-75.25638,3.35657],[-75.25519,3.35215],[-75.24536,3.34996],[-75.24492,3.35123],[-75.25129,3.35413],[-75.2506,3.35634],[-75.25385,3.35785],[-75.25403,3.3579]]]},"properties":{"ap_nombre":"Piedra Loma","ap_categoria":"Reserva Natural de la Sociedad Civil","organizacion":"Parques Nacionales Naturales de Colombia","area_ha_total_geografica":54.94407138}},{"type":"Feature","geometry":{"type":"Polygon","coordinates":[[[-75.29055,3.30303],[-75.29462,3.30499],[-75.29677,3.30252],[-75.2887,3.29523],[-75.28582,3.30198],[-75.2902,3.3028],[-75.29055,3.30303]]]},"properties":{"ap_nombre":"La María","ap_categoria":"Reserva Natural de la Sociedad Civil","organizacion":"Parques Nacionales Naturales de Colombia","area_ha_total_geografica":61.47230377}},{"type":"Feature","geometry":{"type":"MultiPolygon","coordinates":[[[[-75.25009,3.36228],[-75.25226,3.36096],[-75.25025,3.35653],[-75.24328,3.35381],[-75.24092,3.35762],[-75.24782,3.35993],[-75.25009,3.36228]]],[[[-75.25166,3.36192],[-75.25161,3.36193],[-75.25156,3.36196],[-75.25148,3.36201],[-75.25137,3.36209],[-75.25136,3.3621],[-75.25131,3.3622],[-75.25128,3.36224],[-75.25126,3.36228],[-75.25123,3.36233],[-75.25121,3.36236],[-75.25117,3.36241],[-75.25111,3.36255],[-75.25109,3.36258],[-75.25106,3.36262],[-75.25105,3.36265],[-75.25102,3.36268],[-75.25098,3.36274],[-75.25097,3.36274],[-75.25111,3.36282],[-75.25148,3.36232],[-75.25175,3.36194],[-75.25174,3.36193],[-75.25172,3.36192],[-75.2517,3.36192],[-75.25166,3.36192]]]]},"properties":{"ap_nombre":"La Cima","ap_categoria":"Reserva Natural de la Sociedad Civil","organizacion":"Parques Nacionales Naturales de Colombia","area_ha_total_geografica":56.93246773}},{"type":"Feature","geometry":{"type":"Polygon","coordinates":[[[-75.39412,3.37677],[-75.39658,3.3771],[-75.40059,3.37273],[-75.38685,3.37266],[-75.3902,3.34242],[-75.38796,3.34082],[-75.37093,3.34168],[-75.37119,3.3504],[-75.37496,3.35579],[-75.3801,3.35846],[-75.38337,3.36427],[-75.38258,3.36681],[-75.37928,3.36699],[-75.37911,3.37045],[-75.3767,3.37104],[-75.37831,3.37267],[-75.37741,3.37469],[-75.39382,3.37677],[-75.39412,3.37677]]]},"properties":{"ap_nombre":"San Agustín","ap_categoria":"Reserva Natural de la Sociedad Civil","organizacion":"Parques Nacionales Naturales de Colombia","area_ha_total_geografica":556.78533905}},{"type":"Feature","geometry":{"type":"Polygon","coordinates":[[[-75.25329,3.3653],[-75.25911,3.36274],[-75.2506,3.35634],[-75.25242,3.36481],[-75.25329,3.3653]]]},"properties":{"ap_nombre":"Lote 6 Guayoco","ap_categoria":"Reserva Natural de la Sociedad Civil","organizacion":"Parques Nacionales Naturales de Colombia","area_ha_total_geografica":46.95239793}},{"type":"Feature","geometry":{"type":"Polygon","coordinates":[[[-75.98094,2.21047],[-75.98258,2.20949],[-75.98047,2.20978],[-75.98094,2.21047]]]},"properties":{"ap_nombre":"Los Pinos","ap_categoria":"Reserva Natural de la Sociedad Civil","organizacion":"Parques Nacionales Naturales de Colombia","area_ha_total_geografica":1.97602753}},{"type":"Feature","geometry":{"type":"Polygon","coordinates":[[[-76.10936,1.68764],[-76.11241,1.68509],[-76.10937,1.68757],[-76.10936,1.68764]]]},"properties":{"ap_nombre":"El Palmar","ap_categoria":"Reserva Natural de la Sociedad Civil","organizacion":"Parques Nacionales Naturales de Colombia","area_ha_total_geografica":4.21306962}},{"type":"Feature","geometry":{"type":"MultiPolygon","coordinates":[[[[-76.09966,2.1424],[-76.09905,2.14391],[-76.10288,2.14788],[-76.11273,2.1517],[-76.11618,2.15194],[-76.11844,2.14997],[-76.12121,2.15287],[-76.12474,2.15244],[-76.13256,2.14483],[-76.14937,2.13929],[-76.14228,2.13953],[-76.14977,2.13521],[-76.14417,2.13287],[-76.14695,2.12906],[-76.14908,2.12891],[-76.14858,2.12567],[-76.15365,2.12277],[-76.16201,2.12198],[-76.16425,2.14019],[-76.16919,2.13915],[-76.17516,2.14495],[-76.17271,2.15414],[-76.17736,2.15382],[-76.17972,2.15454],[-76.17974,2.15651],[-76.18589,2.15736],[-76.18724,2.16269],[-76.1904,2.16207],[-76.19342,2.16426],[-76.19507,2.17279],[-76.18115,2.16808],[-76.18093,2.16319],[-76.17681,2.16213],[-76.17589,2.16357],[-76.17262,2.15857],[-76.1723,2.16337],[-76.16673,2.16838],[-76.16534,2.16553],[-76.16239,2.16927],[-76.16393,2.17303],[-76.16071,2.17566],[-76.1561,2.17574],[-76.15189,2.17256],[-76.14778,2.17338],[-76.14754,2.17752],[-76.14979,2.17848],[-76.1444,2.18368],[-76.14569,2.18584],[-76.14394,2.18749],[-76.14464,2.18975],[-76.1511,2.189],[-76.15281,2.19306],[-76.16146,2.19181],[-76.16251,2.19885],[-76.19645,2.19544],[-76.20244,2.19819],[-76.20927,2.1984],[-76.2125,2.20526],[-76.21951,2.20762],[-76.22594,2.2195],[-76.24166,2.23121],[-76.249,2.24194],[-76.24967,2.24679],[-76.26322,2.25747],[-76.26875,2.24696],[-76.27122,2.2473],[-76.26477,2.23377],[-76.26707,2.22843],[-76.26038,2.22992],[-76.26005,2.22605],[-76.25471,2.22217],[-76.25397,2.21252],[-76.26003,2.21007],[-76.25602,2.20327],[-76.26994,2.20556],[-76.27717,2.2023],[-76.29373,2.20906],[-76.28479,2.20302],[-76.28238,2.20007],[-76.28285,2.19688],[-76.26803,2.18882],[-76.26237,2.17846],[-76.25683,2.17876],[-76.25743,2.17588],[-76.26562,2.17792],[-76.2692,2.18085],[-76.27666,2.18019],[-76.28046,2.18467],[-76.28821,2.18821],[-76.2873,2.18192],[-76.29534,2.18294],[-76.30084,2.1868],[-76.30378,2.18601],[-76.30714,2.19109],[-76.31146,2.19091],[-76.3119,2.19612],[-76.31579,2.19919],[-76.31745,2.19716],[-76.3233,2.20028],[-76.31962,2.19529],[-76.32106,2.19311],[-76.32483,2.19466],[-76.3186,2.18197],[-76.32114,2.18071],[-76.31999,2.17544],[-76.32523,2.17538],[-76.32337,2.17317],[-76.32398,2.17003],[-76.32119,2.16984],[-76.32333,2.16573],[-76.31611,2.17042],[-76.31151,2.17036],[-76.30846,2.16816],[-76.30073,2.16959],[-76.28954,2.16464],[-76.28123,2.16341],[-76.27717,2.15283],[-76.28124,2.15595],[-76.28462,2.15359],[-76.28916,2.15603],[-76.29667,2.1474],[-76.28923,2.14879],[-76.28935,2.14529],[-76.28663,2.14315],[-76.29329,2.14043],[-76.27402,2.12896],[-76.27826,2.12714],[-76.27857,2.13009],[-76.28565,2.13274],[-76.28639,2.12973],[-76.28476,2.12784],[-76.28995,2.12837],[-76.29136,2.13428],[-76.30039,2.13573],[-76.30467,2.13883],[-76.30525,2.13123],[-76.31215,2.12666],[-76.31399,2.12866],[-76.31415,2.13412],[-76.31633,2.13472],[-76.31924,2.12581],[-76.3249,2.126],[-76.31689,2.11906],[-76.30301,2.11507],[-76.30841,2.11294],[-76.31079,2.10988],[-76.31543,2.10984],[-76.31686,2.10306],[-76.31379,2.09986],[-76.31532,2.09655],[-76.31918,2.10205],[-76.32329,2.10233],[-76.32641,2.09742],[-76.32593,2.09457],[-76.32854,2.09355],[-76.32436,2.08579],[-76.3332,2.08899],[-76.3363,2.0944],[-76.34148,2.09545],[-76.33666,2.08742],[-76.34116,2.08591],[-76.34535,2.08748],[-76.34799,2.09106],[-76.34565,2.08264],[-76.34261,2.08101],[-76.34715,2.08187],[-76.34923,2.08029],[-76.34688,2.07757],[-76.34156,2.07603],[-76.33826,2.06362],[-76.32365,2.05933],[-76.3178,2.05436],[-76.31074,2.05294],[-76.30395,2.04822],[-76.30182,2.04881],[-76.30182,2.05225],[-76.29937,2.05344],[-76.29373,2.04865],[-76.28097,2.04863],[-76.28097,2.04431],[-76.27879,2.04204],[-76.2737,2.04568],[-76.26504,2.03984],[-76.26294,2.04148],[-76.26356,2.04334],[-76.25813,2.04504],[-76.25545,2.05167],[-76.24443,2.0465],[-76.24281,2.04985],[-76.23938,2.04948],[-76.24254,2.05176],[-76.23897,2.05311],[-76.2433,2.05317],[-76.24404,2.05553],[-76.23759,2.06106],[-76.23349,2.06075],[-76.2341,2.06773],[-76.2364,2.06956],[-76.23379,2.07387],[-76.2341,2.08469],[-76.22936,2.08889],[-76.23471,2.09081],[-76.23945,2.09519],[-76.23725,2.10167],[-76.24122,2.10889],[-76.24366,2.10623],[-76.24719,2.10622],[-76.24989,2.11953],[-76.24804,2.12188],[-76.24219,2.12249],[-76.23629,2.11806],[-76.23126,2.12527],[-76.22745,2.11887],[-76.22571,2.12506],[-76.21625,2.12814],[-76.21385,2.12335],[-76.20537,2.12534],[-76.2064,2.11984],[-76.20217,2.11795],[-76.20743,2.11597],[-76.20289,2.11319],[-76.20532,2.10975],[-76.21205,2.10869],[-76.20875,2.1062],[-76.20838,2.10238],[-76.20297,2.10376],[-76.20278,2.10814],[-76.19982,2.10631],[-76.19682,2.10695],[-76.1928,2.10247],[-76.19487,2.09863],[-76.1884,2.09761],[-76.18961,2.09211],[-76.19294,2.09095],[-76.18851,2.08879],[-76.18728,2.08443],[-76.17623,2.07902],[-76.17402,2.07327],[-76.16859,2.06772],[-76.16637,2.06809],[-76.16355,2.06551],[-76.16014,2.06613],[-76.16241,2.06114],[-76.16109,2.05815],[-76.15877,2.05947],[-76.15903,2.05576],[-76.15496,2.05541],[-76.15663,2.04857],[-76.15082,2.04868],[-76.14957,2.05137],[-76.13925,2.05434],[-76.14331,2.05651],[-76.13998,2.05608],[-76.1446,2.07053],[-76.14203,2.07286],[-76.14243,2.07638],[-76.13903,2.07814],[-76.13934,2.08118],[-76.12868,2.07747],[-76.11866,2.08516],[-76.11726,2.09359],[-76.10937,2.09658],[-76.11397,2.10808],[-76.11503,2.119],[-76.11804,2.12127],[-76.11734,2.12506],[-76.12087,2.13216],[-76.11842,2.13222],[-76.11158,2.1399],[-76.10449,2.13979],[-76.09963,2.14234],[-76.09966,2.1424]],[[-76.23473,2.08484],[-76.23472,2.08482],[-76.23473,2.08482],[-76.23473,2.08484]]],[[[-76.09963,2.14234],[-76.09962,2.14233],[-76.09959,2.14224],[-76.09962,2.14235],[-76.09963,2.14234]]],[[[-76.17215,2.1555],[-76.17215,2.15549],[-76.17214,2.1555],[-76.17215,2.1555]]]]},"properties":{"ap_nombre":"El Dorado","ap_categoria":"Parques Naturales Regionales","organizacion":"Corporación Autónoma Regional del Alto Magdalena","area_ha_total_geografica":28532.54923858}},{"type":"Feature","geometry":{"type":"Polygon","coordinates":[[[-76.14875,2.1323],[-76.15085,2.13563],[-76.15212,2.13235],[-76.14946,2.13116],[-76.14875,2.1323]]]},"properties":{"ap_nombre":"El Roble","ap_categoria":"Reserva Natural de la Sociedad Civil","organizacion":"Parques Nacionales Naturales de Colombia","area_ha_total_geografica":11.64951112}},{"type":"Feature","geometry":{"type":"Polygon","coordinates":[[[-75.25705,3.30722],[-75.25646,3.31021],[-75.26324,3.31357],[-75.26407,3.30997],[-75.25733,3.30585],[-75.25705,3.30722]]]},"properties":{"ap_nombre":"Lote No. 2 La Chonta","ap_categoria":"Reserva Natural de la Sociedad Civil","organizacion":"Parques Nacionales Naturales de Colombia","area_ha_total_geografica":33.27142281}},{"type":"Feature","geometry":{"type":"Polygon","coordinates":[[[-76.04035,2.1401],[-76.04414,2.13771],[-76.0415,2.13588],[-76.03849,2.13781],[-76.04003,2.13942],[-76.04035,2.1401]]]},"properties":{"ap_nombre":"La Estrella","ap_categoria":"Reserva Natural de la Sociedad Civil","organizacion":"Parques Nacionales Naturales de Colombia","area_ha_total_geografica":15.23593835}},{"type":"Feature","geometry":{"type":"Polygon","coordinates":[[[-75.91703,2.19733],[-75.9132,2.20259],[-75.914,2.20574],[-75.92081,2.19916],[-75.91722,2.1971],[-75.91703,2.19733]]]},"properties":{"ap_nombre":"Aranzazu","ap_categoria":"Reserva Natural de la Sociedad Civil","organizacion":"Parques Nacionales Naturales de Colombia","area_ha_total_geografica":37.49770318}},{"type":"Feature","geometry":{"type":"Polygon","coordinates":[[[-75.93142,2.17245],[-75.93452,2.17599],[-75.93725,2.17328],[-75.93422,2.16885],[-75.93092,2.17171],[-75.93142,2.17245]]]},"properties":{"ap_nombre":"Desengañito","ap_categoria":"Reserva Natural de la Sociedad Civil","organizacion":"Parques Nacionales Naturales de Colombia","area_ha_total_geografica":30.22923408}},{"type":"Feature","geometry":{"type":"Polygon","coordinates":[[[-76.13802,1.68122],[-76.1371,1.68254],[-76.13804,1.68113],[-76.13802,1.68122]]]},"properties":{"ap_nombre":"Miranda","ap_categoria":"Reserva Natural de la Sociedad Civil","organizacion":"Parques Nacionales Naturales de Colombia","area_ha_total_geografica":1.76009323}},{"type":"Feature","geometry":{"type":"Polygon","coordinates":[[[-76.35324,1.82644],[-76.35337,1.82685],[-76.3534,1.82237],[-76.35317,1.82168],[-76.35324,1.82644]]]},"properties":{"ap_nombre":"La Esperanza","ap_categoria":"Reserva Natural de la Sociedad Civil","organizacion":"Parques Nacionales Naturales de Colombia","area_ha_total_geografica":0.99999961}},{"type":"Feature","geometry":{"type":"Polygon","coordinates":[[[-76.35008,1.82789],[-76.3522,1.82968],[-76.35142,1.82718],[-76.3501,1.82714],[-76.35008,1.82789]]]},"properties":{"ap_nombre":"El Roble","ap_categoria":"Reserva Natural de la Sociedad Civil","organizacion":"Parques Nacionales Naturales de Colombia","area_ha_total_geografica":2.99999827}},{"type":"Feature","geometry":{"type":"Polygon","coordinates":[[[-76.35385,1.82376],[-76.35553,1.82535],[-76.35251,1.81562],[-76.35362,1.82307],[-76.35385,1.82376]]]},"properties":{"ap_nombre":"El Canto","ap_categoria":"Reserva Natural de la Sociedad Civil","organizacion":"Parques Nacionales Naturales de Colombia","area_ha_total_geografica":11.66667574}},{"type":"Feature","geometry":{"type":"Polygon","coordinates":[[[-76.35033,1.82365],[-76.34879,1.8271],[-76.35142,1.82718],[-76.35118,1.8264],[-76.35033,1.82365]]]},"properties":{"ap_nombre":"El Regalito","ap_categoria":"Reserva Natural de la Sociedad Civil","organizacion":"Parques Nacionales Naturales de Colombia","area_ha_total_geografica":5.66669898}},{"type":"Feature","geometry":{"type":"Polygon","coordinates":[[[-76.35553,1.82535],[-76.35617,1.82374],[-76.35325,1.81512],[-76.35251,1.81562],[-76.35553,1.82535]]]},"properties":{"ap_nombre":"El Jardín","ap_categoria":"Reserva Natural de la Sociedad Civil","organizacion":"Parques Nacionales Naturales de Colombia","area_ha_total_geografica":11.6666671}},{"type":"Feature","geometry":{"type":"Polygon","coordinates":[[[-75.39705,3.35622],[-75.40059,3.35747],[-75.40726,3.35544],[-75.4142,3.35297],[-75.41404,3.35057],[-75.40945,3.34549],[-75.40588,3.34667],[-75.40486,3.35064],[-75.4003,3.35011],[-75.39464,3.35331],[-75.39422,3.35556],[-75.39685,3.3562],[-75.39705,3.35622]]]},"properties":{"ap_nombre":"La Miranda","ap_categoria":"Reserva Natural de la Sociedad Civil","organizacion":"Parques Nacionales Naturales de Colombia","area_ha_total_geografica":152.90006274}},{"type":"Feature","geometry":{"type":"Polygon","coordinates":[[[-75.28334,3.30971],[-75.28536,3.31009],[-75.28512,3.3034],[-75.2887,3.29523],[-75.28465,3.28827],[-75.27831,3.29022],[-75.28122,3.29067],[-75.28394,3.29471],[-75.28065,3.30383],[-75.28072,3.3087],[-75.28296,3.30955],[-75.28334,3.30971]]]},"properties":{"ap_nombre":"Santa Lucía","ap_categoria":"Reserva Natural de la Sociedad Civil","organizacion":"Parques Nacionales Naturales de Colombia","area_ha_total_geografica":123.43185698}},{"type":"Feature","geometry":{"type":"MultiPolygon","coordinates":[[[[-76.2355,1.67096],[-76.23189,1.6758],[-76.24107,1.68177],[-76.23973,1.67549],[-76.23551,1.67094],[-76.2355,1.67096]]],[[[-76.22961,1.67093],[-76.23136,1.67546],[-76.23469,1.66897],[-76.22984,1.67067],[-76.22961,1.67093]]]]},"properties":{"ap_nombre":"El Cedro","ap_categoria":"Reserva Natural de la Sociedad Civil","organizacion":"Parques Nacionales Naturales de Colombia","area_ha_total_geografica":75.38088673}},{"type":"Feature","geometry":{"type":"Polygon","coordinates":[[[-76.35325,1.81512],[-76.35617,1.82374],[-76.35753,1.82338],[-76.35352,1.815],[-76.35325,1.81512]]]},"properties":{"ap_nombre":"Buenavista","ap_categoria":"Reserva Natural de la Sociedad Civil","organizacion":"Parques Nacionales Naturales de Colombia","area_ha_total_geografica":11.66661835}},{"type":"Feature","geometry":{"type":"Polygon","coordinates":[[[-76.35337,1.82685],[-76.35351,1.82726],[-76.35362,1.82307],[-76.3534,1.82237],[-76.35337,1.82685]]]},"properties":{"ap_nombre":"Los Pinos","ap_categoria":"Reserva Natural de la Sociedad Civil","organizacion":"Parques Nacionales Naturales de Colombia","area_ha_total_geografica":1.00000052}},{"type":"Feature","geometry":{"type":"Polygon","coordinates":[[[-76.35311,1.82603],[-76.35324,1.82644],[-76.35317,1.82168],[-76.35295,1.82099],[-76.35311,1.82603]]]},"properties":{"ap_nombre":"La Laguna","ap_categoria":"Reserva Natural de la Sociedad Civil","organizacion":"Parques Nacionales Naturales de Colombia","area_ha_total_geografica":0.99992924}},{"type":"Feature","geometry":{"type":"Polygon","coordinates":[[[-76.35351,1.82726],[-76.35364,1.82767],[-76.35385,1.82376],[-76.35362,1.82307],[-76.35351,1.82726]]]},"properties":{"ap_nombre":"Villa Chica","ap_categoria":"Reserva Natural de la Sociedad Civil","organizacion":"Parques Nacionales Naturales de Colombia","area_ha_total_geografica":0.99984114}},{"type":"Feature","geometry":{"type":"Polygon","coordinates":[[[-76.35118,1.8264],[-76.35364,1.82767],[-76.35149,1.82106],[-76.35033,1.82365],[-76.35118,1.8264]]]},"properties":{"ap_nombre":"Campo Bello","ap_categoria":"Reserva Natural de la Sociedad Civil","organizacion":"Parques Nacionales Naturales de Colombia","area_ha_total_geografica":11.66657932}},{"type":"Feature","geometry":{"type":"Polygon","coordinates":[[[-76.34799,1.82951],[-76.35008,1.82789],[-76.34879,1.8271],[-76.34799,1.82951]]]},"properties":{"ap_nombre":"El Tesoro","ap_categoria":"Reserva Natural de la Sociedad Civil","organizacion":"Parques Nacionales Naturales de Colombia","area_ha_total_geografica":3.00000085}},{"type":"Feature","geometry":{"type":"Polygon","coordinates":[[[-75.47623,2.09415],[-75.48738,2.07873],[-75.49434,2.07783],[-75.4982,2.07081],[-75.49635,2.07102],[-75.49495,2.06736],[-75.48119,2.07073],[-75.47665,2.0754],[-75.47029,2.07828],[-75.45072,2.07825],[-75.45044,2.08361],[-75.44653,2.08646],[-75.42607,2.09037],[-75.42463,2.09251],[-75.4201,2.09114],[-75.42014,2.08817],[-75.41748,2.08589],[-75.41263,2.08951],[-75.40661,2.08978],[-75.40315,2.0881],[-75.39992,2.08923],[-75.39853,2.08673],[-75.39881,2.0895],[-75.39391,2.09915],[-75.39525,2.1011],[-75.39392,2.10656],[-75.39161,2.10857],[-75.39484,2.11287],[-75.38712,2.11998],[-75.38817,2.1268],[-75.38293,2.12608],[-75.3742,2.12926],[-75.3708,2.12416],[-75.36207,2.12004],[-75.35722,2.1206],[-75.35377,2.11805],[-75.34993,2.11932],[-75.34825,2.12137],[-75.35224,2.12554],[-75.35346,2.13032],[-75.34586,2.14092],[-75.34091,2.13955],[-75.33595,2.1426],[-75.33041,2.14295],[-75.32654,2.13785],[-75.3248,2.13843],[-75.32583,2.1427],[-75.3236,2.14754],[-75.33148,2.16487],[-75.31513,2.17493],[-75.3096,2.17247],[-75.30663,2.17631],[-75.30463,2.17627],[-75.30327,2.18134],[-75.29895,2.18239],[-75.29537,2.18766],[-75.29293,2.18771],[-75.29215,2.18368],[-75.28767,2.18462],[-75.28658,2.19098],[-75.27713,2.18312],[-75.27364,2.18718],[-75.27093,2.19624],[-75.2671,2.19983],[-75.26269,2.20016],[-75.25952,2.21086],[-75.2522,2.21674],[-75.24214,2.23077],[-75.23388,2.2297],[-75.24049,2.25078],[-75.23611,2.25775],[-75.23075,2.27894],[-75.21574,2.28339],[-75.21595,2.28725],[-75.21878,2.28976],[-75.20851,2.29916],[-75.20615,2.30542],[-75.19855,2.31386],[-75.18618,2.3184],[-75.18395,2.32728],[-75.17819,2.3262],[-75.17518,2.32755],[-75.17326,2.32561],[-75.16467,2.33066],[-75.16392,2.33502],[-75.16091,2.33419],[-75.16049,2.33922],[-75.16682,2.34856],[-75.16346,2.3473],[-75.1592,2.34886],[-75.15282,2.34335],[-75.15146,2.3451],[-75.15254,2.35274],[-75.1482,2.35043],[-75.14542,2.35108],[-75.1526,2.35596],[-75.15955,2.3541],[-75.16937,2.35666],[-75.18899,2.35808],[-75.19452,2.36083],[-75.1953,2.36364],[-75.1933,2.36478],[-75.19016,2.36256],[-75.1817,2.36568],[-75.18565,2.36784],[-75.18755,2.37145],[-75.17797,2.3764],[-75.1851,2.37894],[-75.18795,2.3819],[-75.18466,2.38529],[-75.18745,2.38633],[-75.1886,2.38952],[-75.19224,2.38621],[-75.1959,2.39261],[-75.20321,2.39078],[-75.20671,2.39225],[-75.20713,2.39553],[-75.20955,2.39687],[-75.21022,2.40443],[-75.20605,2.41016],[-75.21014,2.43365],[-75.2087,2.43581],[-75.20493,2.43613],[-75.20603,2.43754],[-75.20414,2.44154],[-75.20576,2.44331],[-75.20186,2.45122],[-75.19638,2.45583],[-75.18728,2.45455],[-75.18566,2.44364],[-75.18864,2.4353],[-75.18605,2.42718],[-75.18884,2.42295],[-75.18846,2.41774],[-75.18259,2.41783],[-75.18251,2.4201],[-75.18053,2.4198],[-75.1735,2.41257],[-75.16332,2.4104],[-75.16375,2.40288],[-75.16035,2.40241],[-75.15768,2.39723],[-75.15362,2.39774],[-75.15199,2.40074],[-75.14839,2.40057],[-75.14698,2.40492],[-75.1426,2.4015],[-75.11989,2.41489],[-75.12423,2.41929],[-75.12584,2.42496],[-75.10469,2.44819],[-75.10813,2.45505],[-75.11417,2.46003],[-75.12152,2.45458],[-75.11637,2.46213],[-75.1052,2.45984],[-75.09703,2.45331],[-75.09272,2.45421],[-75.09319,2.45817],[-75.08801,2.46318],[-75.08555,2.47103],[-75.08068,2.47553],[-75.08082,2.46715],[-75.08378,2.45735],[-75.07999,2.45716],[-75.07493,2.4535],[-75.06686,2.45847],[-75.06736,2.46536],[-75.06126,2.46035],[-75.05574,2.46295],[-75.05464,2.46515],[-75.05733,2.46808],[-75.04861,2.47101],[-75.05167,2.47439],[-75.0405,2.47134],[-75.03223,2.46051],[-75.03006,2.46239],[-75.02837,2.45896],[-75.02601,2.4598],[-75.02565,2.4651],[-75.0274,2.46685],[-75.02351,2.47009],[-75.02527,2.47319],[-75.02374,2.47822],[-75.02646,2.48038],[-75.03163,2.47998],[-75.03149,2.48298],[-75.0338,2.48512],[-75.03274,2.49077],[-75.02907,2.49147],[-75.02932,2.49411],[-75.02698,2.49466],[-75.02672,2.50524],[-75.02276,2.50257],[-75.02589,2.50734],[-75.02441,2.51229],[-75.0216,2.51189],[-75.01606,2.51695],[-75.00609,2.51307],[-75.00833,2.52404],[-75.002,2.52666],[-74.99623,2.53966],[-74.98475,2.55051],[-74.9877,2.55963],[-74.98012,2.56542],[-74.98049,2.56847],[-74.98266,2.56958],[-74.97245,2.58498],[-74.97053,2.59295],[-74.96721,2.59789],[-74.9612,2.59822],[-74.95408,2.59415],[-74.94543,2.59517],[-74.94894,2.60114],[-74.94884,2.60431],[-74.93994,2.61494],[-74.93035,2.62153],[-74.93001,2.6241],[-74.92605,2.62485],[-74.91703,2.63329],[-74.91791,2.6373],[-74.92502,2.63828],[-74.93552,2.63356],[-74.94909,2.6426],[-74.95871,2.64291],[-74.96482,2.6403],[-74.96651,2.64231],[-74.96958,2.64155],[-74.97308,2.64406],[-74.98061,2.64482],[-74.97996,2.64273],[-74.98454,2.63515],[-74.99059,2.64099],[-75.00429,2.64358],[-75.00577,2.64168],[-75.01115,2.64653],[-75.01559,2.64155],[-75.02364,2.64128],[-75.02521,2.63838],[-75.02904,2.64261],[-75.03484,2.64158],[-75.04108,2.64388],[-75.03321,2.64711],[-75.03287,2.65075],[-75.03736,2.64952],[-75.04174,2.65298],[-75.04708,2.65362],[-75.04996,2.65115],[-75.05082,2.6534],[-75.05452,2.65358],[-75.05773,2.6625],[-75.05989,2.65873],[-75.05743,2.65122],[-75.04929,2.6426],[-75.05417,2.64016],[-75.05832,2.6405],[-75.05472,2.63574],[-75.0657,2.63162],[-75.07073,2.63238],[-75.07221,2.6291],[-75.07839,2.62683],[-75.08683,2.63084],[-75.08875,2.63729],[-75.09044,2.63619],[-75.08874,2.6314],[-75.09019,2.62778],[-75.093,2.63033],[-75.09749,2.6301],[-75.1029,2.63437],[-75.1075,2.63431],[-75.10921,2.62486],[-75.1128,2.61957],[-75.11271,2.61381],[-75.12021,2.60682],[-75.12675,2.60616],[-75.13243,2.602],[-75.13437,2.59909],[-75.13269,2.59515],[-75.15413,2.58119],[-75.15422,2.57372],[-75.15644,2.57086],[-75.15756,2.56363],[-75.16199,2.56141],[-75.16247,2.55633],[-75.17046,2.5507],[-75.17102,2.54609],[-75.17625,2.5364],[-75.18139,2.53108],[-75.18116,2.5283],[-75.17263,2.52383],[-75.18111,2.50707],[-75.18435,2.50636],[-75.19446,2.51194],[-75.20118,2.51132],[-75.20569,2.50854],[-75.2275,2.51127],[-75.2279,2.50658],[-75.22569,2.50253],[-75.23038,2.48632],[-75.22917,2.4825],[-75.22658,2.47911],[-75.21403,2.47839],[-75.21013,2.47529],[-75.20875,2.47794],[-75.20488,2.47934],[-75.20612,2.47769],[-75.20346,2.476],[-75.20481,2.47151],[-75.20111,2.46873],[-75.20808,2.46653],[-75.20935,2.4643],[-75.21542,2.46588],[-75.22083,2.46311],[-75.22713,2.46557],[-75.22996,2.47141],[-75.23079,2.46439],[-75.23534,2.46623],[-75.23578,2.46385],[-75.23964,2.46419],[-75.24277,2.46605],[-75.25334,2.45296],[-75.25059,2.44445],[-75.25953,2.44113],[-75.26293,2.43406],[-75.268,2.43049],[-75.27054,2.42246],[-75.27614,2.4247],[-75.27954,2.42271],[-75.28713,2.40973],[-75.2879,2.40295],[-75.28628,2.39641],[-75.28982,2.38917],[-75.29437,2.38209],[-75.30165,2.37886],[-75.30387,2.37123],[-75.31015,2.36161],[-75.31638,2.35884],[-75.32554,2.36492],[-75.32962,2.36531],[-75.33324,2.35953],[-75.34518,2.32653],[-75.35726,2.31989],[-75.3685,2.32428],[-75.37651,2.32166],[-75.38536,2.3155],[-75.39365,2.30489],[-75.39413,2.30036],[-75.39052,2.29333],[-75.39598,2.28832],[-75.40769,2.26526],[-75.40803,2.25968],[-75.41334,2.25003],[-75.41045,2.24515],[-75.41853,2.2384],[-75.43343,2.23246],[-75.43966,2.22071],[-75.43861,2.20781],[-75.43363,2.19886],[-75.4275,2.19736],[-75.42588,2.18992],[-75.42783,2.17899],[-75.43776,2.16492],[-75.44236,2.14702],[-75.44513,2.14422],[-75.45357,2.14515],[-75.46812,2.14165],[-75.47632,2.13548],[-75.48243,2.13594],[-75.48259,2.13411],[-75.48753,2.1327],[-75.48945,2.12894],[-75.48888,2.11967],[-75.49281,2.11754],[-75.49035,2.11456],[-75.49383,2.09715],[-75.49076,2.09662],[-75.48611,2.10059],[-75.47639,2.0944],[-75.47623,2.09415]]]},"properties":{"ap_nombre":"Miraflores Picachos","ap_categoria":"Parques Naturales Regionales","organizacion":"Corporación para el Desarrollo Sostenible del Sur de la Amazonia","area_ha_total_geografica":106554.42274496}},{"type":"Feature","geometry":{"type":"Polygon","coordinates":[[[-75.24611,3.1811],[-75.25044,3.18072],[-75.25066,3.17649],[-75.24797,3.17761],[-75.24654,3.17609],[-75.25186,3.17205],[-75.25167,3.1628],[-75.24696,3.15779],[-75.23477,3.15527],[-75.2337,3.15672],[-75.23947,3.16035],[-75.24436,3.1602],[-75.24027,3.17089],[-75.24294,3.18039],[-75.24587,3.18104],[-75.24611,3.1811]]]},"properties":{"ap_nombre":"Bateas- Cañadas de la Sucia","ap_categoria":"Reserva Natural de la Sociedad Civil","organizacion":"Parques Nacionales Naturales de Colombia","area_ha_total_geografica":261.18542927}},{"type":"Feature","geometry":{"type":"Polygon","coordinates":[[[-76.35149,1.82106],[-76.35311,1.82603],[-76.35189,1.81771],[-76.35188,1.82019],[-76.35149,1.82106]]]},"properties":{"ap_nombre":"El Mirador","ap_categoria":"Reserva Natural de la Sociedad Civil","organizacion":"Parques Nacionales Naturales de Colombia","area_ha_total_geografica":7.66664608}},{"type":"Feature","geometry":{"type":"Polygon","coordinates":[[[-75.69317,2.91862],[-75.69828,2.91699],[-75.69891,2.9146],[-75.69695,2.9143],[-75.69709,2.91261],[-75.69404,2.91406],[-75.69315,2.91842],[-75.69317,2.91862]]]},"properties":{"ap_nombre":"El Jardín","ap_categoria":"Reserva Natural de la Sociedad Civil","organizacion":"Parques Nacionales Naturales de Colombia","area_ha_total_geografica":24.23557706}},{"type":"Feature","geometry":{"type":"Polygon","coordinates":[[[-75.59738,2.96757],[-75.59742,2.96987],[-75.59947,2.96632],[-75.59865,2.96367],[-75.59739,2.96746],[-75.59738,2.96757]]]},"properties":{"ap_nombre":"La Constancia","ap_categoria":"Reserva Natural de la Sociedad Civil","organizacion":"Parques Nacionales Naturales de Colombia","area_ha_total_geografica":9.13516516}},{"type":"Feature","geometry":{"type":"Polygon","coordinates":[[[-75.68528,2.93581],[-75.68688,2.9371],[-75.6874,2.93338],[-75.68165,2.93283],[-75.68066,2.93072],[-75.67913,2.93205],[-75.67984,2.93585],[-75.68495,2.93576],[-75.68528,2.93581]]]},"properties":{"ap_nombre":"La Virginia","ap_categoria":"Reserva Natural de la Sociedad Civil","organizacion":"Parques Nacionales Naturales de Colombia","area_ha_total_geografica":28.74168425}},{"type":"Feature","geometry":{"type":"Polygon","coordinates":[[[-75.66727,2.97309],[-75.66896,2.97643],[-75.67265,2.97481],[-75.67262,2.97163],[-75.67084,2.97231],[-75.66732,2.96967],[-75.66575,2.97169],[-75.66727,2.973],[-75.66727,2.97309]]]},"properties":{"ap_nombre":"El Triunfo","ap_categoria":"Reserva Natural de la Sociedad Civil","organizacion":"Parques Nacionales Naturales de Colombia","area_ha_total_geografica":30.33137488}},{"type":"Feature","geometry":{"type":"Polygon","coordinates":[[[-74.58807,3.89342],[-74.58863,3.89058],[-74.59652,3.88505],[-74.60206,3.8874],[-74.60735,3.88366],[-74.61282,3.88464],[-74.61912,3.8699],[-74.62674,3.86626],[-74.62546,3.86458],[-74.61776,3.86401],[-74.62618,3.85602],[-74.62424,3.85192],[-74.6286,3.85081],[-74.63,3.84278],[-74.63578,3.84168],[-74.63684,3.83798],[-74.64748,3.83429],[-74.65389,3.82615],[-74.66132,3.82953],[-74.67041,3.82602],[-74.672,3.81729],[-74.69212,3.81048],[-74.70736,3.80161],[-74.70703,3.78889],[-74.70486,3.78103],[-74.70001,3.77435],[-74.70528,3.76193],[-74.7114,3.75449],[-74.70745,3.74398],[-74.70478,3.72759],[-74.6995,3.71939],[-74.69957,3.70913],[-74.69115,3.69608],[-74.69229,3.68492],[-74.69735,3.67715],[-74.69554,3.676],[-74.67687,3.68168],[-74.67281,3.68401],[-74.66726,3.69157],[-74.6624,3.68994],[-74.65964,3.69138],[-74.65469,3.6887],[-74.65374,3.69598],[-74.64774,3.69278],[-74.64306,3.69742],[-74.64112,3.69658],[-74.64135,3.69822],[-74.63745,3.69679],[-74.63631,3.69972],[-74.6329,3.69931],[-74.63137,3.70592],[-74.61763,3.70786],[-74.61476,3.71248],[-74.60923,3.71539],[-74.60498,3.72063],[-74.59797,3.72238],[-74.59384,3.72641],[-74.58717,3.73425],[-74.58524,3.74072],[-74.56688,3.75681],[-74.56164,3.76271],[-74.56108,3.7669],[-74.5576,3.76707],[-74.55764,3.77326],[-74.55435,3.77626],[-74.55307,3.78459],[-74.54642,3.79325],[-74.54674,3.80272],[-74.54488,3.80724],[-74.54174,3.81335],[-74.53586,3.81712],[-74.53452,3.82144],[-74.53683,3.82728],[-74.53117,3.83898],[-74.53284,3.84195],[-74.53946,3.84477],[-74.53717,3.85288],[-74.55937,3.86341],[-74.5684,3.87369],[-74.57446,3.87263],[-74.57622,3.87748],[-74.57881,3.87849],[-74.57551,3.88304],[-74.5762,3.88547],[-74.57934,3.88806],[-74.58125,3.88605],[-74.58192,3.88921],[-74.58794,3.89336],[-74.58807,3.89342]]]},"properties":{"ap_nombre":"Bosque de Galilea","ap_categoria":"Parques Naturales Regionales","organizacion":"Corporación Autónoma Regional del Tolima","area_ha_total_geografica":26654.06891876}},{"type":"Feature","geometry":{"type":"Polygon","coordinates":[[[-75.37596,3.37046],[-75.37911,3.37045],[-75.37928,3.36699],[-75.37414,3.36382],[-75.37241,3.36861],[-75.37373,3.37098],[-75.37566,3.37043],[-75.37596,3.37046]]]},"properties":{"ap_nombre":"El Limón","ap_categoria":"Reserva Natural de la Sociedad Civil","organizacion":"Parques Nacionales Naturales de Colombia","area_ha_total_geografica":39.96495173}},{"type":"Feature","geometry":{"type":"Polygon","coordinates":[[[-76.03781,1.783],[-76.0389,1.78368],[-76.03763,1.77879],[-76.03588,1.78088],[-76.03781,1.78299],[-76.03781,1.783]]]},"properties":{"ap_nombre":"El Recreo","ap_categoria":"Reserva Natural de la Sociedad Civil","organizacion":"Parques Nacionales Naturales de Colombia","area_ha_total_geografica":8.95643324}},{"type":"Feature","geometry":{"type":"Polygon","coordinates":[[[-76.11695,1.68176],[-76.11905,1.68058],[-76.11694,1.68174],[-76.11695,1.68176]]]},"properties":{"ap_nombre":"Las Palmas","ap_categoria":"Reserva Natural de la Sociedad Civil","organizacion":"Parques Nacionales Naturales de Colombia","area_ha_total_geografica":1.63805023}},{"type":"Feature","geometry":{"type":"Polygon","coordinates":[[[-76.11473,1.66218],[-76.11585,1.66126],[-76.1127,1.65921],[-76.11321,1.6609],[-76.1101,1.66024],[-76.10946,1.66171],[-76.11437,1.66175],[-76.11473,1.66218]]]},"properties":{"ap_nombre":"La Reserva","ap_categoria":"Reserva Natural de la Sociedad Civil","organizacion":"Parques Nacionales Naturales de Colombia","area_ha_total_geografica":9.5040172}},{"type":"Feature","geometry":{"type":"Polygon","coordinates":[[[-75.66123,2.98075],[-75.66401,2.98066],[-75.66315,2.97767],[-75.65941,2.97745],[-75.65604,2.97992],[-75.66048,2.98071],[-75.66123,2.98075]]]},"properties":{"ap_nombre":"El Paraíso","ap_categoria":"Reserva Natural de la Sociedad Civil","organizacion":"Parques Nacionales Naturales de Colombia","area_ha_total_geografica":25.32882727}},{"type":"Feature","geometry":{"type":"Polygon","coordinates":[[[-75.6719,2.98344],[-75.67508,2.98767],[-75.6748,2.98147],[-75.67022,2.98179],[-75.67147,2.98196],[-75.6719,2.98344]]]},"properties":{"ap_nombre":"Viflor","ap_categoria":"Reserva Natural de la Sociedad Civil","organizacion":"Parques Nacionales Naturales de Colombia","area_ha_total_geografica":23.75755146}},{"type":"Feature","geometry":{"type":"Polygon","coordinates":[[[-75.78311,2.44617],[-75.78189,2.44822],[-75.78435,2.44915],[-75.78546,2.44694],[-75.7841,2.44589],[-75.78311,2.44617]]]},"properties":{"ap_nombre":"El Pedregal","ap_categoria":"Reserva Natural de la Sociedad Civil","organizacion":"Parques Nacionales Naturales de Colombia","area_ha_total_geografica":10.62362328}},{"type":"Feature","geometry":{"type":"Polygon","coordinates":[[[-75.6696,2.98178],[-75.67252,2.97877],[-75.66439,2.97569],[-75.66401,2.98066],[-75.66916,2.98176],[-75.6696,2.98178]]]},"properties":{"ap_nombre":"La Floresta","ap_categoria":"Reserva Natural de la Sociedad Civil","organizacion":"Parques Nacionales Naturales de Colombia","area_ha_total_geografica":40.12874701}},{"type":"Feature","geometry":{"type":"Polygon","coordinates":[[[-75.75199,2.88857],[-75.75568,2.88769],[-75.75251,2.88775],[-75.74913,2.88486],[-75.75112,2.88121],[-75.74075,2.86764],[-75.74922,2.87284],[-75.75447,2.87292],[-75.75735,2.87694],[-75.76281,2.87265],[-75.76508,2.87645],[-75.76562,2.87308],[-75.7687,2.87192],[-75.76678,2.87107],[-75.76984,2.86608],[-75.77507,2.86886],[-75.77335,2.86511],[-75.77842,2.86518],[-75.77705,2.86208],[-75.77284,2.86351],[-75.77526,2.85862],[-75.77338,2.85837],[-75.77259,2.86214],[-75.76937,2.8625],[-75.76575,2.86704],[-75.76491,2.86547],[-75.76326,2.86873],[-75.75763,2.87163],[-75.75226,2.86855],[-75.75362,2.86182],[-75.74877,2.86306],[-75.7471,2.86001],[-75.74488,2.86088],[-75.74245,2.85835],[-75.74785,2.85345],[-75.75284,2.85422],[-75.75104,2.85285],[-75.75238,2.84803],[-75.7483,2.84552],[-75.749,2.84215],[-75.75575,2.83913],[-75.75909,2.83951],[-75.75688,2.83829],[-75.75744,2.83536],[-75.75565,2.83657],[-75.75346,2.83438],[-75.75143,2.83584],[-75.74802,2.83443],[-75.75047,2.82946],[-75.74969,2.82563],[-75.75182,2.82511],[-75.74894,2.82423],[-75.74601,2.82585],[-75.74808,2.81929],[-75.74967,2.81802],[-75.75314,2.81928],[-75.7531,2.81541],[-75.75478,2.81814],[-75.75637,2.81661],[-75.76102,2.82015],[-75.76035,2.8157],[-75.75787,2.81359],[-75.75916,2.8112],[-75.75408,2.80827],[-75.7592,2.80677],[-75.75597,2.80305],[-75.75185,2.8021],[-75.75216,2.79905],[-75.7496,2.79933],[-75.75161,2.79704],[-75.75717,2.79841],[-75.75874,2.79352],[-75.75647,2.7919],[-75.75917,2.7914],[-75.76044,2.78892],[-75.75969,2.79117],[-75.76394,2.79633],[-75.7636,2.80137],[-75.76856,2.8003],[-75.76821,2.79632],[-75.77242,2.79097],[-75.77101,2.78881],[-75.77298,2.78581],[-75.77149,2.78049],[-75.76654,2.77289],[-75.76783,2.77083],[-75.76567,2.7671],[-75.76659,2.76334],[-75.76918,2.76625],[-75.77326,2.78312],[-75.77702,2.78631],[-75.78186,2.78555],[-75.78171,2.78742],[-75.78567,2.78779],[-75.78548,2.7912],[-75.78321,2.79186],[-75.78517,2.79386],[-75.78385,2.79586],[-75.78634,2.80261],[-75.78742,2.8004],[-75.79038,2.79991],[-75.7916,2.79496],[-75.79646,2.79169],[-75.80005,2.78418],[-75.79822,2.78098],[-75.79891,2.77745],[-75.80309,2.78166],[-75.80149,2.78387],[-75.80309,2.7852],[-75.8027,2.79131],[-75.79749,2.79307],[-75.79813,2.79934],[-75.79184,2.8015],[-75.79389,2.80261],[-75.79338,2.80446],[-75.79896,2.80664],[-75.79908,2.8109],[-75.79625,2.81391],[-75.79201,2.81492],[-75.79132,2.81927],[-75.78868,2.82015],[-75.78929,2.82209],[-75.78079,2.82782],[-75.78183,2.82931],[-75.77948,2.83141],[-75.77778,2.83118],[-75.77674,2.8384],[-75.7787,2.83825],[-75.78229,2.83227],[-75.78426,2.83447],[-75.785,2.83055],[-75.78777,2.83034],[-75.79179,2.82654],[-75.79514,2.82981],[-75.79483,2.82665],[-75.79969,2.82183],[-75.80061,2.82626],[-75.80257,2.82546],[-75.80699,2.83162],[-75.806,2.83457],[-75.80813,2.83459],[-75.8113,2.8389],[-75.8136,2.83174],[-75.81749,2.8363],[-75.81919,2.83553],[-75.82201,2.84027],[-75.82633,2.84116],[-75.82665,2.84367],[-75.82983,2.84125],[-75.83163,2.84265],[-75.83321,2.84082],[-75.84321,2.84156],[-75.82775,2.83716],[-75.82543,2.83824],[-75.82027,2.831],[-75.81641,2.82953],[-75.81729,2.82543],[-75.81396,2.82177],[-75.80668,2.82105],[-75.80568,2.81952],[-75.80729,2.81094],[-75.80479,2.80812],[-75.80794,2.8016],[-75.80863,2.78916],[-75.8118,2.77904],[-75.80509,2.76745],[-75.80291,2.76858],[-75.80128,2.76547],[-75.7913,2.7617],[-75.78981,2.75844],[-75.78348,2.76331],[-75.77914,2.76072],[-75.77677,2.75414],[-75.77153,2.75481],[-75.75975,2.74994],[-75.75103,2.74218],[-75.7541,2.73622],[-75.75036,2.72701],[-75.7456,2.73478],[-75.74246,2.73547],[-75.74049,2.74541],[-75.73544,2.75293],[-75.73139,2.75378],[-75.72886,2.75124],[-75.73107,2.74427],[-75.72842,2.7437],[-75.72921,2.7413],[-75.72738,2.73986],[-75.72861,2.73489],[-75.73554,2.72725],[-75.73085,2.72232],[-75.72987,2.71355],[-75.73343,2.71163],[-75.73026,2.70813],[-75.72579,2.70712],[-75.72377,2.70367],[-75.72711,2.69879],[-75.73342,2.69734],[-75.73943,2.68686],[-75.74157,2.68643],[-75.74145,2.68111],[-75.74679,2.68113],[-75.74354,2.67605],[-75.7442,2.6738],[-75.74206,2.6729],[-75.73492,2.6754],[-75.73308,2.68068],[-75.73062,2.67674],[-75.7247,2.67292],[-75.71978,2.67343],[-75.70912,2.68321],[-75.69738,2.68525],[-75.69507,2.68065],[-75.68566,2.677],[-75.68215,2.67114],[-75.6704,2.6671],[-75.6697,2.6744],[-75.66574,2.67742],[-75.67006,2.68308],[-75.66989,2.68554],[-75.6624,2.6899],[-75.66651,2.69588],[-75.66449,2.69661],[-75.66601,2.70005],[-75.66265,2.70324],[-75.656,2.70453],[-75.65944,2.70675],[-75.65868,2.71103],[-75.66544,2.71441],[-75.66741,2.71288],[-75.66654,2.71037],[-75.67236,2.70672],[-75.6787,2.71175],[-75.67764,2.71589],[-75.68041,2.71537],[-75.68373,2.70997],[-75.68706,2.70951],[-75.6851,2.71288],[-75.68583,2.71648],[-75.68988,2.71787],[-75.68502,2.72038],[-75.68635,2.72234],[-75.68528,2.72736],[-75.68237,2.72419],[-75.67682,2.72627],[-75.6883,2.73112],[-75.68737,2.73304],[-75.69091,2.7332],[-75.69124,2.73657],[-75.69431,2.73872],[-75.69819,2.73482],[-75.70069,2.73619],[-75.70262,2.7337],[-75.70331,2.73572],[-75.70783,2.73323],[-75.70825,2.7372],[-75.7034,2.74929],[-75.69937,2.75251],[-75.69445,2.75327],[-75.68977,2.75002],[-75.68293,2.7595],[-75.66911,2.74743],[-75.66774,2.74986],[-75.66073,2.75067],[-75.65578,2.75487],[-75.65467,2.75288],[-75.6514,2.75696],[-75.65306,2.76282],[-75.64459,2.76645],[-75.64942,2.76944],[-75.65441,2.76846],[-75.65394,2.77222],[-75.65605,2.77397],[-75.65416,2.77646],[-75.65521,2.77871],[-75.6486,2.77853],[-75.64861,2.78467],[-75.65139,2.7853],[-75.65249,2.78305],[-75.65499,2.78447],[-75.65638,2.78958],[-75.65941,2.79125],[-75.65829,2.79321],[-75.66312,2.7955],[-75.66111,2.79655],[-75.66297,2.79925],[-75.65806,2.7992],[-75.65501,2.796],[-75.65441,2.80181],[-75.65173,2.80051],[-75.65233,2.80381],[-75.65086,2.80439],[-75.64831,2.8007],[-75.6467,2.80544],[-75.64364,2.79878],[-75.63893,2.80195],[-75.63758,2.80045],[-75.63511,2.80156],[-75.63327,2.80439],[-75.63228,2.80164],[-75.6306,2.80196],[-75.63107,2.80605],[-75.62487,2.81555],[-75.61731,2.81697],[-75.61287,2.81382],[-75.61343,2.81868],[-75.60945,2.82144],[-75.61338,2.82764],[-75.61637,2.82896],[-75.61811,2.8337],[-75.61345,2.83282],[-75.61124,2.83524],[-75.61048,2.83168],[-75.60846,2.83094],[-75.60735,2.83304],[-75.60529,2.83275],[-75.60458,2.83615],[-75.59957,2.83318],[-75.59965,2.83115],[-75.59549,2.83031],[-75.59569,2.8243],[-75.59265,2.82955],[-75.59041,2.83009],[-75.59169,2.83345],[-75.58961,2.83931],[-75.58239,2.83709],[-75.58005,2.84295],[-75.59348,2.85018],[-75.59545,2.85381],[-75.60211,2.85865],[-75.60488,2.85501],[-75.60683,2.85728],[-75.61322,2.85712],[-75.61278,2.85992],[-75.61738,2.86395],[-75.62197,2.86201],[-75.62359,2.86972],[-75.62697,2.86799],[-75.62465,2.86353],[-75.62697,2.86213],[-75.6278,2.8584],[-75.6333,2.86196],[-75.63431,2.85684],[-75.63706,2.85729],[-75.63824,2.85542],[-75.63591,2.85319],[-75.63955,2.8521],[-75.6423,2.84699],[-75.64502,2.84697],[-75.64629,2.85036],[-75.64953,2.84545],[-75.65192,2.84573],[-75.65225,2.84256],[-75.65811,2.83578],[-75.65744,2.83348],[-75.65892,2.83391],[-75.66765,2.82621],[-75.66529,2.82496],[-75.66574,2.82337],[-75.67405,2.82069],[-75.67803,2.82284],[-75.67874,2.81935],[-75.6825,2.81773],[-75.68242,2.81391],[-75.68589,2.81306],[-75.68361,2.80821],[-75.68731,2.80792],[-75.68608,2.80561],[-75.68839,2.80369],[-75.68494,2.80242],[-75.68465,2.79999],[-75.67624,2.80192],[-75.67738,2.7924],[-75.68076,2.79518],[-75.68493,2.7927],[-75.68752,2.79481],[-75.69191,2.79301],[-75.69078,2.79667],[-75.69303,2.79877],[-75.69687,2.7943],[-75.69934,2.79641],[-75.7034,2.79529],[-75.70362,2.79702],[-75.70047,2.79917],[-75.70187,2.80013],[-75.69911,2.80778],[-75.70336,2.80778],[-75.69822,2.81265],[-75.69459,2.81287],[-75.69355,2.81935],[-75.69684,2.81899],[-75.69706,2.82327],[-75.69999,2.82101],[-75.70236,2.82217],[-75.7032,2.81889],[-75.70491,2.81927],[-75.70574,2.82195],[-75.70274,2.82682],[-75.7066,2.82731],[-75.70651,2.83268],[-75.7137,2.82943],[-75.71522,2.83465],[-75.7125,2.8375],[-75.70944,2.83587],[-75.70753,2.84145],[-75.70394,2.84245],[-75.70362,2.84511],[-75.70691,2.84563],[-75.70691,2.85721],[-75.71551,2.84907],[-75.72282,2.85777],[-75.7267,2.85317],[-75.7288,2.84675],[-75.73207,2.84418],[-75.73455,2.84747],[-75.73151,2.85247],[-75.7308,2.85789],[-75.73253,2.86152],[-75.7235,2.86628],[-75.72442,2.8768],[-75.72215,2.87906],[-75.72493,2.88133],[-75.7235,2.88541],[-75.72594,2.88564],[-75.72837,2.88181],[-75.73614,2.88696],[-75.7368,2.88557],[-75.72928,2.87914],[-75.72988,2.87364],[-75.73343,2.87013],[-75.73579,2.87458],[-75.73882,2.87327],[-75.7443,2.87617],[-75.74513,2.87991],[-75.74674,2.87947],[-75.74805,2.88246],[-75.74587,2.88404],[-75.75197,2.88854],[-75.75199,2.88857]]]},"properties":{"ap_nombre":"Cerro Banderas Ojo Blanco","ap_categoria":"Distritos Regionales de Manejo Integrado","organizacion":"Corporación Autónoma Regional del Alto Magdalena","area_ha_total_geografica":22073.79294371}},{"type":"Feature","geometry":{"type":"Polygon","coordinates":[[[-76.23464,1.91843],[-76.23469,1.91634],[-76.23355,1.91699],[-76.23464,1.91843]]]},"properties":{"ap_nombre":"La Floresta","ap_categoria":"Reserva Natural de la Sociedad Civil","organizacion":"Parques Nacionales Naturales de Colombia","area_ha_total_geografica":2.40855564}},{"type":"Feature","geometry":{"type":"Polygon","coordinates":[[[-75.23367,2.76846],[-75.23388,2.77034],[-75.23377,2.76844],[-75.23367,2.76846]]]},"properties":{"ap_nombre":"Villa Stefany","ap_categoria":"Reserva Natural de la Sociedad Civil","organizacion":"Parques Nacionales Naturales de Colombia","area_ha_total_geografica":3.00085809}},{"type":"Feature","geometry":{"type":"Polygon","coordinates":[[[-76.23017,1.92066],[-76.23173,1.91905],[-76.23542,1.9198],[-76.23171,1.91759],[-76.23017,1.92065],[-76.23017,1.92066]]]},"properties":{"ap_nombre":"La Montañita","ap_categoria":"Reserva Natural de la Sociedad Civil","organizacion":"Parques Nacionales Naturales de Colombia","area_ha_total_geografica":11.87022763}},{"type":"Feature","geometry":{"type":"Polygon","coordinates":[[[-75.6548,2.97475],[-75.65874,2.97163],[-75.65576,2.96879],[-75.65361,2.97144],[-75.65427,2.97463],[-75.6548,2.97475]]]},"properties":{"ap_nombre":"Villarosa","ap_categoria":"Reserva Natural de la Sociedad Civil","organizacion":"Parques Nacionales Naturales de Colombia","area_ha_total_geografica":24.99994394}},{"type":"Feature","geometry":{"type":"MultiPolygon","coordinates":[[[[-75.65496,2.97971],[-75.66315,2.97767],[-75.66281,2.97075],[-75.66234,2.97307],[-75.65706,2.97477],[-75.65639,2.97592],[-75.65866,2.97681],[-75.65467,2.97931],[-75.65496,2.97971]]],[[[-75.6532,2.97931],[-75.65829,2.97723],[-75.65657,2.9752],[-75.66229,2.97303],[-75.66187,2.97082],[-75.65326,2.97467],[-75.65272,2.97895],[-75.6532,2.97931]]]]},"properties":{"ap_nombre":"La Trigueña y Las Delicias","ap_categoria":"Reserva Natural de la Sociedad Civil","organizacion":"Parques Nacionales Naturales de Colombia","area_ha_total_geografica":77.33075442}},{"type":"Feature","geometry":{"type":"Polygon","coordinates":[[[-76.06733,2.10119],[-76.0689,2.10192],[-76.07292,2.0954],[-76.09132,2.09956],[-76.09987,2.0919],[-76.10937,2.09658],[-76.11419,2.09585],[-76.11811,2.09216],[-76.11866,2.08516],[-76.12868,2.07747],[-76.12745,2.07265],[-76.12128,2.06544],[-76.11763,2.06672],[-76.11603,2.06513],[-76.11475,2.06772],[-76.11118,2.06736],[-76.10918,2.07017],[-76.10316,2.07189],[-76.10213,2.07435],[-76.10371,2.07731],[-76.09908,2.07641],[-76.09824,2.07283],[-76.10177,2.06858],[-76.09785,2.06517],[-76.09848,2.06307],[-76.09098,2.05725],[-76.08902,2.06015],[-76.08392,2.05281],[-76.08007,2.05173],[-76.07948,2.04834],[-76.07638,2.04928],[-76.07409,2.04786],[-76.06986,2.04851],[-76.06506,2.05358],[-76.06068,2.05198],[-76.06075,2.05593],[-76.06347,2.05954],[-76.06145,2.06378],[-76.06441,2.0668],[-76.05966,2.07328],[-76.05589,2.06977],[-76.052,2.07319],[-76.04876,2.06808],[-76.04645,2.07076],[-76.04119,2.07053],[-76.03959,2.06734],[-76.03754,2.06994],[-76.0388,2.07388],[-76.03247,2.0749],[-76.03165,2.07825],[-76.02534,2.07626],[-76.02748,2.08314],[-76.02582,2.08653],[-76.03109,2.0886],[-76.03038,2.09159],[-76.03744,2.08836],[-76.03775,2.08333],[-76.04065,2.0834],[-76.04195,2.0857],[-76.0425,2.0924],[-76.03677,2.09761],[-76.03676,2.10025],[-76.0421,2.09913],[-76.04408,2.10182],[-76.05288,2.09732],[-76.05382,2.10053],[-76.06725,2.10113],[-76.06733,2.10119]]]},"properties":{"ap_nombre":"Serranía de Minas","ap_categoria":"Parques Naturales Regionales","organizacion":"Corporación Autónoma Regional del Alto Magdalena","area_ha_total_geografica":3766.72161547}},{"type":"Feature","geometry":{"type":"Polygon","coordinates":[[[-75.89061,2.32789],[-75.89277,2.33448],[-75.90199,2.32625],[-75.89694,2.31847],[-75.89798,2.31271],[-75.90798,2.31701],[-75.91301,2.31636],[-75.90809,2.30591],[-75.91096,2.30605],[-75.91305,2.3026],[-75.91122,2.29326],[-75.91468,2.28872],[-75.92169,2.28608],[-75.9288,2.28024],[-75.92881,2.27487],[-75.925,2.27267],[-75.92644,2.27041],[-75.93062,2.27009],[-75.92947,2.26055],[-75.93165,2.26009],[-75.94071,2.2673],[-75.94623,2.26814],[-75.94923,2.26328],[-75.9461,2.25776],[-75.94246,2.25663],[-75.94042,2.25798],[-75.93996,2.25427],[-75.93635,2.25196],[-75.93831,2.24804],[-75.93164,2.25106],[-75.93076,2.25651],[-75.92854,2.25298],[-75.92173,2.25364],[-75.92683,2.25087],[-75.92926,2.24387],[-75.93115,2.24648],[-75.9348,2.24357],[-75.93575,2.24101],[-75.9342,2.23809],[-75.93829,2.23667],[-75.93727,2.23436],[-75.9422,2.22594],[-75.93993,2.22552],[-75.93703,2.2287],[-75.93079,2.23065],[-75.93136,2.2277],[-75.93505,2.22694],[-75.93949,2.22043],[-75.94002,2.21529],[-75.93846,2.21311],[-75.93972,2.2108],[-75.93426,2.21337],[-75.93322,2.2101],[-75.93487,2.20693],[-75.9273,2.20853],[-75.92295,2.20669],[-75.92882,2.20535],[-75.93364,2.20041],[-75.9396,2.19773],[-75.93612,2.19466],[-75.94906,2.18555],[-75.95532,2.18337],[-75.96667,2.183],[-75.96987,2.17818],[-75.97473,2.17556],[-75.97462,2.18209],[-75.97713,2.18223],[-75.98064,2.17795],[-75.98442,2.18397],[-75.98471,2.18055],[-75.98916,2.18113],[-75.99091,2.17827],[-75.99345,2.17801],[-75.99339,2.17472],[-75.98952,2.1709],[-75.99278,2.17187],[-75.99347,2.16795],[-75.99997,2.17415],[-76.0036,2.16987],[-76.00952,2.17029],[-76.00546,2.16271],[-76.01021,2.1643],[-76.01658,2.16097],[-76.02439,2.1605],[-76.02547,2.1542],[-76.02938,2.15321],[-76.02905,2.1511],[-76.03211,2.15182],[-76.0325,2.14873],[-76.03835,2.14522],[-76.03918,2.1411],[-76.04315,2.14321],[-76.04555,2.13478],[-76.04691,2.13854],[-76.04953,2.13932],[-76.04895,2.14856],[-76.05086,2.15191],[-76.06272,2.13777],[-76.06087,2.13326],[-76.06525,2.13323],[-76.06856,2.12395],[-76.07143,2.12402],[-76.07405,2.12746],[-76.07409,2.13136],[-76.07744,2.13691],[-76.077,2.14159],[-76.08232,2.14929],[-76.08641,2.14495],[-76.09445,2.14589],[-76.09437,2.14243],[-76.11158,2.1399],[-76.11842,2.13222],[-76.12087,2.13216],[-76.11734,2.12506],[-76.11804,2.12127],[-76.11503,2.119],[-76.11397,2.10808],[-76.10937,2.09658],[-76.09987,2.0919],[-76.09132,2.09956],[-76.07292,2.0954],[-76.0684,2.10227],[-76.05382,2.10053],[-76.05288,2.09732],[-76.04442,2.10175],[-76.0421,2.09913],[-76.03731,2.10054],[-76.03677,2.09761],[-76.0425,2.0924],[-76.04089,2.08369],[-76.03775,2.08333],[-76.03744,2.08836],[-76.03038,2.09159],[-76.03109,2.0886],[-76.02582,2.08653],[-76.0273,2.07987],[-76.02173,2.07169],[-76.01317,2.06797],[-76.01125,2.07096],[-76.00411,2.07151],[-76.00529,2.07278],[-76.00293,2.07964],[-75.99709,2.07936],[-75.99626,2.08381],[-75.99192,2.08637],[-75.98763,2.07886],[-75.98485,2.08193],[-75.9783,2.07868],[-75.98178,2.0663],[-75.97875,2.06525],[-75.97454,2.06964],[-75.97287,2.07714],[-75.9676,2.08585],[-75.96821,2.09004],[-75.9662,2.09045],[-75.96647,2.09599],[-75.96217,2.10692],[-75.95819,2.11046],[-75.96035,2.1178],[-75.95677,2.1174],[-75.95424,2.11451],[-75.95375,2.11619],[-75.94958,2.11563],[-75.94289,2.11905],[-75.94171,2.11717],[-75.94423,2.11382],[-75.9417,2.11104],[-75.94378,2.106],[-75.93669,2.10627],[-75.93181,2.10082],[-75.92725,2.11637],[-75.92114,2.1093],[-75.91847,2.1207],[-75.91445,2.12373],[-75.91811,2.13259],[-75.9094,2.13139],[-75.90443,2.13378],[-75.90479,2.13567],[-75.90175,2.13714],[-75.90306,2.13871],[-75.90184,2.1415],[-75.9001,2.14142],[-75.89862,2.1481],[-75.89439,2.15116],[-75.89898,2.15537],[-75.90181,2.15323],[-75.90743,2.15769],[-75.90362,2.1581],[-75.89988,2.16367],[-75.8975,2.16132],[-75.89533,2.16202],[-75.89561,2.16694],[-75.91,2.17066],[-75.91069,2.17413],[-75.90316,2.18558],[-75.90031,2.18361],[-75.89407,2.19571],[-75.88957,2.19153],[-75.88279,2.19916],[-75.87794,2.19604],[-75.87603,2.20219],[-75.87305,2.20336],[-75.8771,2.20915],[-75.8814,2.20699],[-75.88325,2.20903],[-75.8795,2.2159],[-75.88074,2.21691],[-75.88434,2.21714],[-75.88672,2.2149],[-75.88816,2.21726],[-75.89213,2.21582],[-75.89702,2.20679],[-75.90299,2.20393],[-75.90802,2.20781],[-75.90689,2.21609],[-75.91123,2.21442],[-75.9098,2.22286],[-75.90564,2.22352],[-75.90149,2.22775],[-75.89908,2.2364],[-75.89439,2.23877],[-75.89362,2.24272],[-75.88829,2.24543],[-75.88904,2.25724],[-75.87909,2.27555],[-75.8818,2.27725],[-75.87875,2.28061],[-75.88484,2.28785],[-75.8888,2.29819],[-75.88691,2.30297],[-75.8913,2.30865],[-75.88565,2.30783],[-75.88147,2.30947],[-75.87619,2.30793],[-75.87127,2.31114],[-75.87576,2.31505],[-75.87715,2.32419],[-75.88001,2.32323],[-75.88072,2.3311],[-75.88709,2.33131],[-75.89041,2.32736],[-75.89061,2.32789]]]},"properties":{"ap_nombre":"Serranía de Minas","ap_categoria":"Distritos Regionales de Manejo Integrado","organizacion":"Corporación Autónoma Regional del Alto Magdalena","area_ha_total_geografica":24448.95414012}},{"type":"Feature","geometry":{"type":"Polygon","coordinates":[[[-76.38705,1.83236],[-76.38357,1.83164],[-76.38704,1.83236],[-76.38705,1.83236]]]},"properties":{"ap_nombre":"Lote De Gastos","ap_categoria":"Reserva Natural de la Sociedad Civil","organizacion":"Parques Nacionales Naturales de Colombia","area_ha_total_geografica":3.640799}},{"type":"Feature","geometry":{"type":"Polygon","coordinates":[[[-75.66674,2.33247],[-75.67754,2.31596],[-75.6707,2.31044],[-75.66134,2.30796],[-75.65942,2.31107],[-75.66522,2.31299],[-75.65643,2.31334],[-75.65816,2.31677],[-75.65503,2.31679],[-75.65703,2.32062],[-75.65499,2.32288],[-75.65291,2.31818],[-75.65034,2.32085],[-75.65321,2.32182],[-75.65179,2.32361],[-75.65311,2.32571],[-75.65562,2.32453],[-75.66255,2.33151],[-75.66673,2.33246],[-75.66674,2.33247]]]},"properties":{"ap_nombre":"Matambo 2","ap_categoria":"Reserva Natural de la Sociedad Civil","organizacion":"Parques Nacionales Naturales de Colombia","area_ha_total_geografica":413.27516041}},{"type":"Feature","geometry":{"type":"Polygon","coordinates":[[[-75.21624,2.77368],[-75.21811,2.77307],[-75.21582,2.77329],[-75.21624,2.77368]]]},"properties":{"ap_nombre":"La Esperanza","ap_categoria":"Reserva Natural de la Sociedad Civil","organizacion":"Parques Nacionales Naturales de Colombia","area_ha_total_geografica":1.64870693}},{"type":"Feature","geometry":{"type":"MultiPolygon","coordinates":[[[[-75.65681,2.29942],[-75.66637,2.29068],[-75.66931,2.28946],[-75.67079,2.29124],[-75.67039,2.28921],[-75.67249,2.28628],[-75.67388,2.28726],[-75.67416,2.28455],[-75.67711,2.28495],[-75.677,2.28249],[-75.67963,2.28223],[-75.67851,2.28399],[-75.68047,2.28465],[-75.68598,2.28109],[-75.69039,2.28399],[-75.69218,2.27755],[-75.6897,2.27751],[-75.68576,2.27142],[-75.68998,2.26809],[-75.6934,2.27127],[-75.70128,2.25483],[-75.7,2.25316],[-75.6965,2.25334],[-75.69673,2.25041],[-75.69278,2.24725],[-75.69125,2.251],[-75.6893,2.24775],[-75.68692,2.24982],[-75.69387,2.25344],[-75.6888,2.25254],[-75.6909,2.25776],[-75.68801,2.25569],[-75.68515,2.25646],[-75.68714,2.25717],[-75.68568,2.2589],[-75.68883,2.26468],[-75.68217,2.26998],[-75.67953,2.26743],[-75.67826,2.25971],[-75.67636,2.25997],[-75.67732,2.26402],[-75.67532,2.26379],[-75.67416,2.25908],[-75.67099,2.25785],[-75.66894,2.25813],[-75.67099,2.25977],[-75.66775,2.26015],[-75.66952,2.26235],[-75.66791,2.26353],[-75.66562,2.26125],[-75.66465,2.26305],[-75.66014,2.26132],[-75.65985,2.26381],[-75.65665,2.26256],[-75.65657,2.26537],[-75.65361,2.26741],[-75.65301,2.27423],[-75.64897,2.27645],[-75.65386,2.27498],[-75.6566,2.26725],[-75.659,2.2664],[-75.66022,2.26677],[-75.65744,2.26904],[-75.65941,2.26971],[-75.65754,2.27038],[-75.65702,2.27485],[-75.66192,2.27517],[-75.66034,2.27761],[-75.66323,2.27566],[-75.66315,2.27964],[-75.66656,2.27609],[-75.66702,2.27895],[-75.66967,2.27462],[-75.67159,2.27469],[-75.66699,2.28321],[-75.66282,2.28687],[-75.66412,2.28835],[-75.66071,2.28968],[-75.66133,2.29369],[-75.65929,2.2959],[-75.65762,2.29469],[-75.65686,2.29937],[-75.65681,2.29942]]],[[[-75.70223,2.32107],[-75.70543,2.32146],[-75.70764,2.31962],[-75.70588,2.31493],[-75.70177,2.31004],[-75.70026,2.31051],[-75.70073,2.30474],[-75.70365,2.30605],[-75.7045,2.30257],[-75.70351,2.2996],[-75.70492,2.29846],[-75.70269,2.29699],[-75.70603,2.28913],[-75.70342,2.28893],[-75.70287,2.28692],[-75.70504,2.28256],[-75.69491,2.28038],[-75.69831,2.27657],[-75.69542,2.27384],[-75.6984,2.27184],[-75.69683,2.26436],[-75.70247,2.26179],[-75.7019,2.25504],[-75.6964,2.26475],[-75.69511,2.27768],[-75.69301,2.27845],[-75.6917,2.28292],[-75.6945,2.28488],[-75.69048,2.28704],[-75.68085,2.31567],[-75.68283,2.31276],[-75.68291,2.31859],[-75.69003,2.32018],[-75.6993,2.31593],[-75.70251,2.31781],[-75.70205,2.32097],[-75.70223,2.32107]]],[[[-75.67854,2.31532],[-75.68024,2.31536],[-75.68951,2.28721],[-75.68202,2.28786],[-75.68521,2.29466],[-75.6792,2.28939],[-75.67621,2.28954],[-75.67432,2.29131],[-75.67744,2.29686],[-75.67296,2.29347],[-75.67153,2.29557],[-75.67319,2.29828],[-75.6685,2.29964],[-75.66863,2.30298],[-75.67549,2.30187],[-75.6749,2.30347],[-75.67751,2.30527],[-75.66621,2.30415],[-75.66658,2.30595],[-75.67191,2.30613],[-75.67427,2.30979],[-75.67258,2.31158],[-75.67855,2.31531],[-75.67854,2.31532]]],[[[-75.69852,2.26019],[-75.6942,2.27243],[-75.69613,2.26464],[-75.70154,2.25491],[-75.69852,2.26019]]],[[[-75.68989,2.28711],[-75.68057,2.31561],[-75.6899,2.28711],[-75.68989,2.28711]]],[[[-75.69157,2.28071],[-75.69081,2.28349],[-75.69241,2.27773],[-75.69157,2.28071]]]]},"properties":{"ap_nombre":"Matambo 3","ap_categoria":"Reserva Natural de la Sociedad Civil","organizacion":"Parques Nacionales Naturales de Colombia","area_ha_total_geografica":2266.63213615}},{"type":"Feature","geometry":{"type":"Polygon","coordinates":[[[-75.7922,2.37595],[-75.79345,2.37633],[-75.79249,2.37328],[-75.7907,2.37471],[-75.79198,2.37577],[-75.7922,2.37595]]]},"properties":{"ap_nombre":"La Miranda","ap_categoria":"Reserva Natural de la Sociedad Civil","organizacion":"Parques Nacionales Naturales de Colombia","area_ha_total_geografica":6.50000123}},{"type":"Feature","geometry":{"type":"Polygon","coordinates":[[[-75.7938,2.3495],[-75.79561,2.34887],[-75.79378,2.3495],[-75.7938,2.3495]]]},"properties":{"ap_nombre":"Laguna Lote Rural","ap_categoria":"Reserva Natural de la Sociedad Civil","organizacion":"Parques Nacionales Naturales de Colombia","area_ha_total_geografica":1.86431038}},{"type":"Feature","geometry":{"type":"Polygon","coordinates":[[[-75.67621,2.89043],[-75.67803,2.89123],[-75.68139,2.88354],[-75.68159,2.87829],[-75.67841,2.87454],[-75.67476,2.87735],[-75.67195,2.87619],[-75.668,2.88102],[-75.66476,2.88131],[-75.66189,2.88856],[-75.66721,2.88849],[-75.67304,2.89125],[-75.67613,2.89038],[-75.67621,2.89043]]]},"properties":{"ap_nombre":"Birmania","ap_categoria":"Reserva Natural de la Sociedad Civil","organizacion":"Parques Nacionales Naturales de Colombia","area_ha_total_geografica":256.28682921}},{"type":"Feature","geometry":{"type":"Polygon","coordinates":[[[-75.16233,2.82737],[-75.16249,2.82911],[-75.16252,2.82733],[-75.16233,2.82737]]]},"properties":{"ap_nombre":"Bellavista","ap_categoria":"Reserva Natural de la Sociedad Civil","organizacion":"Parques Nacionales Naturales de Colombia","area_ha_total_geografica":2.45985874}},{"type":"Feature","geometry":{"type":"Polygon","coordinates":[[[-75.79611,2.38177],[-75.79831,2.3808],[-75.79742,2.37885],[-75.79564,2.37962],[-75.79611,2.38175],[-75.79611,2.38177]]]},"properties":{"ap_nombre":"Los Pomos","ap_categoria":"Reserva Natural de la Sociedad Civil","organizacion":"Parques Nacionales Naturales de Colombia","area_ha_total_geografica":5.58739311}},{"type":"Feature","geometry":{"type":"Polygon","coordinates":[[[-75.64505,2.84709],[-75.64192,2.85164],[-75.64494,2.85427],[-75.6451,2.84705],[-75.64505,2.84709]]]},"properties":{"ap_nombre":"Lote Cinco","ap_categoria":"Reserva Natural de la Sociedad Civil","organizacion":"Parques Nacionales Naturales de Colombia","area_ha_total_geografica":11.54880601}},{"type":"Feature","geometry":{"type":"Polygon","coordinates":[[[-75.75556,2.36269],[-75.7577,2.36635],[-75.75715,2.36211],[-75.75579,2.36226],[-75.75556,2.36269]]]},"properties":{"ap_nombre":"La Estrella","ap_categoria":"Reserva Natural de la Sociedad Civil","organizacion":"Parques Nacionales Naturales de Colombia","area_ha_total_geografica":8.00578833}},{"type":"Feature","geometry":{"type":"MultiPolygon","coordinates":[[[[-75.79918,2.38043],[-75.7986,2.38155],[-75.80073,2.38183],[-75.79922,2.38042],[-75.79918,2.38043]]],[[[-75.79834,2.38237],[-75.7984,2.38239],[-75.79845,2.38243],[-75.79851,2.38246],[-75.79855,2.38249],[-75.79859,2.38252],[-75.79861,2.38253],[-75.79869,2.38257],[-75.79869,2.38257],[-75.79868,2.38248],[-75.79868,2.38245],[-75.79868,2.38242],[-75.79868,2.38236],[-75.7987,2.38232],[-75.79873,2.38227],[-75.79876,2.38225],[-75.79882,2.3822],[-75.79885,2.38218],[-75.79889,2.38217],[-75.79894,2.38215],[-75.799,2.38213],[-75.79904,2.38211],[-75.79907,2.38209],[-75.79903,2.38207],[-75.79898,2.38204],[-75.79891,2.38201],[-75.79884,2.38198],[-75.79877,2.38194],[-75.7987,2.38191],[-75.79863,2.38188],[-75.79857,2.38184],[-75.7985,2.3818],[-75.79849,2.3818],[-75.7984,2.38193],[-75.79826,2.38204],[-75.79799,2.38223],[-75.79799,2.38223],[-75.79805,2.38226],[-75.79819,2.38235],[-75.79828,2.38235],[-75.79834,2.38237]]]]},"properties":{"ap_nombre":"Bella Vista","ap_categoria":"Reserva Natural de la Sociedad Civil","organizacion":"Parques Nacionales Naturales de Colombia","area_ha_total_geografica":2.7932162}},{"type":"Feature","geometry":{"type":"Polygon","coordinates":[[[-74.93692,3.10904],[-74.93807,3.11356],[-74.94264,3.10737],[-74.93983,3.10512],[-74.93692,3.10903],[-74.93692,3.10904]]]},"properties":{"ap_nombre":"Los Liberales","ap_categoria":"Reserva Natural de la Sociedad Civil","organizacion":"Parques Nacionales Naturales de Colombia","area_ha_total_geografica":34.7760607}},{"type":"Feature","geometry":{"type":"Polygon","coordinates":[[[-75.62335,2.90468],[-75.6242,2.91095],[-75.62345,2.90465],[-75.62335,2.90468]]]},"properties":{"ap_nombre":"La Estrella","ap_categoria":"Reserva Natural de la Sociedad Civil","organizacion":"Parques Nacionales Naturales de Colombia","area_ha_total_geografica":6.49171863}},{"type":"Feature","geometry":{"type":"Polygon","coordinates":[[[-75.6433,2.8455],[-75.64316,2.84956],[-75.6451,2.84705],[-75.64364,2.84482],[-75.6433,2.8455]]]},"properties":{"ap_nombre":"Lote #4","ap_categoria":"Reserva Natural de la Sociedad Civil","organizacion":"Parques Nacionales Naturales de Colombia","area_ha_total_geografica":9.10107258}},{"type":"Feature","geometry":{"type":"Polygon","coordinates":[[[-76.23703,2.02747],[-76.23938,2.02502],[-76.23706,2.02135],[-76.23474,2.02386],[-76.23684,2.02736],[-76.23703,2.02747]]]},"properties":{"ap_nombre":"Las Quinquinas","ap_categoria":"Reserva Natural de la Sociedad Civil","organizacion":"Parques Nacionales Naturales de Colombia","area_ha_total_geografica":20.10069592}},{"type":"Feature","geometry":{"type":"Polygon","coordinates":[[[-76.33629,1.94498],[-76.33801,1.94689],[-76.33657,1.94319],[-76.33629,1.94498]]]},"properties":{"ap_nombre":"Lote Mireya","ap_categoria":"Reserva Natural de la Sociedad Civil","organizacion":"Parques Nacionales Naturales de Colombia","area_ha_total_geografica":6.99689792}},{"type":"Feature","geometry":{"type":"Polygon","coordinates":[[[-75.78861,2.53138],[-75.78992,2.53015],[-75.78838,2.53136],[-75.78861,2.53138]]]},"properties":{"ap_nombre":"El Trébol","ap_categoria":"Reserva Natural de la Sociedad Civil","organizacion":"Parques Nacionales Naturales de Colombia","area_ha_total_geografica":2.49982478}},{"type":"Feature","geometry":{"type":"Polygon","coordinates":[[[-76.02318,1.79197],[-76.02041,1.79381],[-76.02101,1.79849],[-76.02643,1.79509],[-76.02326,1.79195],[-76.02318,1.79197]]]},"properties":{"ap_nombre":"1810","ap_categoria":"Reserva Natural de la Sociedad Civil","organizacion":"Parques Nacionales Naturales de Colombia","area_ha_total_geografica":24.3572482}},{"type":"Feature","geometry":{"type":"Polygon","coordinates":[[[-76.01009,2.04664],[-76.01247,2.04762],[-76.01006,2.04664],[-76.01009,2.04664]]]},"properties":{"ap_nombre":"Buena Vista","ap_categoria":"Reserva Natural de la Sociedad Civil","organizacion":"Parques Nacionales Naturales de Colombia","area_ha_total_geografica":3.61593765}},{"type":"Feature","geometry":{"type":"Polygon","coordinates":[[[-76.26339,1.88783],[-76.2617,1.88591],[-76.26304,1.88778],[-76.26339,1.88783]]]},"properties":{"ap_nombre":"Viracocha","ap_categoria":"Reserva Natural de la Sociedad Civil","organizacion":"Parques Nacionales Naturales de Colombia","area_ha_total_geografica":1.94634472}},{"type":"Feature","geometry":{"type":"Polygon","coordinates":[[[-75.77928,2.53222],[-75.78258,2.5326],[-75.78083,2.53038],[-75.77934,2.53221],[-75.77928,2.53222]]]},"properties":{"ap_nombre":"Versalles","ap_categoria":"Reserva Natural de la Sociedad Civil","organizacion":"Parques Nacionales Naturales de Colombia","area_ha_total_geografica":7.55360217}},{"type":"Feature","geometry":{"type":"Polygon","coordinates":[[[-75.62607,2.87724],[-75.62424,2.87853],[-75.62504,2.87981],[-75.63405,2.87554],[-75.6307,2.87357],[-75.62633,2.8771],[-75.62607,2.87724]]]},"properties":{"ap_nombre":"Alta Gracia","ap_categoria":"Reserva Natural de la Sociedad Civil","organizacion":"Parques Nacionales Naturales de Colombia","area_ha_total_geografica":27.24665164}},{"type":"Feature","geometry":{"type":"Polygon","coordinates":[[[-75.95736,2.1811],[-75.95849,2.18576],[-75.95968,2.18489],[-75.95814,2.18104],[-75.95736,2.1811]]]},"properties":{"ap_nombre":"Buena Vista","ap_categoria":"Reserva Natural de la Sociedad Civil","organizacion":"Parques Nacionales Naturales de Colombia","area_ha_total_geografica":10.82414062}},{"type":"Feature","geometry":{"type":"Polygon","coordinates":[[[-75.75693,2.65385],[-75.75833,2.65577],[-75.7569,2.6535],[-75.75693,2.65385]]]},"properties":{"ap_nombre":"Los Eucaliptos","ap_categoria":"Reserva Natural de la Sociedad Civil","organizacion":"Parques Nacionales Naturales de Colombia","area_ha_total_geografica":2.90166812}},{"type":"Feature","geometry":{"type":"Polygon","coordinates":[[[-75.78978,2.55542],[-75.78678,2.55861],[-75.78823,2.55957],[-75.79256,2.55638],[-75.78993,2.55517],[-75.78978,2.55542]]]},"properties":{"ap_nombre":"Las Ceibas","ap_categoria":"Reserva Natural de la Sociedad Civil","organizacion":"Parques Nacionales Naturales de Colombia","area_ha_total_geografica":12.280058}},{"type":"Feature","geometry":{"type":"Polygon","coordinates":[[[-76.23265,1.93765],[-76.23276,1.93769],[-76.23284,1.93772],[-76.23287,1.93773],[-76.23297,1.93778],[-76.23313,1.93787],[-76.23345,1.93785],[-76.23346,1.93781],[-76.23346,1.93776],[-76.23347,1.93768],[-76.23349,1.93762],[-76.23351,1.93755],[-76.23349,1.93751],[-76.23355,1.93747],[-76.23358,1.93743],[-76.23366,1.93742],[-76.23372,1.93742],[-76.23375,1.93736],[-76.2338,1.93734],[-76.23388,1.93732],[-76.23389,1.93724],[-76.23388,1.93715],[-76.2339,1.9371],[-76.23392,1.93702],[-76.23368,1.93704],[-76.23374,1.93684],[-76.23382,1.93666],[-76.23377,1.93663],[-76.23354,1.93643],[-76.23336,1.93629],[-76.23322,1.93619],[-76.23299,1.93607],[-76.23265,1.93765]]]},"properties":{"ap_nombre":"La Y","ap_categoria":"Reserva Natural de la Sociedad Civil","organizacion":"Parques Nacionales Naturales de Colombia","area_ha_total_geografica":1.71002376}},{"type":"Feature","geometry":{"type":"Polygon","coordinates":[[[-75.50468,2.36935],[-75.50694,2.36759],[-75.50297,2.3655],[-75.50431,2.36916],[-75.50468,2.36935]]]},"properties":{"ap_nombre":"Lote de Terreno N. 4 Las Nubes","ap_categoria":"Reserva Natural de la Sociedad Civil","organizacion":"Parques Nacionales Naturales de Colombia","area_ha_total_geografica":11.97001365}},{"type":"Feature","geometry":{"type":"Polygon","coordinates":[[[-75.54956,3.06021],[-75.55155,3.06256],[-75.55635,3.05805],[-75.55157,3.05642],[-75.54901,3.05979],[-75.54956,3.06021]]]},"properties":{"ap_nombre":"Lote La Esmeralda","ap_categoria":"Reserva Natural de la Sociedad Civil","organizacion":"Parques Nacionales Naturales de Colombia","area_ha_total_geografica":30.28898782}},{"type":"Feature","geometry":{"type":"Polygon","coordinates":[[[-75.50343,2.38548],[-75.50953,2.3829],[-75.51434,2.38336],[-75.51481,2.3805],[-75.50965,2.37716],[-75.50347,2.3692],[-75.49882,2.37053],[-75.49838,2.37563],[-75.50327,2.38533],[-75.50343,2.38548]],[[-75.5084,2.37573],[-75.50839,2.37573],[-75.50839,2.37572],[-75.5084,2.37573]]]},"properties":{"ap_nombre":"Lote Número 1 Las Nubes","ap_categoria":"Reserva Natural de la Sociedad Civil","organizacion":"Parques Nacionales Naturales de Colombia","area_ha_total_geografica":180.97753067}},{"type":"Feature","geometry":{"type":"Polygon","coordinates":[[[-75.80886,2.49908],[-75.80431,2.50095],[-75.80549,2.50301],[-75.81241,2.49901],[-75.80903,2.49903],[-75.80886,2.49908]]]},"properties":{"ap_nombre":"El Porvenir","ap_categoria":"Reserva Natural de la Sociedad Civil","organizacion":"Parques Nacionales Naturales de Colombia","area_ha_total_geografica":15.71903127}},{"type":"Feature","geometry":{"type":"Polygon","coordinates":[[[-75.79015,2.37241],[-75.79447,2.37213],[-75.79462,2.37006],[-75.78982,2.37083],[-75.79014,2.37239],[-75.79015,2.37241]]]},"properties":{"ap_nombre":"Cerritos","ap_categoria":"Reserva Natural de la Sociedad Civil","organizacion":"Parques Nacionales Naturales de Colombia","area_ha_total_geografica":9.00247151}},{"type":"Feature","geometry":{"type":"Polygon","coordinates":[[[-75.48757,2.30682],[-75.48817,2.3082],[-75.48768,2.30678],[-75.48757,2.30682]]]},"properties":{"ap_nombre":"Jerusalen","ap_categoria":"Reserva Natural de la Sociedad Civil","organizacion":"Parques Nacionales Naturales de Colombia","area_ha_total_geografica":1.08646607}},{"type":"Feature","geometry":{"type":"MultiPolygon","coordinates":[[[[-75.48019,2.38359],[-75.48314,2.38365],[-75.481,2.38185],[-75.47813,2.38254],[-75.48002,2.38347],[-75.48019,2.38359]]],[[[-75.4802,2.38234],[-75.47824,2.38233],[-75.48016,2.38233],[-75.4802,2.38234]]]]},"properties":{"ap_nombre":"Las Juntas","ap_categoria":"Reserva Natural de la Sociedad Civil","organizacion":"Parques Nacionales Naturales de Colombia","area_ha_total_geografica":8.23836841}},{"type":"Feature","geometry":{"type":"Polygon","coordinates":[[[-75.78446,2.56103],[-75.78495,2.5628],[-75.78569,2.55657],[-75.78449,2.56067],[-75.78446,2.56103]]]},"properties":{"ap_nombre":"Lorica","ap_categoria":"Reserva Natural de la Sociedad Civil","organizacion":"Parques Nacionales Naturales de Colombia","area_ha_total_geografica":6.99006402}},{"type":"Feature","geometry":{"type":"Polygon","coordinates":[[[-74.94052,3.10526],[-74.94319,3.10356],[-74.94193,3.10073],[-74.94054,3.10511],[-74.94052,3.10526]]]},"properties":{"ap_nombre":"La Jabonera","ap_categoria":"Reserva Natural de la Sociedad Civil","organizacion":"Parques Nacionales Naturales de Colombia","area_ha_total_geografica":9.10556869}},{"type":"Feature","geometry":{"type":"Polygon","coordinates":[[[-75.63292,2.88277],[-75.63431,2.88254],[-75.6338,2.87873],[-75.62774,2.88013],[-75.63279,2.88273],[-75.63292,2.88277]]]},"properties":{"ap_nombre":"San Antonio","ap_categoria":"Reserva Natural de la Sociedad Civil","organizacion":"Parques Nacionales Naturales de Colombia","area_ha_total_geografica":19.62502122}},{"type":"Feature","geometry":{"type":"Polygon","coordinates":[[[-75.74976,2.65189],[-75.7513,2.65166],[-75.75021,2.64831],[-75.74696,2.64685],[-75.74803,2.6435],[-75.74505,2.6432],[-75.74148,2.64568],[-75.74033,2.65116],[-75.74931,2.65158],[-75.74976,2.65189]]]},"properties":{"ap_nombre":"Sinaí","ap_categoria":"Reserva Natural de la Sociedad Civil","organizacion":"Parques Nacionales Naturales de Colombia","area_ha_total_geografica":80.29385003}},{"type":"Feature","geometry":{"type":"Polygon","coordinates":[[[-75.7953,2.55202],[-75.79336,2.55426],[-75.79542,2.55409],[-75.79533,2.55202],[-75.7953,2.55202]]]},"properties":{"ap_nombre":"Las Brisas","ap_categoria":"Reserva Natural de la Sociedad Civil","organizacion":"Parques Nacionales Naturales de Colombia","area_ha_total_geografica":4.00007802}},{"type":"Feature","geometry":{"type":"Polygon","coordinates":[[[-75.59759,2.96455],[-75.59535,2.96541],[-75.59808,2.96603],[-75.59782,2.96452],[-75.59759,2.96455]]]},"properties":{"ap_nombre":"La Esperanza","ap_categoria":"Reserva Natural de la Sociedad Civil","organizacion":"Parques Nacionales Naturales de Colombia","area_ha_total_geografica":2.6729669}},{"type":"Feature","geometry":{"type":"Polygon","coordinates":[[[-75.09611,3.02796],[-75.09867,3.02965],[-75.10158,3.02722],[-75.1074,3.02041],[-75.10927,3.01447],[-75.10531,3.01259],[-75.10053,3.01784],[-75.09472,3.01687],[-75.09629,3.01957],[-75.09339,3.02759],[-75.09558,3.02763],[-75.09611,3.02796]]]},"properties":{"ap_nombre":"Morrocoy","ap_categoria":"Reserva Natural de la Sociedad Civil","organizacion":"Parques Nacionales Naturales de Colombia","area_ha_total_geografica":179.90919446}},{"type":"Feature","geometry":{"type":"MultiPolygon","coordinates":[[[[-75.47802,3.03537],[-75.4794,3.031],[-75.48293,3.031],[-75.47925,3.02926],[-75.47602,3.03515],[-75.47758,3.03524],[-75.47802,3.03537]]],[[[-75.48856,3.0352],[-75.48909,3.03306],[-75.48719,3.03287],[-75.48856,3.03519],[-75.48856,3.0352]]],[[[-75.48384,3.03231],[-75.48549,3.0323],[-75.48496,3.0321],[-75.48384,3.0315],[-75.48384,3.03231]]]]},"properties":{"ap_nombre":"Yaya 1","ap_categoria":"Reserva Natural de la Sociedad Civil","organizacion":"Parques Nacionales Naturales de Colombia","area_ha_total_geografica":20.85877439}},{"type":"Feature","geometry":{"type":"Polygon","coordinates":[[[-75.25546,2.89305],[-75.25991,2.8929],[-75.25888,2.89074],[-75.2555,2.89247],[-75.25546,2.89305]]]},"properties":{"ap_nombre":"El Kiosco","ap_categoria":"Reserva Natural de la Sociedad Civil","organizacion":"Parques Nacionales Naturales de Colombia","area_ha_total_geografica":7.86449601}},{"type":"Feature","geometry":{"type":"Polygon","coordinates":[[[-76.20355,1.71958],[-76.21028,1.7255],[-76.20366,1.71953],[-76.20355,1.71958]]]},"properties":{"ap_nombre":"La Floresta","ap_categoria":"Reserva Natural de la Sociedad Civil","organizacion":"Parques Nacionales Naturales de Colombia","area_ha_total_geografica":4.98687757}},{"type":"Feature","geometry":{"type":"Polygon","coordinates":[[[-75.68269,2.95978],[-75.67997,2.9643],[-75.68256,2.96611],[-75.68679,2.96159],[-75.68367,2.95919],[-75.68269,2.95978]]]},"properties":{"ap_nombre":"La Soledad","ap_categoria":"Reserva Natural de la Sociedad Civil","organizacion":"Parques Nacionales Naturales de Colombia","area_ha_total_geografica":32.1982556}},{"type":"Feature","geometry":{"type":"Polygon","coordinates":[[[-75.66204,2.88623],[-75.66623,2.88125],[-75.66546,2.87637],[-75.66022,2.87954],[-75.66196,2.88611],[-75.66204,2.88623]]]},"properties":{"ap_nombre":"El Porvenir","ap_categoria":"Reserva Natural de la Sociedad Civil","organizacion":"Parques Nacionales Naturales de Colombia","area_ha_total_geografica":42.38147613}},{"type":"Feature","geometry":{"type":"Polygon","coordinates":[[[-75.59482,2.97015],[-75.59659,2.96978],[-75.59479,2.97009],[-75.59482,2.97015]]]},"properties":{"ap_nombre":"Las Brisas","ap_categoria":"Reserva Natural de la Sociedad Civil","organizacion":"Parques Nacionales Naturales de Colombia","area_ha_total_geografica":1.24190252}},{"type":"Feature","geometry":{"type":"Polygon","coordinates":[[[-75.59387,2.9717],[-75.59269,2.97425],[-75.59392,2.97161],[-75.59387,2.9717]]]},"properties":{"ap_nombre":"Miranda","ap_categoria":"Reserva Natural de la Sociedad Civil","organizacion":"Parques Nacionales Naturales de Colombia","area_ha_total_geografica":3.19920322}},{"type":"Feature","geometry":{"type":"Polygon","coordinates":[[[-75.69215,2.95393],[-75.69598,2.94887],[-75.69201,2.94648],[-75.6905,2.95272],[-75.69207,2.95383],[-75.69215,2.95393]]]},"properties":{"ap_nombre":"Buenavista","ap_categoria":"Reserva Natural de la Sociedad Civil","organizacion":"Parques Nacionales Naturales de Colombia","area_ha_total_geografica":24.87199676}},{"type":"Feature","geometry":{"type":"Polygon","coordinates":[[[-75.46032,3.04635],[-75.46441,3.04371],[-75.46503,3.03602],[-75.47605,3.03544],[-75.47642,3.03393],[-75.4673,3.02808],[-75.46479,3.02254],[-75.46269,3.02322],[-75.45552,3.0405],[-75.45825,3.04612],[-75.45987,3.04619],[-75.46032,3.04635]]]},"properties":{"ap_nombre":"Yaya 2","ap_categoria":"Reserva Natural de la Sociedad Civil","organizacion":"Parques Nacionales Naturales de Colombia","area_ha_total_geografica":251.11486711}},{"type":"Feature","geometry":{"type":"Polygon","coordinates":[[[-75.59637,2.96952],[-75.59734,2.9661],[-75.59488,2.96927],[-75.59635,2.96952],[-75.59637,2.96952]]]},"properties":{"ap_nombre":"La Argentina","ap_categoria":"Reserva Natural de la Sociedad Civil","organizacion":"Parques Nacionales Naturales de Colombia","area_ha_total_geografica":4.25682962}},{"type":"Feature","geometry":{"type":"MultiPolygon","coordinates":[[[[-75.46494,2.70958],[-75.46883,2.70812],[-75.46505,2.70646],[-75.46488,2.70937],[-75.46494,2.70958]],[[-75.46604,2.70725],[-75.46604,2.70727],[-75.46603,2.70727],[-75.46599,2.70727],[-75.46597,2.70727],[-75.46597,2.70727],[-75.46597,2.70726],[-75.46595,2.70722],[-75.46594,2.70718],[-75.46593,2.70714],[-75.46592,2.70714],[-75.46589,2.70714],[-75.46589,2.70713],[-75.46589,2.7071],[-75.46589,2.70709],[-75.4659,2.70709],[-75.46593,2.70708],[-75.46598,2.70706],[-75.46603,2.70704],[-75.46609,2.70702],[-75.46611,2.70701],[-75.46611,2.70701],[-75.46613,2.707],[-75.46617,2.70699],[-75.46617,2.70699],[-75.46619,2.70699],[-75.46623,2.70698],[-75.46623,2.70698],[-75.46623,2.70698],[-75.46625,2.70697],[-75.46629,2.70695],[-75.4663,2.70694],[-75.46631,2.70694],[-75.46632,2.70693],[-75.46636,2.70692],[-75.46637,2.70692],[-75.46638,2.70692],[-75.46642,2.70694],[-75.46644,2.70695],[-75.46644,2.70695],[-75.46647,2.70696],[-75.46649,2.70696],[-75.46651,2.70696],[-75.46654,2.70697],[-75.46656,2.70697],[-75.46656,2.70697],[-75.46657,2.70697],[-75.46661,2.707],[-75.46661,2.707],[-75.46664,2.70699],[-75.46665,2.70699],[-75.46666,2.70699],[-75.46668,2.70698],[-75.46668,2.70698],[-75.46669,2.70698],[-75.46674,2.70698],[-75.46675,2.70697],[-75.46677,2.70697],[-75.46677,2.70697],[-75.46682,2.70693],[-75.46688,2.70687],[-75.46688,2.70687],[-75.46687,2.7069],[-75.46686,2.70693],[-75.46685,2.70696],[-75.46684,2.70699],[-75.46683,2.70702],[-75.46682,2.70703],[-75.46681,2.70705],[-75.46681,2.70706],[-75.46681,2.70707],[-75.4668,2.7071],[-75.4668,2.70711],[-75.46679,2.7071],[-75.46678,2.7071],[-75.46675,2.7071],[-75.46673,2.7071],[-75.46673,2.7071],[-75.46673,2.7071],[-75.46671,2.70709],[-75.46671,2.70709],[-75.46669,2.70709],[-75.46666,2.70709],[-75.46664,2.70709],[-75.46659,2.70708],[-75.46659,2.70708],[-75.46654,2.70708],[-75.46654,2.70708],[-75.46652,2.70707],[-75.46649,2.70707],[-75.46648,2.70707],[-75.46647,2.70707],[-75.46647,2.70707],[-75.46644,2.70706],[-75.46643,2.70706],[-75.46642,2.70706],[-75.46641,2.70706],[-75.46641,2.70706],[-75.46641,2.70706],[-75.4664,2.70706],[-75.46639,2.70706],[-75.46638,2.70706],[-75.46637,2.70706],[-75.46637,2.70706],[-75.46635,2.70706],[-75.46635,2.70706],[-75.46633,2.70707],[-75.46632,2.70707],[-75.46629,2.70707],[-75.46629,2.70707],[-75.46629,2.70707],[-75.46627,2.70707],[-75.46625,2.70707],[-75.46624,2.70707],[-75.46624,2.70707],[-75.46623,2.70707],[-75.46622,2.70707],[-75.4662,2.70707],[-75.46618,2.70706],[-75.46617,2.70706],[-75.46614,2.70706],[-75.46612,2.70706],[-75.46611,2.70705],[-75.46611,2.70705],[-75.4661,2.70706],[-75.46605,2.70706],[-75.46602,2.70706],[-75.46602,2.70707],[-75.46603,2.70709],[-75.46603,2.70711],[-75.46603,2.70715],[-75.46603,2.70716],[-75.46604,2.70716],[-75.46604,2.70717],[-75.46604,2.7072],[-75.46604,2.70722],[-75.46604,2.70725]],[[-75.46627,2.70712],[-75.46628,2.70713],[-75.46628,2.70713],[-75.4663,2.70715],[-75.46632,2.70716],[-75.46632,2.70716],[-75.46633,2.70717],[-75.46634,2.70717],[-75.46635,2.70719],[-75.46636,2.70719],[-75.46637,2.7072],[-75.46639,2.70722],[-75.46639,2.70722],[-75.4664,2.70724],[-75.4664,2.70725],[-75.46641,2.70726],[-75.46641,2.70726],[-75.46643,2.70729],[-75.46643,2.7073],[-75.46644,2.70732],[-75.46645,2.70734],[-75.46645,2.70734],[-75.46646,2.70738],[-75.46646,2.70739],[-75.46639,2.70741],[-75.46635,2.70741],[-75.46635,2.7074],[-75.46634,2.70738],[-75.46634,2.70737],[-75.46633,2.70735],[-75.46634,2.70735],[-75.46636,2.70734],[-75.46637,2.70733],[-75.46636,2.70731],[-75.46636,2.70731],[-75.46635,2.70729],[-75.46634,2.70728],[-75.46633,2.70726],[-75.46633,2.70726],[-75.46632,2.70725],[-75.46632,2.70725],[-75.46632,2.70724],[-75.4663,2.70723],[-75.46629,2.70722],[-75.46628,2.70721],[-75.46628,2.70721],[-75.46626,2.7072],[-75.46626,2.7072],[-75.46626,2.7072],[-75.46624,2.70719],[-75.46622,2.70718],[-75.46621,2.70717],[-75.46621,2.70718],[-75.46619,2.70717],[-75.46619,2.70717],[-75.46618,2.70717],[-75.46617,2.70717],[-75.46615,2.70716],[-75.46613,2.70716],[-75.46613,2.70716],[-75.46612,2.70716],[-75.46611,2.70716],[-75.46611,2.70716],[-75.46609,2.70716],[-75.46607,2.70715],[-75.46606,2.70715],[-75.46606,2.70715],[-75.46606,2.70709],[-75.46606,2.70709],[-75.46609,2.70709],[-75.4661,2.70709],[-75.46611,2.70709],[-75.46613,2.70709],[-75.46615,2.70709],[-75.46615,2.70709],[-75.46615,2.70709],[-75.46616,2.7071],[-75.46618,2.7071],[-75.46619,2.7071],[-75.46619,2.7071],[-75.46621,2.70711],[-75.46623,2.70712],[-75.46624,2.70711],[-75.46627,2.70712]],[[-75.46611,2.70723],[-75.4661,2.70723],[-75.46609,2.70723],[-75.46607,2.70722],[-75.46606,2.70722],[-75.46606,2.7072],[-75.46606,2.70717],[-75.46609,2.70717],[-75.4661,2.70717],[-75.46612,2.70717],[-75.46613,2.70718],[-75.46612,2.70721],[-75.46612,2.70723],[-75.46611,2.70723]]],[[[-75.46673,2.70587],[-75.46956,2.70603],[-75.46658,2.70538],[-75.46673,2.70587]]],[[[-75.46692,2.70498],[-75.46869,2.70432],[-75.46674,2.70467],[-75.46692,2.70498]]],[[[-75.46406,2.70691],[-75.46418,2.70693],[-75.4643,2.70694],[-75.4644,2.70692],[-75.46452,2.7069],[-75.46456,2.70689],[-75.46457,2.70688],[-75.46458,2.70688],[-75.46458,2.70688],[-75.46477,2.70671],[-75.46504,2.70645],[-75.46487,2.70633],[-75.46421,2.70592],[-75.46417,2.70596],[-75.46404,2.70606],[-75.46395,2.70605],[-75.46388,2.70618],[-75.46371,2.70646],[-75.46354,2.70669],[-75.46368,2.7067],[-75.46385,2.7067],[-75.46401,2.70671],[-75.46403,2.70679],[-75.46406,2.70691]],[[-75.46444,2.70685],[-75.46431,2.70685],[-75.46424,2.70685],[-75.46413,2.70686],[-75.46414,2.70653],[-75.46434,2.70651],[-75.46434,2.70643],[-75.46434,2.70631],[-75.4646,2.70632],[-75.46459,2.70642],[-75.46459,2.70677],[-75.46459,2.70677],[-75.46459,2.70677],[-75.46459,2.70681],[-75.46459,2.70682],[-75.4646,2.70685],[-75.46459,2.70684],[-75.46444,2.70685]]],[[[-75.46807,2.70579],[-75.46809,2.70579],[-75.46864,2.70582],[-75.46895,2.70584],[-75.46897,2.70584],[-75.46915,2.70585],[-75.46917,2.70585],[-75.4692,2.70585],[-75.4692,2.70584],[-75.46908,2.70566],[-75.46825,2.70563],[-75.46777,2.70579],[-75.46784,2.70577],[-75.46807,2.70579]]],[[[-75.46636,2.70629],[-75.46674,2.70657],[-75.46674,2.70657],[-75.46686,2.70668],[-75.46686,2.70668],[-75.46688,2.7067],[-75.46692,2.70678],[-75.46693,2.7067],[-75.46693,2.7067],[-75.46698,2.70621],[-75.46698,2.70616],[-75.46699,2.70615],[-75.46687,2.70621],[-75.46687,2.70621],[-75.46681,2.70623],[-75.46681,2.70623],[-75.46681,2.70623],[-75.46681,2.70623],[-75.4665,2.70625],[-75.4665,2.70625],[-75.4665,2.70625],[-75.46629,2.70622],[-75.46636,2.70629]]],[[[-75.46651,2.70472],[-75.46633,2.70475],[-75.4665,2.70516],[-75.4665,2.70516],[-75.46662,2.70514],[-75.4669,2.70498],[-75.46673,2.70468],[-75.46672,2.70468],[-75.46651,2.70472]]],[[[-75.46706,2.70465],[-75.46701,2.70466],[-75.46702,2.70466],[-75.46708,2.70466],[-75.46709,2.70465],[-75.46706,2.70465]]]]},"properties":{"ap_nombre":"Princesa Ocaima","ap_categoria":"Reserva Natural de la Sociedad Civil","organizacion":"Parques Nacionales Naturales de Colombia","area_ha_total_geografica":14.09882009}},{"type":"Feature","geometry":{"type":"Polygon","coordinates":[[[-76.03913,1.78834],[-76.04082,1.78511],[-76.03918,1.78816],[-76.03913,1.78834]]]},"properties":{"ap_nombre":"Villa Tatiana","ap_categoria":"Reserva Natural de la Sociedad Civil","organizacion":"Parques Nacionales Naturales de Colombia","area_ha_total_geografica":3.91872331}},{"type":"Feature","geometry":{"type":"Polygon","coordinates":[[[-76.24911,1.83279],[-76.25303,1.83151],[-76.25299,1.82943],[-76.24876,1.82989],[-76.24911,1.83279]]]},"properties":{"ap_nombre":"Cima","ap_categoria":"Reserva Natural de la Sociedad Civil","organizacion":"Parques Nacionales Naturales de Colombia","area_ha_total_geografica":12.95019952}},{"type":"Feature","geometry":{"type":"Polygon","coordinates":[[[-75.76517,2.38769],[-75.76645,2.39063],[-75.76656,2.38731],[-75.76781,2.38848],[-75.7685,2.38684],[-75.76527,2.38706],[-75.76517,2.38769]]]},"properties":{"ap_nombre":"Elan Vital: Fuerza De Vida","ap_categoria":"Reserva Natural de la Sociedad Civil","organizacion":"Parques Nacionales Naturales de Colombia","area_ha_total_geografica":10.90756722}},{"type":"Feature","geometry":{"type":"Polygon","coordinates":[[[-75.93673,2.2066],[-75.93656,2.20961],[-75.93796,2.20801],[-75.93695,2.20613],[-75.93673,2.2066]]]},"properties":{"ap_nombre":"Bella Vista","ap_categoria":"Reserva Natural de la Sociedad Civil","organizacion":"Parques Nacionales Naturales de Colombia","area_ha_total_geografica":4.21785404}},{"type":"Feature","geometry":{"type":"Polygon","coordinates":[[[-75.51682,2.79381],[-75.51601,2.79588],[-75.51924,2.79697],[-75.51959,2.79416],[-75.52134,2.79407],[-75.51916,2.79129],[-75.51686,2.79372],[-75.51682,2.79381]]]},"properties":{"ap_nombre":"El Cerrito","ap_categoria":"Reserva Natural de la Sociedad Civil","organizacion":"Parques Nacionales Naturales de Colombia","area_ha_total_geografica":18.03885489}},{"type":"Feature","geometry":{"type":"MultiPolygon","coordinates":[[[[-75.16582,3.20846],[-75.1686,3.20125],[-75.1645,3.19941],[-75.1592,3.20099],[-75.1574,3.20729],[-75.16228,3.2053],[-75.16297,3.20777],[-75.16607,3.2047],[-75.16581,3.20846],[-75.16582,3.20846]]],[[[-75.16004,3.21528],[-75.16519,3.21262],[-75.16591,3.20484],[-75.16349,3.20803],[-75.16168,3.20744],[-75.16206,3.20541],[-75.1571,3.20764],[-75.15803,3.21397],[-75.16004,3.21528]]]]},"properties":{"ap_nombre":"Bóvedas, Veguita y Tumbe","ap_categoria":"Reserva Natural de la Sociedad Civil","organizacion":"Parques Nacionales Naturales de Colombia","area_ha_total_geografica":158.78987899}},{"type":"Feature","geometry":{"type":"Polygon","coordinates":[[[-75.65165,2.66794],[-75.65466,2.66885],[-75.65423,2.66568],[-75.65204,2.66768],[-75.65165,2.66794]]]},"properties":{"ap_nombre":"El Pepito","ap_categoria":"Reserva Natural de la Sociedad Civil","organizacion":"Parques Nacionales Naturales de Colombia","area_ha_total_geografica":8.06392583}},{"type":"Feature","geometry":{"type":"MultiPolygon","coordinates":[[[[-74.94251,3.10639],[-74.94319,3.10356],[-74.94249,3.10625],[-74.94251,3.10639]]],[[[-74.94195,3.10599],[-74.94191,3.10608],[-74.942,3.10618],[-74.94208,3.10637],[-74.94212,3.10644],[-74.94217,3.1066],[-74.94224,3.1065],[-74.9423,3.10643],[-74.94232,3.10642],[-74.94234,3.10641],[-74.94227,3.10624],[-74.94216,3.10611],[-74.94196,3.10598],[-74.94195,3.10599]]]]},"properties":{"ap_nombre":"Anori","ap_categoria":"Reserva Natural de la Sociedad Civil","organizacion":"Parques Nacionales Naturales de Colombia","area_ha_total_geografica":4.21840984}},{"type":"Feature","geometry":{"type":"MultiPolygon","coordinates":[[[[-75.50416,2.2416],[-75.50635,2.23835],[-75.50245,2.23875],[-75.50406,2.24158],[-75.50416,2.2416]]],[[[-75.50359,2.24231],[-75.50336,2.24041],[-75.50296,2.2423],[-75.50359,2.24231]]],[[[-75.50273,2.23926],[-75.50313,2.24062],[-75.50279,2.23926],[-75.50273,2.23926]]]]},"properties":{"ap_nombre":"Los Alpes","ap_categoria":"Reserva Natural de la Sociedad Civil","organizacion":"Parques Nacionales Naturales de Colombia","area_ha_total_geografica":10.61395957}},{"type":"Feature","geometry":{"type":"Polygon","coordinates":[[[-75.4282,2.42436],[-75.43089,2.42782],[-75.43451,2.42782],[-75.44183,2.42089],[-75.44244,2.41731],[-75.44678,2.41999],[-75.44775,2.41696],[-75.44571,2.41579],[-75.44778,2.41528],[-75.4392,2.40819],[-75.44049,2.41248],[-75.43902,2.41687],[-75.43542,2.41928],[-75.43315,2.4177],[-75.43324,2.42088],[-75.43076,2.42224],[-75.4282,2.42436]]]},"properties":{"ap_nombre":"Bellavista Porvenir","ap_categoria":"Reserva Natural de la Sociedad Civil","organizacion":"Parques Nacionales Naturales de Colombia","area_ha_total_geografica":166.45993339}}]}
