{"type":"FeatureCollection","features":[{"type":"Feature","id":24916267,"properties":{"name":"Río Magdalena","waterway":"river","source":"OpenStreetMap"},"geometry":{"type":"LineString","coordinates":[[-75.9969809,2.0063777],[-75.9964791,2.0076222],[-75.9968787,2.0092868],[-75.9959239,2.0103],[-75.9923083,2.0118494],[-75.9880351,2.01065],[-75.9855706,2.012407],[-75.9845191,2.0158273],[-75.9820086,2.0164707],[-75.9791815,2.0233811],[-75.9746303,2.0263715],[-75.9709288,2.0297705],[-75.9694934,2.0300503],[-75.9674978,2.0291818],[-75.965897,2.0299635],[-75.9653145,2.0326343],[-75.9631795,2.0341729],[-75.9625894,2.035288],[-75.9635902,2.0388735],[-75.9632599,2.0409225],[-75.9596551,2.0433456],[-75.9588397,2.0483099],[-75.9583247,2.0487495],[-75.9566295,2.0479186],[-75.9538883,2.0501541],[-75.9515172,2.0506312],[-75.94221,2.0489371],[-75.938871,2.0454032],[-75.9344691,2.0384564],[-75.9327793,2.0378023],[-75.9297087,2.0386697],[-75.9243442,2.0348634],[-75.9188533,2.0334438],[-75.9085375,2.0355614],[-75.9058477,2.0351904],[-75.9022451,2.0337494],[-75.8995897,2.0336475],[-75.898992,2.034145],[-75.8990425,2.0359796],[-75.8968484,2.0409653],[-75.8954515,2.0422991],[-75.8943862,2.0424879],[-75.8915591,2.0410082],[-75.8890164,2.0358402],[-75.8879221,2.0355078],[-75.8823645,2.0386387],[-75.8824128,2.0403703],[-75.8841455,2.0418767],[-75.8840144,2.0433018],[-75.8808732,2.0440264],[-75.8790547,2.0452541],[-75.8774239,2.0444661],[-75.8759916,2.0446805],[-75.8762384,2.0479346],[-75.8754015,2.0488246],[-75.8726603,2.0481705],[-75.869785,2.0457983],[-75.8644635,2.0450826],[-75.862015,2.0429372],[-75.8603843,2.0428353],[-75.8588899,2.0444339],[-75.8598715,2.0467177],[-75.8598447,2.0481062],[-75.8558513,2.0494561],[-75.8474743,2.058603],[-75.8470751,2.0616362],[-75.8493519,2.0687137],[-75.848486,2.0696723],[-75.8453393,2.0687352],[-75.8444949,2.0694149],[-75.8458704,2.0719678],[-75.8460057,2.0751293],[-75.8452427,2.0771679],[-75.8413245,2.081343],[-75.8400607,2.0861152],[-75.8357048,2.0911865],[-75.8333016,2.0928806],[-75.830742,2.0936539],[-75.8272988,2.0937061],[-75.8221941,2.09668],[-75.8178252,2.0976624],[-75.8173156,2.0995333],[-75.8192692,2.1019332],[-75.8182042,2.10354],[-75.8152798,2.1032559],[-75.8127612,2.1015705],[-75.8115274,2.1015168],[-75.8041633,2.1039751],[-75.7991628,2.1074478],[-75.7989264,2.1087432],[-75.8000958,2.1121259],[-75.7999241,2.1168004],[-75.7934133,2.121472],[-75.7767177,2.1226544],[-75.7750962,2.1210121],[-75.7741964,2.11397],[-75.7724047,2.1106784],[-75.7693911,2.108001],[-75.7661069,2.1064863],[-75.7643688,2.1069045],[-75.7623305,2.1100515],[-75.7599914,2.1088343],[-75.7588005,2.1106355],[-75.7572578,2.110947],[-75.7560111,2.1120696],[-75.7535622,2.1120481],[-75.7477317,2.1139077],[-75.7458025,2.1199365],[-75.7433349,2.1216305],[-75.7407112,2.1286256],[-75.7419166,2.1317391],[-75.7421477,2.1397721],[-75.7435924,2.1422638],[-75.7426429,2.1472064],[-75.7413232,2.1499725],[-75.7396404,2.1513029],[-75.7378203,2.1540197],[-75.7357282,2.1588068],[-75.7332799,2.1619539],[-75.7309806,2.1632239],[-75.7266462,2.1634919],[-75.7225526,2.1666097],[-75.7207775,2.1670353],[-75.7148176,2.1641513],[-75.7111162,2.1653949],[-75.7083696,2.1644783],[-75.7040352,2.1651269],[-75.7016266,2.1643194],[-75.7003927,2.1626664],[-75.6997919,2.1625913],[-75.6988263,2.1631435],[-75.6972385,2.1655075],[-75.6955701,2.1662097],[-75.6936985,2.1691252],[-75.6924781,2.1699831],[-75.6904578,2.1700104],[-75.6860054,2.1685309],[-75.6828725,2.1720045],[-75.6756628,2.1728515],[-75.6751439,2.1738225],[-75.6753622,2.1754653],[-75.671808,2.1815735],[-75.669848,2.1819247],[-75.6664467,2.1797666],[-75.6649319,2.1809581],[-75.6632817,2.1835672],[-75.661903,2.1882309],[-75.6605019,2.1906435],[-75.6625006,2.1951913],[-75.6624985,2.1984855],[-75.665524,2.1994075],[-75.6698745,2.1970864],[-75.6706846,2.1971561],[-75.6754568,2.1984773],[-75.6767464,2.1997291],[-75.6770619,2.2011329],[-75.6759632,2.2035886],[-75.6697968,2.2096969],[-75.6698392,2.2115943],[-75.6712264,2.2156282],[-75.6706203,2.2171506],[-75.6687695,2.2173114],[-75.6623751,2.214213],[-75.6605404,2.2147116],[-75.658266,2.2162447],[-75.6580138,2.2205597],[-75.6570804,2.2223394],[-75.6482259,2.2253609],[-75.6475103,2.2263168],[-75.6494611,2.2433822],[-75.6509006,2.2478331],[-75.6485671,2.2515693],[-75.6481218,2.2551392],[-75.6485081,2.2573369],[-75.6457239,2.2604137],[-75.6439172,2.2610841],[-75.6424892,2.2634315],[-75.6428379,2.2642195],[-75.6444365,2.264852],[-75.6488514,2.2643749],[-75.6520781,2.2671542]]}},{"type":"Feature","id":28176270,"properties":{"name":"Quebrada la Viciosa","waterway":"river","source":"OpenStreetMap"},"geometry":{"type":"LineString","coordinates":[[-75.6921611,1.9506719],[-75.6931635,1.9515718],[-75.6938778,1.9511219],[-75.6953844,1.9520877],[-75.6962307,1.950192],[-75.6985836,1.9500601],[-75.7008886,1.9492022],[-75.7031394,1.9493942],[-75.7035836,1.9481404],[-75.7049341,1.9475825],[-75.7059785,1.9479125],[-75.7067528,1.9471926],[-75.707035,1.9481164],[-75.7087936,1.9474925],[-75.7089017,1.9487043],[-75.7109245,1.9489143],[-75.7114767,1.9507079],[-75.7129142,1.9516906],[-75.712828,1.9523831],[-75.7151757,1.9520041],[-75.7163331,1.9548544],[-75.71591,1.9563626],[-75.7170551,1.9576418],[-75.718482,1.957749],[-75.7179992,1.9590036],[-75.7183597,1.9592834],[-75.7190464,1.9594014],[-75.7195828,1.9582434],[-75.7210355,1.9584782],[-75.7245824,1.9570746],[-75.725209,1.9588213],[-75.7245331,1.9594647],[-75.7256811,1.9597434],[-75.7254558,1.9605584],[-75.7264857,1.9605155],[-75.7266789,1.9611159],[-75.7254558,1.9629709],[-75.7273119,1.9629066],[-75.7293511,1.9643975],[-75.7338028,1.9654157],[-75.7339101,1.9663378],[-75.7361417,1.9690828],[-75.7373648,1.9692972],[-75.7373862,1.9722137],[-75.7379828,1.9736302],[-75.740047,1.9754519],[-75.7401114,1.9762668],[-75.7432227,1.9788188],[-75.7449608,1.9827432],[-75.7466559,1.9848233],[-75.7481322,1.9910016],[-75.7498542,1.9944295],[-75.7512908,1.9955899],[-75.7513785,1.9976608],[-75.7522296,1.9987629],[-75.750999,2.0007707],[-75.7524186,2.0016366],[-75.7524455,2.0039097],[-75.7517417,2.0051953],[-75.7492655,2.0053165],[-75.7484995,2.0068176],[-75.7469599,2.0066128],[-75.7463869,2.0073291],[-75.7479984,2.0086297],[-75.7475328,2.0090661],[-75.7481545,2.0103543],[-75.7476396,2.0115495],[-75.745939,2.0117772],[-75.7462078,2.0127079],[-75.7473053,2.0127722],[-75.7454927,2.0138943],[-75.7461775,2.0189345],[-75.7472731,2.0193937],[-75.7476299,2.020233],[-75.748438,2.020241],[-75.7490464,2.0211709],[-75.7505092,2.0198285],[-75.7511898,2.0206035],[-75.7516049,2.0239718],[-75.7524734,2.0241768],[-75.7519359,2.0257991],[-75.7495005,2.0253917],[-75.7487049,2.0278095],[-75.7498744,2.0296001],[-75.7482454,2.0322148]]}},{"type":"Feature","id":28291438,"properties":{"name":"Río Páez","waterway":"river","source":"OpenStreetMap"},"geometry":{"type":"LineString","coordinates":[[-76.0813066,2.939686],[-76.0815427,2.9355031],[-76.079405,2.9247776],[-76.0810465,2.9181424],[-76.0812449,2.9149574],[-76.0804617,2.9121742],[-76.0806575,2.9101276],[-76.0840801,2.9058652],[-76.086696,2.8950414],[-76.0867095,2.8929225],[-76.0819196,2.8813544],[-76.0800472,2.8783971],[-76.0790022,2.872613],[-76.0837485,2.870482],[-76.0841831,2.8694487],[-76.0840969,2.8683945],[-76.0816148,2.8651763],[-76.0815713,2.8624799],[-76.0828341,2.8597835],[-76.0830083,2.857522],[-76.0807258,2.8490364],[-76.0789035,2.848618],[-76.0772783,2.8466732],[-76.0770206,2.8436929],[-76.0747963,2.8397349],[-76.0723929,2.83815],[-76.0694451,2.8377302],[-76.0674629,2.8384731],[-76.0630012,2.8364351],[-76.059233,2.8299924],[-76.056689,2.8226753],[-76.054731,2.8134307],[-76.0552205,2.8087639],[-76.058736,2.8043193],[-76.0598034,2.7997117],[-76.0595732,2.7980103],[-76.0578298,2.7975192],[-76.054633,2.795428],[-76.0534219,2.7938621],[-76.0523756,2.7900902],[-76.0527133,2.7839998],[-76.0535289,2.783349],[-76.054226,2.7792357],[-76.0552437,2.7770382],[-76.0549521,2.7743648],[-76.053682,2.7717755],[-76.0536874,2.767365],[-76.0528557,2.7666924],[-76.0527408,2.7655324],[-76.0487823,2.7641108],[-76.0471175,2.7624865],[-76.0466815,2.7613086],[-76.0438599,2.7594148],[-76.0421974,2.7556084],[-76.0420129,2.7539312],[-76.0425639,2.7520878],[-76.0412452,2.7496096],[-76.0402296,2.7488149],[-76.0401276,2.7467743],[-76.0385843,2.7418631],[-76.0329366,2.7394728],[-76.0283898,2.738714],[-76.0278388,2.7377315],[-76.0283402,2.7349317],[-76.0274693,2.732959],[-76.0286979,2.7313312],[-76.0299429,2.727733],[-76.0314762,2.7257661],[-76.0310977,2.7238234],[-76.0317906,2.7221266],[-76.028055,2.7185699],[-76.0275704,2.7144985],[-76.0256887,2.713933],[-76.0250626,2.7105627],[-76.0233531,2.7095035],[-76.0228278,2.7085077],[-76.022831,2.705933],[-76.0216973,2.7034351],[-76.0192292,2.701073],[-76.0183678,2.6966736],[-76.0209168,2.6920904],[-76.0210679,2.690322],[-76.0205091,2.6871614],[-76.0194304,2.6870073],[-76.0192261,2.6860423],[-76.019919,2.6846634],[-76.0184469,2.6842165],[-76.0183892,2.6826504],[-76.016756,2.6820938],[-76.0163795,2.6802839],[-76.0149106,2.6806867],[-76.0132539,2.6795183],[-76.0124674,2.6766153],[-76.0113192,2.6766281],[-76.0104713,2.6757539],[-76.0096689,2.6731781],[-76.006615,2.6726274],[-76.0045949,2.6713474],[-76.0043624,2.6704603],[-76.0004376,2.6703826],[-75.994947,2.6682276],[-75.991293,2.6685638],[-75.989862,2.6706277],[-75.9918559,2.6724081],[-75.9923966,2.6739405],[-75.9914532,2.6759136],[-75.9905104,2.6762791],[-75.9882823,2.6752599],[-75.9853078,2.6724766],[-75.9844774,2.67243],[-75.9821931,2.6700777],[-75.9807271,2.6694408],[-75.9786373,2.6669932],[-75.9779196,2.6652436],[-75.9765351,2.6647669],[-75.9754143,2.6632633],[-75.9769036,2.6510439],[-75.9760586,2.6494751],[-75.9753792,2.6449359],[-75.9730121,2.6417529],[-75.9733967,2.6399067],[-75.9714721,2.6383452],[-75.9729348,2.6359445],[-75.9773693,2.6335098],[-75.9774372,2.6319129],[-75.9790608,2.6299194],[-75.9792325,2.6242374],[-75.9816394,2.6222885],[-75.9834901,2.6219687],[-75.9861741,2.6184981],[-75.9850609,2.6086516],[-75.9858881,2.6068622],[-75.9852901,2.6044922],[-75.9860913,2.5998718],[-75.9854195,2.5979022],[-75.9860587,2.5970764],[-75.9858838,2.5929744],[-75.9872356,2.5904272],[-75.9860311,2.584855],[-75.9843252,2.5819862],[-75.9819925,2.5814069],[-75.980554,2.5794727],[-75.9794596,2.5789154],[-75.9786075,2.5754048],[-75.9761667,2.574183],[-75.9701309,2.5725222],[-75.967841,2.5727272],[-75.9662049,2.5716373],[-75.9657678,2.5687007],[-75.9668694,2.567206],[-75.9688874,2.5616291],[-75.9727058,2.5601749],[-75.9745941,2.5558877],[-75.9747658,2.5541728],[-75.9741752,2.5517152],[-75.9730397,2.5505243],[-75.9710806,2.550551],[-75.9688022,2.5495892],[-75.9664838,2.545033],[-75.9618912,2.5450837],[-75.9594173,2.5426789],[-75.9583949,2.5407449],[-75.9582312,2.538621],[-75.9591892,2.5359733],[-75.9589848,2.5348573],[-75.9569343,2.5328253],[-75.9569646,2.5322324],[-75.9588013,2.5315358],[-75.961597,2.531889],[-75.9621832,2.5249427],[-75.9606895,2.5183307],[-75.9609981,2.5175991],[-75.9625655,2.5171184],[-75.9633601,2.5161297],[-75.9624056,2.5152293],[-75.9597964,2.5152664],[-75.9591479,2.5126192],[-75.9652563,2.5070359],[-75.9634256,2.5044343],[-75.9638647,2.5001103],[-75.961166,2.4968416],[-75.9583981,2.490354],[-75.9545469,2.4901846],[-75.953138,2.4872028],[-75.9471165,2.4861235],[-75.9417023,2.488265],[-75.9372753,2.4881131],[-75.937606,2.4848356],[-75.9370401,2.4838477],[-75.9310535,2.4780582],[-75.9305161,2.4801179],[-75.9295124,2.4815021],[-75.9271187,2.4794997],[-75.9249637,2.481051],[-75.9240336,2.4809146],[-75.9240082,2.4794997],[-75.9223318,2.4769123],[-75.921976,2.4744736],[-75.9208861,2.4737335],[-75.9173681,2.4739686],[-75.9158039,2.4708095],[-75.9177565,2.4670931],[-75.9176682,2.4567492],[-75.9121852,2.4547498],[-75.9107649,2.4502208],[-75.9104302,2.4461488],[-75.9071904,2.4455525],[-75.9069595,2.443385],[-75.9053106,2.4422548],[-75.9030111,2.4422365],[-75.8999214,2.4411554],[-75.8971748,2.4384113],[-75.8944283,2.4366963],[-75.8940849,2.4351527],[-75.8947716,2.4339522],[-75.8945999,2.4330946],[-75.8882484,2.4336091],[-75.8877335,2.4329231],[-75.8880768,2.4317226],[-75.8913383,2.4317226],[-75.8916817,2.430522],[-75.8870716,2.4303169],[-75.8872379,2.4293993],[-75.8885121,2.4281297],[-75.8885669,2.4270283],[-75.8883979,2.4258958],[-75.887245,2.4249684],[-75.886077,2.4278115],[-75.8834419,2.429493],[-75.8825836,2.4284639],[-75.8812103,2.4279494],[-75.8781071,2.4303412],[-75.8721123,2.4313796],[-75.8719406,2.4300075],[-75.8743439,2.4274349],[-75.8748589,2.4264059],[-75.8745155,2.4257198],[-75.8714256,2.4260628],[-75.8685074,2.4270919],[-75.8657608,2.4270919],[-75.8611259,2.4286354],[-75.858551,2.4306935],[-75.8564911,2.4330946],[-75.8552895,2.4354957],[-75.8556328,2.4382398],[-75.8583794,2.4382398],[-75.8607826,2.4390973],[-75.8578644,2.443042],[-75.8556328,2.4449285],[-75.8513412,2.4469866],[-75.8513412,2.4490446],[-75.8530579,2.4521317],[-75.8527145,2.4543613],[-75.8509979,2.4564193],[-75.8504829,2.4548758],[-75.8504829,2.4514457],[-75.8492813,2.4500737],[-75.8453331,2.4516172],[-75.8487663,2.4567623],[-75.848423,2.4579629],[-75.8449898,2.4600209],[-75.8413849,2.4593349],[-75.8370934,2.4595064],[-75.8359024,2.4616394],[-75.8364129,2.4641043],[-75.837003,2.4642115],[-75.8394966,2.4619074],[-75.8408699,2.4619074],[-75.8431015,2.4646515],[-75.8403549,2.46791],[-75.8329735,2.4708256],[-75.8314285,2.4732266],[-75.8293686,2.4735696],[-75.8287727,2.4744591],[-75.8293399,2.4784643],[-75.8289529,2.4797661],[-75.8274635,2.480489],[-75.8263441,2.4799461],[-75.8263288,2.4763423],[-75.8254204,2.4757991],[-75.8246235,2.4762591],[-75.8238055,2.4776658],[-75.8224141,2.4832003],[-75.8201758,2.4840844],[-75.8192388,2.4838764],[-75.8190045,2.4825762],[-75.8176956,2.4823161],[-75.8115335,2.4848473],[-75.8104858,2.4836881],[-75.8065376,2.4821446],[-75.8059097,2.4800248],[-75.804306,2.4804296],[-75.802284,2.4801167],[-75.8019344,2.4797489],[-75.8027876,2.4756566],[-75.8022487,2.4750975],[-75.7981654,2.4748075],[-75.7957196,2.4756152],[-75.7939992,2.4751596],[-75.78385,2.4674806],[-75.7784249,2.4663347],[-75.7752953,2.463108],[-75.7715187,2.4625934],[-75.7692178,2.4613475],[-75.7658361,2.4569227],[-75.7643619,2.4573257],[-75.7631346,2.4606808],[-75.7618364,2.46067],[-75.7591591,2.4574483],[-75.7569275,2.4564193],[-75.7522926,2.4529892],[-75.7477794,2.451694],[-75.7447003,2.4493894],[-75.7441746,2.4502641],[-75.7455978,2.4555618],[-75.7445679,2.4562478],[-75.7438812,2.4560763],[-75.7377014,2.4526462],[-75.7378731,2.4504167],[-75.7368431,2.4488517],[-75.7346115,2.4480156],[-75.7301331,2.4505556],[-75.7282815,2.4507812],[-75.7267151,2.4495592],[-75.7249985,2.4463006],[-75.7232175,2.4457003],[-75.7188401,2.4470724],[-75.7164002,2.4453675],[-75.7145485,2.4429562],[-75.7135248,2.4428593],[-75.712317,2.4435565],[-75.7118297,2.4462251],[-75.7121024,2.4469223],[-75.7151172,2.4485944],[-75.715879,2.4496664],[-75.7162652,2.4508454],[-75.7151663,2.4530102],[-75.7131324,2.4529678],[-75.7099244,2.4506525],[-75.7091091,2.4485623],[-75.7099629,2.4467824],[-75.7097161,2.4452818],[-75.7084715,2.4446493],[-75.7055579,2.4469759],[-75.7058537,2.4481759],[-75.7077956,2.4498695],[-75.7078108,2.4509955],[-75.7073879,2.4514131],[-75.7036159,2.4509312],[-75.7028604,2.4529137],[-75.7014871,2.4544037],[-75.6991956,2.4535467],[-75.6972751,2.4539539],[-75.6955827,2.4601817],[-75.6935415,2.4616126],[-75.691251,2.4618056],[-75.6906885,2.4612906],[-75.6909506,2.457652],[-75.6895236,2.456907],[-75.687764,2.4575556],[-75.6868897,2.4608677],[-75.6855325,2.4617573],[-75.6823415,2.4570513],[-75.679063,2.4555136],[-75.6775395,2.4554493],[-75.6766391,2.4560597],[-75.6746113,2.4600633],[-75.6738067,2.4602723],[-75.670496,2.4569445],[-75.6703136,2.4550902],[-75.6711182,2.4537396],[-75.6709144,2.4526141],[-75.6703091,2.4522813],[-75.6681035,2.4528392],[-75.6664727,2.4521103],[-75.6665003,2.4511987],[-75.6679702,2.4494408],[-75.6688115,2.4458611],[-75.6699381,2.4453358],[-75.67291,2.4452608],[-75.6735063,2.4448209],[-75.6732855,2.4428276],[-75.6728625,2.4423769],[-75.6650887,2.4428705],[-75.6623421,2.4432135],[-75.6602821,2.4451],[-75.6573639,2.4445855],[-75.6566772,2.4414984],[-75.6578789,2.4387543],[-75.6583939,2.4353242],[-75.6566772,2.4306935],[-75.6530724,2.430865],[-75.6508408,2.4324086],[-75.6448326,2.4382398],[-75.641571,2.4401264],[-75.6419144,2.4414984],[-75.6393394,2.442356],[-75.6348763,2.4390973],[-75.6355629,2.4366963],[-75.644146,2.4344667],[-75.6438026,2.42915],[-75.6389961,2.4279494],[-75.6376228,2.428807],[-75.6383095,2.4264059],[-75.6383095,2.4238332],[-75.637201,2.4227912],[-75.635729,2.4225532],[-75.6320597,2.4233936],[-75.631443,2.4264059],[-75.631958,2.4279494],[-75.6297264,2.429836],[-75.6247482,2.4310365],[-75.6187401,2.430522],[-75.6144485,2.4286354],[-75.6130753,2.4293215],[-75.6098137,2.4324086],[-75.6079254,2.4334376],[-75.6070671,2.4356672],[-75.6029472,2.4378968],[-75.599514,2.4413269],[-75.5991707,2.443385],[-75.5969391,2.444071],[-75.5936775,2.4468151],[-75.5940208,2.4485301],[-75.5962524,2.4488731],[-75.5981407,2.4500737],[-75.5983124,2.4507597],[-75.5929909,2.4555618],[-75.5900726,2.4571053],[-75.588871,2.4567623],[-75.5900726,2.4529892],[-75.5892143,2.4516172],[-75.5826912,2.4521317],[-75.5804596,2.4480156],[-75.5793124,2.4470772],[-75.5784917,2.4471201],[-75.5750048,2.4504323],[-75.5739909,2.4527208],[-75.5732131,2.4551915],[-75.5735135,2.4583697],[-75.5729556,2.4599882],[-75.5711103,2.4617086],[-75.5693927,2.4623082]]}},{"type":"Feature","id":28291609,"properties":{"name":"Quebrada Símbola","waterway":"stream","source":"OpenStreetMap"},"geometry":{"type":"LineString","coordinates":[[-75.9861862,2.9329094],[-75.9844762,2.931169],[-75.9823734,2.9271241],[-75.9782052,2.9257741],[-75.9784949,2.9246919],[-75.9762195,2.9231655]]}},{"type":"Feature","id":30987541,"properties":{"name":"Río Aipe","waterway":"river","source":"OpenStreetMap"},"geometry":{"type":"LineString","coordinates":[[-75.4086944,3.2496221],[-75.405744,3.2500372],[-75.4050145,3.2522946],[-75.4021767,3.253655],[-75.401313,3.2536416],[-75.4007202,3.2526562],[-75.3995669,3.2527713],[-75.3984484,3.2569434],[-75.3935346,3.2583788],[-75.3907049,3.2582958],[-75.3905305,3.2595008],[-75.3923678,3.2601381],[-75.3924054,3.2610299],[-75.389235,3.2625322],[-75.386636,3.2628348],[-75.3873897,3.2649074],[-75.3869551,3.2677834],[-75.3848872,3.2680807],[-75.3813869,3.2707425],[-75.3798366,3.2739291],[-75.3787959,3.274786],[-75.3773207,3.2748395],[-75.3752768,3.2758571],[-75.3715324,3.2757821],[-75.3695154,3.267438],[-75.3675467,3.2659277],[-75.3649879,3.265767],[-75.3624022,3.2702819],[-75.363121,3.2736292],[-75.3586793,3.2785456],[-75.359323,3.2796864],[-75.3587544,3.2814163],[-75.3563833,3.2825356],[-75.3553855,3.2841262],[-75.3525746,3.2820482],[-75.3482026,3.2815662],[-75.3448767,3.2794775],[-75.341202,3.2785564],[-75.3393728,3.2770568],[-75.3391206,3.2754929],[-75.338198,3.2744646],[-75.3367442,3.273838],[-75.3318626,3.2734149],[-75.3297812,3.2706996],[-75.3277749,3.2706246],[-75.3275657,3.269034],[-75.3228986,3.2666186],[-75.3205276,3.267588],[-75.3173465,3.2647816],[-75.3151524,3.2650976],[-75.314734,3.2642085],[-75.3128511,3.2634681],[-75.3113464,3.2617395],[-75.307712,3.2615962],[-75.3063642,3.259632],[-75.3051156,3.2592156],[-75.3025138,3.2564895],[-75.3006497,3.2533792],[-75.2979085,3.2533845],[-75.2949286,3.2514966],[-75.2878127,3.2513226],[-75.2861631,3.2531542],[-75.2833253,3.2542254],[-75.2819091,3.2570961],[-75.2805251,3.25851],[-75.2760404,3.2588528],[-75.2691418,3.2547503],[-75.2686054,3.2523295],[-75.2655315,3.2466577],[-75.2646035,3.2463845],[-75.2621359,3.247129],[-75.2599096,3.2459453],[-75.2529734,3.2470486],[-75.250538,3.2490892],[-75.2472496,3.2503585],[-75.2468956,3.2537648],[-75.247255,3.2549538],[-75.2528125,3.2546432],[-75.2539015,3.2554251],[-75.2546632,3.2574763],[-75.2525121,3.2599507],[-75.2536172,3.2613003],[-75.2557147,3.2617288],[-75.2570719,3.2627625],[-75.2564657,3.2648887],[-75.2550012,3.2650815],[-75.2518255,3.2633837],[-75.2488858,3.2631989],[-75.247322,3.2668623],[-75.2463591,3.2710129],[-75.2448759,3.2691197],[-75.2424431,3.2672987],[-75.2411798,3.2682922],[-75.2375802,3.2750913],[-75.2362096,3.2756322],[-75.2338386,3.2744379]]}},{"type":"Feature","id":37474830,"properties":{"name":"Río Las Ceibas","waterway":"river","source":"OpenStreetMap"},"geometry":{"type":"LineString","coordinates":[[-75.0907419,2.8322641],[-75.091115,2.8335186],[-75.092945,2.8350463],[-75.0944547,2.8346357],[-75.0958311,2.8352794],[-75.0968742,2.8344353],[-75.098034,2.8351988],[-75.0988443,2.8349177],[-75.0993179,2.8363607],[-75.1012562,2.8376006],[-75.0999687,2.8402366],[-75.1004025,2.8406073],[-75.1014696,2.8402738],[-75.1024363,2.8421654],[-75.1031444,2.8424012],[-75.1008699,2.8426155],[-75.1004193,2.8451872],[-75.1009772,2.8461302],[-75.1027153,2.8453158],[-75.105749,2.8460263],[-75.1058519,2.8472459],[-75.1068137,2.847609],[-75.1064053,2.8486056],[-75.1072116,2.8489491],[-75.1077149,2.8501164],[-75.1089373,2.8500965],[-75.1094079,2.8491906],[-75.1104806,2.8501854],[-75.1102905,2.8511208],[-75.110955,2.8521524],[-75.1114035,2.8520995],[-75.112033,2.850315],[-75.1132724,2.8500092],[-75.1150888,2.8512477],[-75.115547,2.8532025],[-75.1172346,2.8534711],[-75.1174996,2.8544669],[-75.1189587,2.8538454],[-75.1193879,2.8543812],[-75.1215122,2.854274],[-75.1222847,2.8551098],[-75.1230257,2.8546181],[-75.1237857,2.8554398],[-75.1247523,2.8546691],[-75.1272414,2.8558599],[-75.1283621,2.8530682],[-75.1296661,2.8552599],[-75.1292194,2.8568731],[-75.1305673,2.8572315],[-75.1317904,2.8565886],[-75.1315758,2.8582816],[-75.1326273,2.8595032],[-75.1332066,2.8617749],[-75.1351807,2.8608962],[-75.1361034,2.8597604],[-75.1361892,2.8621606],[-75.1369403,2.8609819],[-75.1382063,2.8609605],[-75.1389003,2.8650014],[-75.1416542,2.8646275],[-75.1409676,2.8661705],[-75.1419976,2.8671992],[-75.1438858,2.8673706],[-75.1449158,2.8680564],[-75.1449158,2.8699423],[-75.146435,2.8731039],[-75.1456352,2.8759152],[-75.1473915,2.8757892],[-75.1482016,2.8788325],[-75.1492292,2.8802678],[-75.1498665,2.8805203],[-75.1509208,2.8799797],[-75.1520615,2.8810666],[-75.1521203,2.8824442],[-75.1542276,2.8853541],[-75.1554753,2.8856405],[-75.15466,2.8876482],[-75.152511,2.8896114],[-75.1536105,2.8904816],[-75.1547005,2.892573],[-75.1519093,2.8943495],[-75.1519753,2.8969698],[-75.1514573,2.8981108],[-75.1496187,2.8985675],[-75.149121,2.8995545],[-75.1486761,2.9025233],[-75.1498694,2.9044002],[-75.1490601,2.9054923],[-75.1492759,2.9067878],[-75.1481258,2.909144],[-75.1484223,2.9112839],[-75.1473255,2.9133653],[-75.151253,2.91402],[-75.1512209,2.9154457],[-75.1500141,2.9169453],[-75.1499209,2.921281],[-75.1504366,2.9227204],[-75.1520107,2.9243235],[-75.1535272,2.9239624],[-75.1547555,2.9257109],[-75.1549678,2.9271697],[-75.1583727,2.9312451],[-75.1593289,2.9317789],[-75.1630048,2.9304231],[-75.1641821,2.9293774],[-75.1650713,2.9294666],[-75.167419,2.930711],[-75.1682804,2.9323146],[-75.1742877,2.9359712],[-75.1770961,2.9396783],[-75.1813695,2.9414158],[-75.1842781,2.9408684],[-75.1858452,2.9399543],[-75.1876735,2.9400196],[-75.1896354,2.9406538],[-75.1909046,2.9418048],[-75.1964886,2.9436762],[-75.199192,2.9466491],[-75.2026265,2.945831],[-75.2057608,2.9468105],[-75.2083726,2.9452433],[-75.2105422,2.9448728],[-75.2147177,2.947345],[-75.2171877,2.9479205],[-75.2197343,2.9475287],[-75.2207137,2.9465493],[-75.2243704,2.9461575],[-75.2287453,2.9472675],[-75.2382683,2.9482436],[-75.240564,2.9502059],[-75.2418517,2.9495937],[-75.2447485,2.9497865],[-75.2469586,2.9528081],[-75.2488684,2.9524223],[-75.2498876,2.9529688],[-75.2504727,2.9566824],[-75.2518254,2.9567382],[-75.2555618,2.9545779],[-75.2599405,2.9560136],[-75.2617389,2.9559627],[-75.2650033,2.9579106],[-75.2707096,2.9564998]]}},{"type":"Feature","id":37474850,"properties":{"name":"Río del Oro","waterway":"river","source":"OpenStreetMap"},"geometry":{"type":"LineString","coordinates":[[-75.1972328,2.8943798],[-75.2011886,2.8938154],[-75.2116596,2.8946122],[-75.2142857,2.8981977],[-75.2169782,2.8948778],[-75.2194049,2.8951766],[-75.2227955,2.8979985],[-75.2246238,2.9004552],[-75.2277152,2.9021152],[-75.22838,2.9037087],[-75.2280476,2.9048043],[-75.2263191,2.9055014],[-75.2243246,2.9096845],[-75.2244575,2.9104148],[-75.2282803,2.9129711],[-75.2299091,2.9131039],[-75.2305407,2.9127387],[-75.2310061,2.9089209],[-75.2334992,2.9043063],[-75.2366904,2.9025467],[-75.2400145,2.9039079],[-75.2411115,2.9036091],[-75.242275,2.9023476],[-75.2440376,2.89633],[-75.2487308,2.8951683],[-75.2507724,2.8933405],[-75.2536762,2.8957695],[-75.2540667,2.8972398],[-75.2524562,2.89975],[-75.2525778,2.9008444],[-75.2533635,2.9014863],[-75.2563103,2.9012731],[-75.2571768,2.9017199],[-75.2593037,2.906052],[-75.2589908,2.9077884],[-75.2606481,2.9101643],[-75.2625773,2.9124181],[-75.2636468,2.9125824],[-75.2642604,2.9133061],[-75.266867,2.912242],[-75.2675549,2.914704]]}},{"type":"Feature","id":39360546,"properties":{"name":"Río Las Ceibas","waterway":"river","source":"OpenStreetMap"},"geometry":{"type":"LineString","coordinates":[[-75.2910331,2.9406385],[-75.2941513,2.9405791],[-75.2986448,2.9387492],[-75.3026732,2.9357715],[-75.3049691,2.9356947]]}},{"type":"Feature","id":39363456,"properties":{"name":"Quebrada La Cabuya","waterway":"stream","source":"OpenStreetMap"},"geometry":{"type":"LineString","coordinates":[[-75.254664,2.9306176],[-75.2565737,2.9307472],[-75.2592988,2.9296114],[-75.2631827,2.9264612],[-75.2647276,2.9260541],[-75.2664872,2.9237611],[-75.2702422,2.9210824],[-75.2761553,2.9216606],[-75.2799297,2.9199123]]}},{"type":"Feature","id":39364514,"properties":{"name":"QUEBRADA ABICHENTE","waterway":"stream","source":"OpenStreetMap"},"geometry":{"type":"LineString","coordinates":[[-75.257963,2.9384135],[-75.2605094,2.9394325],[-75.2627529,2.9390694],[-75.2632976,2.9384599],[-75.2640926,2.9344774]]}},{"type":"Feature","id":39364515,"properties":{"name":"Quebrada La toma","waterway":"stream","source":"OpenStreetMap"},"geometry":{"type":"LineString","coordinates":[[-75.2474109,2.9355123],[-75.2504719,2.9346213],[-75.2541031,2.9350103],[-75.2570598,2.9332855],[-75.2607039,2.9337783],[-75.2622601,2.9333504],[-75.2645036,2.9344527],[-75.2667283,2.9331798],[-75.2680166,2.9333673],[-75.2697402,2.9324274],[-75.2731132,2.9340582],[-75.2752291,2.9338557],[-75.2770811,2.9356247],[-75.2776247,2.9348821],[-75.2805812,2.9344249],[-75.2824724,2.9331857]]}},{"type":"Feature","id":39823558,"properties":{"name":"Quebrada Avichente","waterway":"river","source":"OpenStreetMap"},"geometry":{"type":"LineString","coordinates":[[-75.2535769,2.9438807],[-75.2554801,2.9423388],[-75.2569553,2.9422819],[-75.2606921,2.9429808],[-75.2616045,2.9436212],[-75.2629332,2.9427068],[-75.2643715,2.9428229],[-75.2651346,2.9435414],[-75.2680458,2.9431715],[-75.2685428,2.9444413],[-75.2691031,2.9438203],[-75.2706666,2.9444558]]}},{"type":"Feature","id":39825689,"properties":{"name":"Quebrada Matamundo","waterway":"stream","source":"OpenStreetMap"},"geometry":{"type":"LineString","coordinates":[[-75.2757827,2.8990985],[-75.2779513,2.9014984],[-75.2795808,2.9024516],[-75.2818469,2.9056725],[-75.2830692,2.9063205],[-75.2838538,2.9078038],[-75.2836638,2.9091314]]}},{"type":"Feature","id":41765760,"properties":{"name":"Río La Plata","waterway":"river","source":"OpenStreetMap"},"geometry":{"type":"LineString","coordinates":[[-76.1716429,2.2496468],[-76.1709194,2.2499458],[-76.1707728,2.2511696],[-76.1689498,2.2528683],[-76.1674583,2.2529512],[-76.1653039,2.2540698],[-76.1626523,2.2535727],[-76.1618236,2.2568872],[-76.1602907,2.2580473],[-76.1582191,2.2631019],[-76.154946,2.2645934],[-76.1549876,2.2667182],[-76.1532389,2.2668772],[-76.1518367,2.2640592],[-76.1448782,2.2643034],[-76.144381,2.2633919],[-76.144671,2.2612375],[-76.1433452,2.2581301],[-76.1417294,2.2571772],[-76.1378762,2.2574258],[-76.1365792,2.2566744],[-76.134976,2.2573015],[-76.1340302,2.2568518],[-76.1337331,2.2561],[-76.1342061,2.2557476],[-76.1327584,2.2548382],[-76.1325316,2.2541113],[-76.132573,2.2517911],[-76.1310815,2.2512111],[-76.1298517,2.2499075],[-76.1274001,2.2509947],[-76.125944,2.250631],[-76.1234581,2.2517497],[-76.1195304,2.2490191],[-76.1189006,2.245825],[-76.118362,2.2455764],[-76.1177405,2.2460736],[-76.115669,2.2444992],[-76.1134317,2.2452449],[-76.1110701,2.244582],[-76.1100757,2.2452035],[-76.1076313,2.2443749],[-76.1071755,2.2430076],[-76.1082113,2.2421376],[-76.1068441,2.2406046],[-76.1052697,2.2367929],[-76.1046068,2.2361714],[-76.1024346,2.2370024],[-76.1016237,2.2366272],[-76.1004877,2.2340331],[-76.0966459,2.2317329],[-76.0957712,2.2305375],[-76.0935826,2.2297852],[-76.0869503,2.2299102],[-76.0828326,2.2279268],[-76.0807422,2.2287138],[-76.0803316,2.2294873],[-76.0767768,2.2292809],[-76.0748627,2.2298768],[-76.0744366,2.2311773],[-76.0757802,2.2330073],[-76.0745652,2.2344591],[-76.0726088,2.2349266],[-76.0699577,2.2334327],[-76.0692188,2.2338184],[-76.0690621,2.2349971],[-76.0674522,2.2372252],[-76.0655734,2.2376386],[-76.0610623,2.2370415],[-76.0578177,2.2388804],[-76.0542997,2.2398919],[-76.0539775,2.2411018],[-76.0549719,2.2421376],[-76.0548628,2.2434906],[-76.0541155,2.2441196],[-76.0514465,2.2435865],[-76.0488965,2.2406221],[-76.0472198,2.2407248],[-76.0449455,2.2435877],[-76.0430396,2.2440848],[-76.042179,2.2455293],[-76.0421457,2.2472494],[-76.0414707,2.2477897],[-76.0394252,2.2478968],[-76.0364327,2.2497317],[-76.0344633,2.2493466],[-76.0332888,2.2477234],[-76.030403,2.2473994],[-76.0294037,2.2464113],[-76.0284153,2.2471079],[-76.026887,2.2464378],[-76.0248066,2.2444577],[-76.0257242,2.2427432],[-76.0251412,2.241599],[-76.0224482,2.2421376],[-76.0211638,2.2418061],[-76.0203352,2.2414747],[-76.0199209,2.2397345],[-76.0190094,2.2394031],[-76.0144933,2.2399003],[-76.013209,2.2390716],[-76.0101016,2.2392788],[-76.0072428,2.2372072],[-76.0052541,2.2375801],[-76.0052541,2.238243],[-76.0041769,2.2391545],[-76.0024368,2.2387402],[-76.0014424,2.2392374],[-75.9992051,2.2377044],[-75.9982936,2.2377873],[-75.9975893,2.2388645],[-75.9977136,2.2415575],[-75.9972164,2.2418061],[-75.9962221,2.2408118],[-75.9955177,2.2425519],[-75.9943162,2.242759],[-75.9923275,2.2451206],[-75.9900902,2.2453278],[-75.9881843,2.2473165],[-75.9861956,2.2466122],[-75.9818868,2.2497195],[-75.9803538,2.2498024],[-75.9795252,2.252744],[-75.9784894,2.2533241],[-75.9765007,2.2531169],[-75.972979,2.2555614],[-75.9728547,2.2602431],[-75.9724404,2.2615689],[-75.9710317,2.2623561],[-75.9707417,2.2645934],[-75.9713217,2.2656292],[-75.9736833,2.2645934],[-75.9751749,2.2650492],[-75.9760035,2.2646349],[-75.9762521,2.2662093],[-75.9752992,2.2668722],[-75.9741391,2.2696481],[-75.9726061,2.2704353],[-75.9730204,2.2719682],[-75.972399,2.2747856],[-75.9718189,2.275407],[-75.9694573,2.2754485],[-75.9696645,2.2778101],[-75.9704931,2.2794259],[-75.9698716,2.2801302],[-75.9695816,2.2826161],[-75.9701617,2.2846877],[-75.9696645,2.2850191],[-75.9680487,2.284522],[-75.9673443,2.2851849],[-75.9660185,2.2852263],[-75.9623725,2.2874222],[-75.961461,2.2923525],[-75.9595138,2.293844],[-75.9550392,2.2991887],[-75.9547906,2.3005974],[-75.9568207,2.3038705],[-75.9551635,2.3066049],[-75.9525119,2.3073921],[-75.9518904,2.306232],[-75.9520975,2.3044919],[-75.9518075,2.3038705],[-75.9510618,2.3039533],[-75.9481615,2.3064806],[-75.9465457,2.309008],[-75.9448056,2.3136897],[-75.9460071,2.3148912],[-75.9461314,2.3168799],[-75.9436455,2.3173357],[-75.942444,2.3191172],[-75.9421954,2.324379],[-75.9426926,2.3266163],[-75.9416982,2.3305109],[-75.9427755,2.3339911],[-75.9393781,2.3371399],[-75.9386737,2.3390043],[-75.9361464,2.3395844],[-75.9367265,2.3411173],[-75.9355664,2.342526],[-75.9356078,2.3436032],[-75.9365193,2.3462963],[-75.9337848,2.3493208],[-75.9293517,2.3473735],[-75.9269854,2.3476062],[-75.9256702,2.3485608],[-75.9249278,2.3524427],[-75.9258611,2.3545004],[-75.928237,2.3559216],[-75.9290643,2.3571308],[-75.9295045,2.3581116],[-75.9292455,2.3594064],[-75.9282097,2.3603386],[-75.9248952,2.3606493],[-75.9235487,2.3636531],[-75.9219432,2.3645335],[-75.9174375,2.3647407],[-75.9171923,2.3662577],[-75.9157074,2.3665759],[-75.9149437,2.3679972],[-75.9129285,2.3675305],[-75.9111042,2.3695033],[-75.9107011,2.3713276],[-75.9080495,2.3738519],[-75.9074555,2.3764823],[-75.9054615,2.376843],[-75.9038494,2.3753793],[-75.9030857,2.3755914],[-75.9025129,2.375952],[-75.902025,2.3777975],[-75.9000522,2.3777763],[-75.8983128,2.3796855],[-75.8962339,2.3803855],[-75.8906481,2.3861548],[-75.8887048,2.3874615],[-75.8869117,2.3929333],[-75.8869803,2.3960614],[-75.8849832,2.3957418],[-75.883756,2.3978302],[-75.8795904,2.3989465],[-75.878453,2.4057928],[-75.8758458,2.4079901],[-75.8758918,2.4091253],[-75.8767624,2.4097037],[-75.8769892,2.4107537],[-75.8761931,2.4130332],[-75.8716639,2.4148142],[-75.8680126,2.414023],[-75.8664363,2.4142406],[-75.8662276,2.4151641],[-75.8668346,2.4163034],[-75.8664515,2.4174948],[-75.8656377,2.4180691],[-75.864667,2.4178883],[-75.8637939,2.4165209],[-75.8618592,2.4164877],[-75.8599934,2.4197451],[-75.8585847,2.4206566],[-75.8578804,2.4225625],[-75.8591647,2.4239297],[-75.8593719,2.4263742],[-75.8585433,2.4281972],[-75.858551,2.4306935]]}},{"type":"Feature","id":42107753,"properties":{"name":"Quebrada El Venado","waterway":"stream","source":"OpenStreetMap"},"geometry":{"type":"LineString","coordinates":[[-75.2102527,2.961807],[-75.2140171,2.9657295],[-75.2156844,2.9658497],[-75.2163806,2.9672745],[-75.2191739,2.966193],[-75.2189934,2.967738],[-75.2206006,2.970021],[-75.2258691,2.9699953],[-75.2299257,2.9725016],[-75.2344227,2.9707954],[-75.2357892,2.9715078],[-75.2405507,2.9708641],[-75.2433955,2.9725721],[-75.2454066,2.971113],[-75.2460684,2.9694651],[-75.2469451,2.9693535],[-75.2479678,2.967697],[-75.2496867,2.9674824],[-75.251165,2.9680574],[-75.2531847,2.9675854],[-75.2551332,2.968334],[-75.2585951,2.9673717],[-75.2585594,2.9686192],[-75.2592375,2.9694983],[-75.2641151,2.9711497],[-75.2710729,2.9682161],[-75.2761309,2.9682088],[-75.2768264,2.9692638],[-75.2768667,2.9709642],[-75.2774947,2.9715792]]}},{"type":"Feature","id":42107763,"properties":{"name":"Quebrada del Manpuesto","waterway":"stream","source":"OpenStreetMap"},"geometry":{"type":"LineString","coordinates":[[-75.2812389,2.9641778],[-75.2840499,2.9642135],[-75.2849833,2.9650385],[-75.2865926,2.9651921],[-75.2875476,2.9675298],[-75.2895601,2.9688914]]}},{"type":"Feature","id":43378016,"properties":{"name":"Quebrada El Hache","waterway":"stream","source":"OpenStreetMap"},"geometry":{"type":"LineString","coordinates":[[-74.6585745,3.4735304],[-74.6604466,3.4735947],[-74.6607095,3.4725077],[-74.6615303,3.4726201],[-74.6644807,3.470987],[-74.6657735,3.4686631],[-74.6680641,3.4675226],[-74.6692067,3.4689201],[-74.6710092,3.4681919],[-74.6712989,3.4690111],[-74.672581,3.4691878],[-74.6745068,3.470746],[-74.6767223,3.4714957],[-74.6806973,3.4704355],[-74.6814966,3.471003],[-74.684667,3.4704355],[-74.6898973,3.4729949],[-74.695707,3.4717527],[-74.6979976,3.4723738],[-74.6985018,3.4729842],[-74.6996391,3.4728771],[-74.6999824,3.4735143],[-74.7012538,3.4735465],[-74.7021765,3.4745103],[-74.704113,3.4742319],[-74.7055292,3.4750511],[-74.7078359,3.4747138],[-74.708544,3.4752813],[-74.7097939,3.4748637],[-74.7135651,3.4717902],[-74.7147882,3.4729039],[-74.7179693,3.4722774],[-74.7215742,3.4730378],[-74.7238648,3.4746923],[-74.7247338,3.4739641],[-74.7302431,3.473177],[-74.7306508,3.4741408],[-74.7325766,3.4747834],[-74.7331774,3.4758114],[-74.7353393,3.4761167],[-74.7361171,3.4769573],[-74.7392553,3.4783227],[-74.7426188,3.4772036],[-74.7436112,3.4776052],[-74.7445446,3.4767271],[-74.7463739,3.4766468],[-74.746846,3.475956],[-74.7490186,3.475956],[-74.7496891,3.4751582],[-74.7493887,3.4733591],[-74.7506762,3.4714957],[-74.7545707,3.468208],[-74.7566307,3.4680045],[-74.7575104,3.4673726],[-74.7571778,3.4655414],[-74.7575855,3.4648774],[-74.7615445,3.4619538],[-74.7618449,3.4601011],[-74.763186,3.458666],[-74.7644562,3.4585974]]}},{"type":"Feature","id":43378047,"properties":{"name":"Río Blanca","waterway":"river","source":"OpenStreetMap"},"geometry":{"type":"LineString","coordinates":[[-74.7555685,3.2160166],[-74.7540989,3.2182352],[-74.7538199,3.2231412],[-74.7553433,3.2243838],[-74.7568345,3.2269856],[-74.756105,3.2282282],[-74.7574139,3.2376974],[-74.7585835,3.2385447],[-74.7587443,3.2400111],[-74.7595167,3.2407181],[-74.7601605,3.2402253],[-74.7603965,3.242132],[-74.7611475,3.2423034],[-74.761137,3.243622],[-74.7631539,3.2441362],[-74.7623492,3.2458597],[-74.7639478,3.2488065],[-74.7652459,3.2494373],[-74.766437,3.2531768],[-74.7662438,3.2545908],[-74.7641194,3.2543647],[-74.7607507,3.2555976],[-74.7583474,3.2555976],[-74.7556008,3.2571401],[-74.7525215,3.2598061],[-74.7515936,3.2637705],[-74.7520173,3.2661848],[-74.7502899,3.2678183],[-74.7502256,3.2686538],[-74.7486057,3.2708079],[-74.7485948,3.2718886],[-74.7475971,3.2724574],[-74.7470178,3.2764849],[-74.7457838,3.2778441],[-74.745151,3.2798482],[-74.7454056,3.2809637],[-74.7445393,3.2844475],[-74.7449362,3.2850875],[-74.7442228,3.2874895],[-74.7453332,3.2891765],[-74.7451081,3.2900024],[-74.7458697,3.2903762],[-74.7462452,3.291383],[-74.745698,3.2936592],[-74.7444536,3.2952509]]}},{"type":"Feature","id":43378103,"properties":{"name":"Quebrada la Lejia","waterway":"river","source":"OpenStreetMap"},"geometry":{"type":"LineString","coordinates":[[-74.648858,3.4219365],[-74.6505439,3.4203688],[-74.6512141,3.4188355],[-74.6530545,3.4179377],[-74.6533281,3.4172148],[-74.6541327,3.4173112],[-74.6552217,3.4165454],[-74.6563053,3.4168614],[-74.6582151,3.4138573],[-74.6590197,3.4131719],[-74.6599531,3.4131933],[-74.6607685,3.4116725],[-74.666487,3.4109656],[-74.6666479,3.4103338],[-74.6675277,3.4100874],[-74.6671414,3.4096055],[-74.6715295,3.4070994],[-74.6735251,3.4076777],[-74.6756709,3.4096697],[-74.6785891,3.4088772],[-74.6822262,3.4115011],[-74.6834922,3.4116296],[-74.6843505,3.4106765],[-74.6865821,3.4102374],[-74.6873331,3.4105908],[-74.6871078,3.4114369],[-74.6891999,3.4131826],[-74.689908,3.4134503],[-74.6913028,3.4124168],[-74.6956587,3.4179913],[-74.6978635,3.4183366],[-74.6986735,3.4178199],[-74.7004008,3.4194049],[-74.7032441,3.4197702],[-74.706849,3.4218265],[-74.7096276,3.4247598],[-74.7112799,3.4250918],[-74.7133184,3.4276942],[-74.714402,3.4274908],[-74.7155392,3.4296862],[-74.7223199,3.427812],[-74.7256565,3.4287973],[-74.7273946,3.431132],[-74.7311711,3.4302967],[-74.7324266,3.4303942],[-74.7336066,3.4312391],[-74.7354305,3.4311642],[-74.7364497,3.4302538],[-74.7377908,3.4310035],[-74.7408271,3.4303609],[-74.7414063,3.4292715],[-74.7430158,3.4286902],[-74.7436059,3.42914],[-74.7454651,3.4289307],[-74.7463203,3.4296434],[-74.7484958,3.4288853],[-74.7509658,3.4294827],[-74.7519287,3.4288777],[-74.7537553,3.4290222],[-74.7543108,3.4281394],[-74.7558924,3.4276009],[-74.7587764,3.4282619],[-74.7591734,3.4289473],[-74.7618127,3.4286688],[-74.7636688,3.4304787],[-74.7672361,3.4302164],[-74.7707552,3.4329794],[-74.7721767,3.4358014],[-74.7735389,3.437004]]}},{"type":"Feature","id":43378110,"properties":{"name":"Río Ambica","waterway":"river","source":"OpenStreetMap"},"geometry":{"type":"LineString","coordinates":[[-74.642991,3.3246631],[-74.642991,3.322778],[-74.6469392,3.3196933],[-74.6469392,3.3160945],[-74.6483125,3.3136952],[-74.6502008,3.3070116],[-74.652604,3.3047837],[-74.6529473,3.3032414],[-74.652089,3.3020417],[-74.653119,3.2992997],[-74.653119,3.2974145],[-74.6553506,3.2938156],[-74.6548356,3.2895312],[-74.6555223,3.2873032],[-74.6623887,3.2831901],[-74.6658219,3.2819905],[-74.6721008,3.2823133],[-74.6737665,3.2814832],[-74.6763521,3.2819358],[-74.6788842,3.281277],[-74.680735,3.2825475],[-74.682178,3.2817067],[-74.6863085,3.2822464],[-74.6873277,3.2814538],[-74.6897794,3.2812756],[-74.6913296,3.2832854],[-74.6934915,3.283837],[-74.6946287,3.2861935],[-74.6961576,3.2876555],[-74.6974289,3.2875752],[-74.6970964,3.2885446],[-74.6980834,3.2891123],[-74.6987701,3.2905208],[-74.7004277,3.2900656],[-74.7012967,3.2880144],[-74.7028899,3.2875056],[-74.7039843,3.2883732],[-74.7054865,3.2882994],[-74.7066933,3.2895514],[-74.7082704,3.2890052],[-74.708882,3.2899263],[-74.7097027,3.2899692],[-74.7109419,3.2893318],[-74.7126371,3.2909064],[-74.713973,3.2901578],[-74.7180122,3.2902209],[-74.7197236,3.2905594],[-74.721939,3.2918972],[-74.7227599,3.290629],[-74.7239989,3.2900709],[-74.7266276,3.2905648],[-74.7287625,3.2897282],[-74.7309673,3.2906654],[-74.7334135,3.2903119],[-74.7377266,3.2910522],[-74.7406179,3.2906654],[-74.7419965,3.2922131],[-74.7430855,3.2923792],[-74.7429623,3.2938263],[-74.7444536,3.2952509],[-74.7445178,3.2965458],[-74.7456551,3.297724],[-74.7457892,3.2991379],[-74.7473933,3.30081],[-74.750188,3.3008195],[-74.7509176,3.3013658],[-74.750907,3.3022023],[-74.7520173,3.3028814],[-74.7537392,3.3094579],[-74.7542542,3.3098542],[-74.7554559,3.3095543],[-74.7559066,3.3101392],[-74.7556008,3.3130097],[-74.7574891,3.3157517],[-74.7568025,3.3169513],[-74.7572315,3.3195851],[-74.7597958,3.3212571],[-74.7610831,3.3246941],[-74.7638834,3.3284857],[-74.7635509,3.3296115],[-74.7662115,3.3331128],[-74.7671664,3.3334555],[-74.7684755,3.3329853],[-74.7690547,3.3341196],[-74.7706962,3.3350942],[-74.771812,3.3382217],[-74.7729111,3.3384473],[-74.7731423,3.3400854],[-74.7751475,3.3390442],[-74.7765112,3.3393035],[-74.7781742,3.3422061],[-74.7811139,3.3428487],[-74.7831738,3.3442197],[-74.7837319,3.3466735],[-74.7858991,3.3486015],[-74.7868216,3.3508816],[-74.7888603,3.3532283],[-74.791006,3.3585407],[-74.7997753,3.3635228],[-74.7999435,3.3646808],[-74.8014343,3.3660047],[-74.8024106,3.3680611],[-74.803312,3.3690369],[-74.8047817,3.3694963],[-74.8063588,3.3713277],[-74.8063585,3.3728622],[-74.8086966,3.3771565],[-74.8091805,3.3791248],[-74.8109471,3.3813382]]}},{"type":"Feature","id":44681829,"properties":{"name":"Río Claro","waterway":"river","source":"OpenStreetMap"},"geometry":{"type":"LineString","coordinates":[[-75.585639,3.1220142],[-75.5873079,3.1227527],[-75.5879732,3.1251684],[-75.5896068,3.1261396],[-75.5908765,3.1263763],[-75.59257,3.125712],[-75.5948684,3.1277654],[-75.5982757,3.1271037],[-75.5995423,3.1273426],[-75.5990463,3.1298365],[-75.5997072,3.1311474],[-75.5999065,3.1346455],[-75.5997042,3.1359279],[-75.598163,3.1371523],[-75.5981308,3.1382932],[-75.5987907,3.1404304],[-75.5993443,3.14075],[-75.5988818,3.1442923],[-75.59959,3.1450904],[-75.5994272,3.1463485],[-75.6014246,3.147976],[-75.6007701,3.1489095],[-75.602181,3.1538427],[-75.6013567,3.1598264],[-75.6018055,3.1627662],[-75.5977607,3.1670619],[-75.5962859,3.1699632],[-75.5968315,3.170613]]}},{"type":"Feature","id":44933977,"properties":{"name":"Río Cabrera","waterway":"river","source":"OpenStreetMap"},"geometry":{"type":"LineString","coordinates":[[-74.4498745,3.6966617],[-74.4507676,3.6965672],[-74.4509968,3.6981799],[-74.453679,3.6984159],[-74.4547968,3.700108],[-74.461489,3.7027603],[-74.4634262,3.702283],[-74.4654426,3.699821],[-74.4675966,3.6996601],[-74.4683225,3.6990872],[-74.474102,3.6984525],[-74.4791266,3.6994139],[-74.4803652,3.6987419],[-74.4803892,3.6975244],[-74.4826449,3.6957048],[-74.4861379,3.6937374],[-74.4877541,3.6936842],[-74.4915867,3.6960873],[-74.4928572,3.6978661],[-74.4939328,3.6983556],[-74.4941248,3.6991583],[-74.4949748,3.6993985],[-74.5004867,3.7047103],[-74.5054363,3.7067685],[-74.5062474,3.7065086],[-74.5087754,3.7074716],[-74.5114336,3.7092676],[-74.5152783,3.7130005],[-74.5161436,3.7129093],[-74.5176609,3.7141073],[-74.5184074,3.7161718],[-74.5200954,3.7177072],[-74.521046,3.7176373],[-74.5223989,3.718814],[-74.5251472,3.7191484],[-74.5290898,3.7230159],[-74.5304213,3.7235753],[-74.5310673,3.7229581],[-74.5328497,3.7237304],[-74.5347631,3.7256641],[-74.5353664,3.7254422],[-74.5389861,3.7277043],[-74.5400404,3.7292154],[-74.5414694,3.7295224],[-74.5420696,3.7302582],[-74.5447173,3.7306687],[-74.5451195,3.7313437],[-74.5462865,3.7313497],[-74.5502109,3.7300545],[-74.5518227,3.7308055],[-74.5539159,3.7306869],[-74.5545497,3.7297474],[-74.5559025,3.7294252],[-74.5564753,3.7281512],[-74.5586325,3.7293643],[-74.5583796,3.7312373],[-74.5608232,3.7283367],[-74.5604667,3.7277012],[-74.5609817,3.7270992],[-74.5603452,3.7256626],[-74.5617267,3.7256848],[-74.5628791,3.7263704],[-74.5636549,3.7277784],[-74.5634923,3.7284788],[-74.5641868,3.7285451],[-74.5652654,3.7261197],[-74.5661962,3.725294],[-74.566973,3.7220894],[-74.5686721,3.7208901],[-74.5678551,3.7196554],[-74.5689149,3.7191591],[-74.5696667,3.7179953],[-74.5712593,3.7178417],[-74.5715316,3.7153325],[-74.5707287,3.7149999],[-74.5715141,3.7137045],[-74.5730251,3.7136191],[-74.5726523,3.7124167],[-74.5746509,3.709872],[-74.5746958,3.7087216],[-74.5757447,3.7087485],[-74.5745657,3.7067698],[-74.5755625,3.7058275],[-74.5761456,3.7058278],[-74.5771643,3.7045909],[-74.5789812,3.7045315],[-74.5805761,3.7027464],[-74.5825543,3.7030114],[-74.5862435,3.70132],[-74.5873645,3.7014449],[-74.5883316,3.6986899],[-74.5960152,3.6953253],[-74.5974597,3.6933723],[-74.5989979,3.6928352],[-74.60025,3.6902931],[-74.6023448,3.6895434],[-74.6053838,3.686567],[-74.6068505,3.685905],[-74.60671,3.683915],[-74.6078563,3.6831212],[-74.6086098,3.6833856],[-74.6094337,3.682475],[-74.6102037,3.679852],[-74.6119179,3.6783651],[-74.6136037,3.6773991],[-74.6153453,3.6776328],[-74.6183312,3.6756787],[-74.6205126,3.6755023],[-74.6212486,3.6737713],[-74.6244649,3.670583],[-74.6264168,3.666375],[-74.6272288,3.664479],[-74.6268411,3.6636197],[-74.6272577,3.6624813],[-74.6270523,3.6596969],[-74.6305441,3.6556662],[-74.6305384,3.6541794],[-74.6315272,3.6538622],[-74.6309044,3.6523802],[-74.6336572,3.6487849],[-74.6332951,3.6481347],[-74.6350687,3.6466927],[-74.6352278,3.6456836],[-74.6363982,3.6443924],[-74.6361668,3.6413578],[-74.6383811,3.6408489],[-74.6396202,3.639367],[-74.6411338,3.6350574],[-74.6424781,3.6352222],[-74.643234,3.6342696],[-74.6460872,3.632791],[-74.6479263,3.6308309],[-74.6481016,3.6293295],[-74.6488653,3.6290166],[-74.6501343,3.6269614],[-74.6516116,3.6258817],[-74.6532243,3.6255786],[-74.654794,3.6214374],[-74.6551584,3.6182987],[-74.6570949,3.6182726],[-74.6573868,3.6168646],[-74.6601679,3.6156223],[-74.6608655,3.6144857],[-74.6621899,3.6140116],[-74.6632388,3.6093953],[-74.6656401,3.6087245],[-74.6661317,3.6078983],[-74.6657015,3.6069065],[-74.667201,3.6051436],[-74.669818,3.6035357],[-74.6698355,3.6024246],[-74.6735416,3.5963511],[-74.6742048,3.5971955],[-74.6750516,3.596906],[-74.6761104,3.5976175],[-74.677437,3.5968757]]}},{"type":"Feature","id":88466333,"properties":{"name":"Río Riachón","waterway":"river","source":"OpenStreetMap"},"geometry":{"type":"LineString","coordinates":[[-74.5353882,3.8283352],[-74.53627,3.8271288],[-74.5368561,3.8246619],[-74.5348978,3.8209219],[-74.5358849,3.8196373],[-74.5361424,3.8170039],[-74.541407,3.8133535],[-74.5421376,3.8114774],[-74.5443296,3.8086675],[-74.5468927,3.7998329],[-74.5462918,3.7929279],[-74.5479299,3.7912182],[-74.5494779,3.787664],[-74.5503852,3.7870954],[-74.5509215,3.7875121],[-74.5513283,3.786205],[-74.5525998,3.7850562],[-74.5530574,3.7836873],[-74.5522524,3.782665],[-74.5546066,3.7791873],[-74.5539386,3.7767914],[-74.5545053,3.7755136],[-74.5566046,3.7744439],[-74.557593,3.7730896],[-74.5578853,3.7710366],[-74.557345,3.7667989],[-74.5587241,3.7666502],[-74.5590008,3.7678739],[-74.5609988,3.7670668],[-74.5622104,3.7641152],[-74.5609794,3.7631645],[-74.5610186,3.7624461],[-74.5634754,3.7609965],[-74.5640235,3.7595832],[-74.5646216,3.7592185],[-74.5654355,3.7596451],[-74.569222,3.754602],[-74.5694795,3.7534807],[-74.5706007,3.7536117],[-74.5729008,3.7524542],[-74.5736713,3.7508487],[-74.5771663,3.7485438],[-74.5776087,3.7466565],[-74.5784648,3.7465461],[-74.5798475,3.7442935],[-74.5812157,3.744581],[-74.5814221,3.7427825],[-74.5853665,3.7401898],[-74.5848721,3.7385518],[-74.587096,3.7391164],[-74.586345,3.7367403],[-74.5876095,3.7358366],[-74.5861513,3.7341507],[-74.5876082,3.7338566],[-74.5873714,3.7324172],[-74.5889825,3.7322869],[-74.5909075,3.7291167],[-74.5922544,3.7285713],[-74.5921489,3.7273809],[-74.5961191,3.7248861],[-74.5975596,3.7246535],[-74.5972168,3.72303],[-74.5981792,3.7218691],[-74.5992126,3.7224341],[-74.6008159,3.7223527],[-74.6019585,3.721786],[-74.6020719,3.720473],[-74.6039128,3.721046],[-74.6050433,3.7207468],[-74.6069218,3.7187396],[-74.6076676,3.7169633],[-74.6075222,3.7151622],[-74.609096,3.7156358],[-74.6097226,3.7145534],[-74.6109396,3.7138976],[-74.6150271,3.7127255],[-74.6149762,3.7113086],[-74.6161934,3.7107247],[-74.615915,3.7093027],[-74.6172561,3.7088084],[-74.6173628,3.7079375],[-74.6206324,3.7051579],[-74.6210904,3.7036554],[-74.6222668,3.7033983],[-74.6233334,3.7008994],[-74.6245769,3.700495],[-74.6245743,3.6986729],[-74.6274475,3.6984495],[-74.628292,3.6974023],[-74.6319723,3.6957584],[-74.6345821,3.6928057],[-74.6369408,3.6919344],[-74.6377912,3.6897866],[-74.6400561,3.6903373],[-74.640659,3.6897503],[-74.6399248,3.688834],[-74.6403748,3.6879724],[-74.6411988,3.6875055],[-74.6420919,3.6882318],[-74.6427386,3.6868631],[-74.6451894,3.6867331],[-74.6476117,3.6828533],[-74.6484478,3.683675],[-74.6499273,3.682527],[-74.6505225,3.6833734],[-74.6532769,3.6827829],[-74.6553397,3.6810179],[-74.6564555,3.6816924],[-74.6580863,3.6816282],[-74.6613371,3.6781699],[-74.6605969,3.6767994],[-74.6608114,3.676157],[-74.6639657,3.6729985],[-74.6671736,3.673127],[-74.6678281,3.6735874],[-74.6706605,3.6726613],[-74.6716851,3.6713015],[-74.673171,3.6709803],[-74.673171,3.671446],[-74.6747965,3.6720188],[-74.675864,3.6713925],[-74.6764541,3.6664138],[-74.6780205,3.6631589],[-74.6789217,3.6629876],[-74.6795654,3.6614994],[-74.6806169,3.6611567],[-74.681207,3.6595293],[-74.6823871,3.6593901],[-74.6832883,3.6573129],[-74.6845865,3.6571202],[-74.6878374,3.6540152],[-74.6877945,3.6527732],[-74.6893394,3.6512849],[-74.6891141,3.6483083],[-74.6906912,3.6454281],[-74.6926224,3.6433402],[-74.6942532,3.6425372],[-74.6945429,3.6415521],[-74.6964526,3.6421892],[-74.6975738,3.641172],[-74.6973578,3.6403055],[-74.6982282,3.6381686],[-74.6978635,3.637462],[-74.6995211,3.6351599],[-74.6991134,3.6331898],[-74.6983516,3.6326437],[-74.6994299,3.6295225],[-74.6986252,3.6287141],[-74.6988344,3.6259034],[-74.6997088,3.6249665],[-74.7001594,3.6235799],[-74.6997517,3.6226859],[-74.7006851,3.6209513],[-74.7004706,3.6189222],[-74.6995425,3.6180228],[-74.7013021,3.6154691],[-74.7023535,3.6158117],[-74.7032923,3.6143073],[-74.7066987,3.6134346],[-74.7087693,3.6114644],[-74.7108507,3.6115447],[-74.7118896,3.6106286]]}},{"type":"Feature","id":91736489,"properties":{"name":"Río Magdalena","waterway":"river","source":"OpenStreetMap"},"geometry":{"type":"LineString","coordinates":[[-76.2961908,1.9270539],[-76.2939897,1.9273106],[-76.2944216,1.9294095],[-76.293692,1.9302781],[-76.2912458,1.9298599],[-76.2912941,1.9280371],[-76.2901944,1.9272275],[-76.2894916,1.9275009],[-76.2888372,1.929498],[-76.2877402,1.9299912],[-76.2869811,1.9292862],[-76.2875926,1.9272167],[-76.2866485,1.9262999],[-76.2847978,1.9277582],[-76.285302,1.9293506],[-76.2847441,1.9312914],[-76.283505,1.931656],[-76.2819654,1.9304443],[-76.2809676,1.9280692],[-76.2784358,1.9253306],[-76.279597,1.9232841],[-76.2780923,1.9210404],[-76.2781245,1.9187484],[-76.2765902,1.917778],[-76.2738007,1.917963],[-76.2721431,1.9156629],[-76.2694126,1.9143708],[-76.2698096,1.9134379],[-76.2719205,1.9123281],[-76.2719229,1.9118568],[-76.2691471,1.9106366],[-76.2696487,1.9077119],[-76.2674754,1.9063647],[-76.265196,1.9032992],[-76.2655583,1.9003506],[-76.2651533,1.8990532],[-76.2634796,1.8976726],[-76.2617684,1.8974474],[-76.2605694,1.8960856],[-76.259813,1.8944745],[-76.2600517,1.8909627],[-76.2589306,1.8901826],[-76.2564844,1.8904051],[-76.2540669,1.8878003],[-76.2506983,1.8865156],[-76.2488991,1.8814353],[-76.2467426,1.8815103],[-76.2454498,1.8808562],[-76.2451601,1.8798643],[-76.2456161,1.8781647],[-76.2426066,1.8783417],[-76.2397045,1.8793603],[-76.2387818,1.8783041],[-76.2395757,1.8759558],[-76.2391466,1.8749693],[-76.2371135,1.8745886],[-76.2344277,1.8756997],[-76.2330419,1.8735806],[-76.2301129,1.8725566],[-76.231527,1.8690351],[-76.2284625,1.8661625],[-76.2290192,1.8641026],[-76.2286001,1.8628789],[-76.2274683,1.8621605],[-76.2255049,1.8626001],[-76.2249545,1.8610931],[-76.2250865,1.8594422],[-76.2276283,1.8561677],[-76.2277955,1.8549438],[-76.2272698,1.8541824],[-76.2247217,1.8539251],[-76.22158,1.8556368],[-76.2185741,1.8546918],[-76.2176836,1.8563217],[-76.2152964,1.8574155],[-76.2152481,1.8598255],[-76.2103772,1.8624286],[-76.2079579,1.8613616],[-76.2067133,1.8622892],[-76.2007017,1.8639718],[-76.1947882,1.8623776],[-76.1914408,1.8642193],[-76.1791999,1.8666435],[-76.1770774,1.8676698],[-76.1773163,1.869849],[-76.176635,1.87068],[-76.1748165,1.8694737],[-76.172829,1.8699884],[-76.1712062,1.8697685],[-76.1691597,1.8672566],[-76.1676416,1.8672218],[-76.1659979,1.8691374],[-76.164887,1.8748996],[-76.1626715,1.8783336],[-76.1647114,1.8808218],[-76.1641333,1.8855181],[-76.1658043,1.8858746],[-76.1661798,1.8868933],[-76.1634144,1.8882766],[-76.1623242,1.8918057],[-76.1614555,1.892935],[-76.1577281,1.8929598],[-76.1560141,1.8944515],[-76.152243,1.895906],[-76.1542037,1.9001228],[-76.1520893,1.9013761],[-76.1514437,1.9023826],[-76.154463,1.9084728],[-76.1536002,1.9129447],[-76.1519286,1.9165747],[-76.1504011,1.9171604],[-76.1465031,1.9163492],[-76.1443777,1.9179779],[-76.143057,1.9182965],[-76.1400926,1.9176091],[-76.1373729,1.9204828],[-76.1346853,1.9223861],[-76.13181,1.921791],[-76.1267567,1.9222628],[-76.121385,1.9279992],[-76.1158535,1.9319484],[-76.113587,1.9350014],[-76.1087269,1.9359075],[-76.1052883,1.9358217],[-76.1008787,1.9376392],[-76.1013961,1.9404154],[-76.0999513,1.9420379],[-76.0954499,1.9426843],[-76.0920346,1.9404831],[-76.0916197,1.9459868],[-76.0868539,1.9505862],[-76.0855043,1.9504475],[-76.0847586,1.9494985],[-76.0866428,1.9482928],[-76.08715,1.947344],[-76.0867757,1.9453435],[-76.0855475,1.9446377],[-76.0826504,1.9447323],[-76.0802633,1.9456437],[-76.0773182,1.9478687],[-76.0744751,1.9465337],[-76.0710043,1.9475845],[-76.0675067,1.9463648],[-76.0658062,1.9470377],[-76.0625929,1.9495307],[-76.0600033,1.9478069],[-76.0591865,1.9478526],[-76.0585052,1.949461],[-76.0591926,1.9517891],[-76.0585807,1.9540595],[-76.0564613,1.9551761],[-76.053586,1.9551761],[-76.0515368,1.9560339],[-76.0510782,1.9572967],[-76.0516334,1.9600763],[-76.0388392,1.9661212],[-76.0370046,1.9651669],[-76.0377665,1.9630094],[-76.0375035,1.9620707],[-76.0370529,1.9620707],[-76.0356528,1.9628964],[-76.0350264,1.9666375],[-76.0342687,1.9679413],[-76.0329211,1.965966],[-76.0310876,1.9663705],[-76.0304332,1.9684935],[-76.0317314,1.9728361],[-76.0306048,1.9757634],[-76.0286737,1.9766372],[-76.0211742,1.9769428],[-76.0199189,1.9790015],[-76.0160083,1.9814999],[-76.015797,1.9839312],[-76.0162818,1.9862177],[-76.0109228,1.9894237],[-76.0077007,1.989243],[-76.0067648,1.9902483],[-76.0063776,1.9925169],[-76.0039878,1.9959808],[-76.0060144,1.9987522],[-76.0061562,2.0008541],[-75.9981126,2.0012504],[-75.9971717,2.0028442],[-75.9969809,2.0063777]]}},{"type":"Feature","id":93289447,"properties":{"name":"Río Suaza","waterway":"river","source":"OpenStreetMap"},"geometry":{"type":"LineString","coordinates":[[-75.7893949,1.991868],[-75.7906555,1.996802],[-75.7884539,1.9960429],[-75.7886986,1.9975011],[-75.7874604,1.9979793],[-75.7882437,1.999429],[-75.78819,2.0005527],[-75.7860378,2.0022232],[-75.7855786,2.005234],[-75.7808064,2.0121713],[-75.7777981,2.0207941],[-75.7770149,2.0249243],[-75.7749021,2.0285063],[-75.7734384,2.0299643],[-75.7722648,2.0299978],[-75.7710818,2.0292989],[-75.7693351,2.026033],[-75.7692696,2.0234745],[-75.7685176,2.0227305],[-75.7653222,2.0244026],[-75.7627198,2.0246991],[-75.7607139,2.0259611],[-75.7581689,2.030825],[-75.7558565,2.0330465],[-75.7531787,2.0346614],[-75.7499579,2.0341017],[-75.7482454,2.0322148],[-75.7461491,2.0322476],[-75.745873,2.0339617],[-75.747278,2.0384765],[-75.7472507,2.0402793],[-75.7463793,2.042526],[-75.7440317,2.0442139],[-75.7426332,2.0460317],[-75.7404146,2.0466518],[-75.7410948,2.0488712],[-75.7398742,2.050646],[-75.738861,2.0514059],[-75.735096,2.0514969],[-75.7337305,2.0521996],[-75.733164,2.0540242],[-75.7341262,2.0570301],[-75.7321563,2.0602374],[-75.7258812,2.0642058],[-75.7214943,2.065636],[-75.7189901,2.068577],[-75.7179827,2.0689062],[-75.7177917,2.0702979],[-75.7133362,2.0751755],[-75.7103491,2.077653],[-75.7098765,2.0827039],[-75.7085154,2.088576]]}},{"type":"Feature","id":94417363,"properties":{"name":"Río Cabrera","waterway":"river","source":"OpenStreetMap"},"geometry":{"type":"LineString","coordinates":[[-74.677437,3.5968757],[-74.6784267,3.597815],[-74.680039,3.5971448],[-74.6802975,3.5962889],[-74.682534,3.5953966],[-74.6833874,3.595702],[-74.6857061,3.5937153],[-74.6878804,3.5899126],[-74.6869878,3.5882072],[-74.6875242,3.586592],[-74.6884177,3.5858744],[-74.6885074,3.584618]]}},{"type":"Feature","id":94417364,"properties":{"name":"Río Cabrera","waterway":"river","source":"OpenStreetMap"},"geometry":{"type":"LineString","coordinates":[[-74.6885074,3.584618],[-74.6892016,3.5818688],[-74.6926439,3.5803264],[-74.7005622,3.5789197],[-74.7059531,3.5691581],[-74.7078253,3.5677994],[-74.7131281,3.5676791],[-74.714058,3.5668574],[-74.7145052,3.5649729],[-74.7157174,3.5644965],[-74.7174618,3.5644929],[-74.718605,3.5653652],[-74.7204416,3.565171],[-74.7229466,3.5640071]]}},{"type":"Feature","id":94417365,"properties":{"name":"Río Cabrera","waterway":"river","source":"OpenStreetMap"},"geometry":{"type":"LineString","coordinates":[[-75.0088441,3.2811753],[-75.0096595,3.2828141],[-75.0098205,3.2850742],[-75.0128353,3.2874949],[-75.0144124,3.2879448],[-75.0185779,3.2876622],[-75.0216329,3.2886624],[-75.0241864,3.2880412],[-75.0260103,3.288234],[-75.0298099,3.2869265],[-75.0318682,3.2874092],[-75.0390351,3.2861774],[-75.0402582,3.286713],[-75.0412774,3.2882447],[-75.0445926,3.2886035],[-75.0449306,3.2900656],[-75.0476182,3.2919239],[-75.0510782,3.2910296],[-75.0534976,3.2912973],[-75.0554341,3.2905047],[-75.0578588,3.2914312],[-75.0617695,3.2907832],[-75.0625742,3.2920043],[-75.0667668,3.2932848],[-75.0687308,3.2957846],[-75.0721765,3.2953997],[-75.0733245,3.2968243],[-75.0745599,3.3015494],[-75.0755769,3.3017145],[-75.077675,3.2995671],[-75.0796219,3.2986467],[-75.0812196,3.2988834],[-75.0863123,3.3033902],[-75.0870556,3.3084343],[-75.0882947,3.3089124],[-75.0887195,3.309762],[-75.0872681,3.3119567],[-75.0871619,3.3133727],[-75.0878699,3.3142223],[-75.0879761,3.3154612],[-75.0871265,3.3176206],[-75.0879761,3.3197445],[-75.0879108,3.3233659],[-75.0901627,3.3239616],[-75.0921474,3.3262228],[-75.0953022,3.3332472],[-75.095439,3.3387223],[-75.0977781,3.3399381],[-75.0985426,3.340969],[-75.0980437,3.3432986],[-75.0963593,3.3461931],[-75.1003257,3.3465878],[-75.1033143,3.3477147],[-75.1048243,3.3496928],[-75.1083706,3.3496297],[-75.1117365,3.3488265],[-75.1143979,3.3530955],[-75.1153956,3.3558747],[-75.1145405,3.3568011],[-75.1144588,3.3591233],[-75.1169634,3.3665641],[-75.121851,3.3691429],[-75.1250482,3.3719704],[-75.1270652,3.3749907],[-75.1272583,3.3773041],[-75.1293397,3.378932],[-75.1319146,3.3796175],[-75.1320219,3.3814168],[-75.1307559,3.3836231],[-75.1307559,3.3851439],[-75.1330519,3.3855509],[-75.1356483,3.3904347],[-75.136571,3.3934978],[-75.1354981,3.3958325],[-75.1330734,3.3967964],[-75.132585,3.3991068],[-75.1332659,3.4036317],[-75.1316903,3.4085242],[-75.1292855,3.4115924],[-75.1274612,3.4119241],[-75.1242272,3.4088145],[-75.1186298,3.4051243],[-75.1170957,3.4046268],[-75.1158933,3.4050414],[-75.1154787,3.4065755],[-75.1171516,3.4100911],[-75.1164652,3.4107876],[-75.1176189,3.4104649],[-75.117837,3.4122716],[-75.116809,3.4137046],[-75.1149088,3.4136734],[-75.1149399,3.4122405],[-75.1127905,3.4144211],[-75.1123232,3.4171623],[-75.1096754,3.4203709],[-75.1093016,3.4232056],[-75.1105165,3.4237975],[-75.1133201,3.427411],[-75.1144415,3.4276603],[-75.1159056,3.4266634],[-75.1175255,3.4269749],[-75.1176497,3.4276201],[-75.1160508,3.4303051],[-75.1185951,3.4325167]]}},{"type":"Feature","id":99276318,"properties":{"name":"Río Símbola","waterway":"river","source":"OpenStreetMap"},"geometry":{"type":"LineString","coordinates":[[-75.9735588,2.9175134],[-75.9746432,2.9163289],[-75.975008,2.9102428],[-75.9764886,2.9077998],[-75.9762311,2.9052924],[-75.9749651,2.9025923],[-75.9733558,2.9007814],[-75.9730983,2.8993992],[-75.9696159,2.8971066],[-75.9677553,2.8966025],[-75.9656739,2.8946952],[-75.9639037,2.8910735],[-75.9638116,2.8895738],[-75.9646654,2.888984],[-75.9658992,2.8790831],[-75.9674978,2.8784509],[-75.9680665,2.8771972],[-75.9661996,2.8718932],[-75.9664035,2.869375],[-75.9698904,2.8606098],[-75.9692037,2.8596883],[-75.966382,2.8585525],[-75.9651697,2.8562701],[-75.9659529,2.8540841],[-75.96753,2.8533233],[-75.9677661,2.8509123],[-75.9665108,2.8492085],[-75.9619081,2.8461439],[-75.9586358,2.8426506],[-75.9576595,2.8425648],[-75.9545267,2.8400145],[-75.9521985,2.836339],[-75.9533143,2.8351389],[-75.9531364,2.8321283],[-75.9552884,2.8297596],[-75.9571231,2.8256983],[-75.9568548,2.8221085],[-75.9576917,2.8198582],[-75.9577713,2.8172119],[-75.9565697,2.8160117],[-75.9562263,2.81464],[-75.957943,2.8101822],[-75.9570847,2.8074389],[-75.9589729,2.8060673],[-75.9632645,2.8067531],[-75.9620628,2.7971516],[-75.9653244,2.7932081],[-75.9630928,2.791322],[-75.9641228,2.7899504],[-75.9613762,2.7801772],[-75.9613762,2.7765766],[-75.9615479,2.7743476],[-75.9642944,2.7709184],[-75.9632645,2.7683465],[-75.9637794,2.7671462],[-75.9636078,2.7649172],[-75.9654961,2.7649172],[-75.9666977,2.7640599],[-75.9624062,2.7599449],[-75.9622345,2.7584017],[-75.9632645,2.7560012],[-75.9661827,2.7520576],[-75.9677277,2.7419412],[-75.9697876,2.7400551],[-75.9704742,2.7383404],[-75.9697876,2.7350826],[-75.9704742,2.7333679],[-75.9703026,2.7314818],[-75.9730492,2.7265092],[-75.9741856,2.7259264],[-75.9770518,2.7217468],[-75.9770869,2.720177],[-75.9781974,2.7192195],[-75.9791498,2.7169314],[-75.979516,2.7136116],[-75.979279,2.7114825],[-75.9785423,2.7102198],[-75.9785423,2.7061045],[-75.9844725,2.7052171],[-75.9830709,2.698277],[-75.9806023,2.6947874],[-75.9803138,2.6921359],[-75.978714,2.688443],[-75.9791713,2.6865648],[-75.9811774,2.6856676],[-75.9823154,2.6836223],[-75.9811172,2.6791834],[-75.9777432,2.6747493],[-75.9756239,2.674939],[-75.9733981,2.6726416],[-75.9735233,2.6706769],[-75.9748839,2.6692164],[-75.9752933,2.6677464],[-75.9747051,2.666387],[-75.9754143,2.6632633]]}},{"type":"Feature","id":146663229,"properties":{"name":"Baché","waterway":"river","source":"OpenStreetMap"},"geometry":{"type":"LineString","coordinates":[[-75.6711283,2.9505366],[-75.6673828,2.9515686],[-75.6656783,2.9535406],[-75.6643727,2.9525763],[-75.6626444,2.9526928],[-75.6624343,2.951676],[-75.6599545,2.9502168],[-75.6596032,2.9487998],[-75.6587855,2.949109],[-75.6575008,2.9486384],[-75.6566586,2.9492598],[-75.6543344,2.9484629],[-75.6513875,2.95003],[-75.6493536,2.9497757],[-75.6484118,2.950225],[-75.6449301,2.9484889],[-75.6419174,2.9481621],[-75.6412962,2.948771],[-75.6401801,2.9478509],[-75.6374086,2.9484337],[-75.6369754,2.9475659],[-75.6329999,2.9476146],[-75.6321606,2.947347],[-75.6285381,2.9434842],[-75.627816,2.941781],[-75.6264668,2.941744],[-75.6259129,2.9422803],[-75.6246593,2.9412437],[-75.6241161,2.9393524],[-75.6227433,2.940227],[-75.622442,2.9433226],[-75.6198835,2.9443695],[-75.6156358,2.942316],[-75.6138667,2.9435019],[-75.6129914,2.9433599],[-75.611005,2.9417063],[-75.6081997,2.9408442],[-75.604881,2.943414],[-75.6018628,2.9424812],[-75.6007716,2.9430925],[-75.6004006,2.9440438],[-75.5964829,2.9437883],[-75.5945659,2.9426759],[-75.5925992,2.9434137],[-75.5900036,2.9415766],[-75.5857313,2.9419807],[-75.5836064,2.9428651],[-75.579308,2.9464994],[-75.5785963,2.9472711],[-75.5784927,2.9493438],[-75.5764347,2.949748],[-75.5744568,2.9509056],[-75.574423,2.9521003],[-75.5723183,2.9535225],[-75.5701667,2.9528544],[-75.5694611,2.9533024],[-75.5676515,2.9528808],[-75.5654763,2.951289],[-75.5656562,2.9503127],[-75.5641049,2.9497215],[-75.5639337,2.9469509],[-75.5624425,2.9471822],[-75.5617753,2.9482828],[-75.5609228,2.947989],[-75.5616969,2.9461827],[-75.560801,2.9434948]]}},{"type":"Feature","id":170407009,"properties":{"name":"Río Negro","waterway":"river","source":"OpenStreetMap"},"geometry":{"type":"LineString","coordinates":[[-75.7313562,2.7900678],[-75.7318926,2.7882675],[-75.7307339,2.7872173],[-75.7308626,2.7851383],[-75.7336951,2.7835952],[-75.7323218,2.7826093],[-75.7338453,2.7820306],[-75.7336437,2.7799164],[-75.7345106,2.7774543],[-75.7342875,2.7749976],[-75.7349934,2.7736179],[-75.7360985,2.7731249],[-75.736871,2.7698779],[-75.7383623,2.7679597],[-75.739242,2.7679061],[-75.7396068,2.7641768],[-75.7416131,2.7637696],[-75.7422461,2.7623229],[-75.7418813,2.7605118],[-75.7429864,2.7602332],[-75.7433619,2.7580578],[-75.7430722,2.7557537],[-75.741259,2.754875],[-75.7412054,2.7541677],[-75.7396926,2.7545964],[-75.739242,2.753664],[-75.7377507,2.7540284],[-75.7343389,2.752646],[-75.7314958,2.7537605],[-75.7292749,2.7518851],[-75.7287707,2.7508563],[-75.729393,2.7500097],[-75.7293608,2.7476735],[-75.7295646,2.7471163],[-75.7302942,2.7470734],[-75.7310559,2.7441799],[-75.7295882,2.7444237],[-75.7294895,2.7438692],[-75.7286098,2.7437513]]}},{"type":"Feature","id":208934012,"properties":{"name":"Quebrada Emayá","waterway":"river","source":"OpenStreetMap"},"geometry":{"type":"LineString","coordinates":[[-75.7343684,1.9225537],[-75.736173,1.9223759],[-75.7376991,1.9214741],[-75.7385546,1.9216609],[-75.7388781,1.9226021],[-75.7400571,1.9229757],[-75.7400211,1.9250378],[-75.7407472,1.9252318],[-75.7422209,1.9271142],[-75.7421994,1.9289966],[-75.743975,1.9304408],[-75.7437881,1.9317484],[-75.7461676,1.931188],[-75.7471166,1.9323088],[-75.7487772,1.9319352],[-75.7515851,1.9341381],[-75.753776,1.9343617],[-75.753898,1.9349307],[-75.7560228,1.9356521],[-75.757838,1.937321],[-75.760257,1.9377485],[-75.7614504,1.9368899],[-75.765034,1.9380466],[-75.7671044,1.9374791],[-75.7698146,1.9379245],[-75.7703681,1.9386142],[-75.7714465,1.9386142],[-75.7748092,1.9406488],[-75.7775557,1.9415495],[-75.778929,1.9408632],[-75.783566,1.9440522],[-75.785583,1.9436233],[-75.7869971,1.9456649],[-75.791117,1.9455362],[-75.7919324,1.9449357],[-75.7942896,1.9459868]]}},{"type":"Feature","id":246682483,"properties":{"name":"Río Suaza","waterway":"river","source":"OpenStreetMap"},"geometry":{"type":"LineString","coordinates":[[-76.0736552,1.64919],[-76.0719511,1.6473376],[-76.070055,1.647551],[-76.0686623,1.6444741],[-76.0676801,1.6437412],[-76.0664461,1.6454888],[-76.0629083,1.6440529],[-76.0608973,1.6448953],[-76.0613652,1.6457021],[-76.0607386,1.6463613],[-76.0610314,1.6471708],[-76.0594198,1.647458],[-76.0594034,1.6491044],[-76.0575025,1.6480006],[-76.0564293,1.6485383],[-76.0562159,1.6506688],[-76.0549627,1.6506278],[-76.0542842,1.6527857],[-76.0528258,1.6536144],[-76.0515344,1.6554769],[-76.0501855,1.6545825],[-76.0501116,1.6565161],[-76.0490774,1.6570823],[-76.0496602,1.6575664],[-76.0486807,1.6587807],[-76.0490172,1.6603451],[-76.0477996,1.6612093],[-76.0459665,1.6605557],[-76.0457339,1.6626424],[-76.0434657,1.6621911],[-76.0416079,1.6629171],[-76.0416715,1.664582],[-76.0408168,1.6641807],[-76.0408287,1.665631],[-76.0396163,1.6664138],[-76.0395527,1.6694734],[-76.0374141,1.6676734],[-76.0359751,1.6682813],[-76.0324054,1.6685118],[-76.031519,1.6698628],[-76.0298295,1.6694455],[-76.0275239,1.6712773],[-76.0269805,1.672228],[-76.0268402,1.675081],[-76.0270771,1.6762974],[-76.0280082,1.6770648],[-76.0276406,1.6781425],[-76.026685,1.6783302],[-76.0264972,1.680559],[-76.0257049,1.6807794],[-76.0257539,1.6819877],[-76.0236113,1.6818199],[-76.0233167,1.6832429],[-76.0221357,1.6834565],[-76.0231325,1.684467],[-76.021789,1.6844507],[-76.0206823,1.68601],[-76.0182811,1.6868346],[-76.0175623,1.6877489],[-76.0159002,1.6880061],[-76.0154306,1.6892511],[-76.0157736,1.6900593],[-76.0140952,1.6899695],[-76.0136052,1.6915901],[-76.0121595,1.6925044],[-76.0135194,1.694174],[-76.0130048,1.6955373],[-76.0136623,1.6973987],[-76.0114857,1.697064],[-76.0110773,1.6981988],[-76.0061972,1.7027053],[-76.0051885,1.7043135],[-76.0056786,1.7075342],[-76.0048659,1.7093098],[-76.0025171,1.7116596],[-76.00066,1.7122823],[-76.0006304,1.7130829],[-75.9960263,1.7143402],[-75.9911849,1.7135396],[-75.9903424,1.7156389],[-75.9906094,1.7175189],[-75.9882793,1.7187411],[-75.9855943,1.7180701],[-75.9829093,1.7160573],[-75.9773036,1.7180654],[-75.9720576,1.7184375],[-75.9722185,1.7211507],[-75.9707487,1.7221802],[-75.9709203,1.7238209],[-75.9698582,1.7251721],[-75.9694827,1.7286789],[-75.9686029,1.7300408],[-75.9659595,1.7312071],[-75.9649229,1.7340837],[-75.9635389,1.7354886],[-75.9656632,1.7378478],[-75.9652555,1.7393277],[-75.9638608,1.740754],[-75.9616721,1.7405181],[-75.9538578,1.7435888],[-75.9519269,1.7450708],[-75.9495478,1.748138],[-75.9468929,1.7494132],[-75.947548,1.7504471],[-75.9421002,1.7531008],[-75.9412727,1.754307],[-75.9413762,1.7576155],[-75.9401349,1.7583392],[-75.9407555,1.7603036],[-75.9367559,1.7637844],[-75.9355491,1.7655421],[-75.9356181,1.7710562],[-75.9344802,1.7723658],[-75.9338007,1.774697],[-75.9292764,1.7759709],[-75.9291691,1.7792738],[-75.926412,1.7813606],[-75.9218951,1.7812572],[-75.9208263,1.7827047],[-75.9206539,1.7854617],[-75.9188265,1.7878397],[-75.914551,1.7895973],[-75.9124965,1.7918097],[-75.909487,1.7920832],[-75.9062523,1.7904639],[-75.904938,1.7905712],[-75.9022826,1.7924853],[-75.9016764,1.7943941],[-75.8970353,1.7942497],[-75.8951265,1.7953485],[-75.8936405,1.7955201],[-75.892176,1.7968766],[-75.8916718,1.798142],[-75.8899257,1.7991312],[-75.8887133,1.8012384],[-75.8860257,1.8007103],[-75.8825657,1.8016593],[-75.8816806,1.8048576],[-75.8791432,1.8078173],[-75.876933,1.8093615],[-75.8747444,1.8128493],[-75.8730385,1.814364],[-75.8739102,1.8180662],[-75.875946,1.8188651],[-75.8768311,1.8205648]]}},{"type":"Feature","id":254160845,"properties":{"name":"Quebrada Río Loro","waterway":"river","source":"OpenStreetMap"},"geometry":{"type":"LineString","coordinates":[[-75.4266398,2.2733198],[-75.4265392,2.2744253],[-75.4276657,2.2747844],[-75.4292214,2.278022],[-75.4305303,2.2788689],[-75.4318661,2.2788475],[-75.4323542,2.2781881],[-75.4349238,2.2774699],[-75.4380727,2.2773305],[-75.4390919,2.2756153],[-75.4417902,2.276489],[-75.4423267,2.2755027],[-75.4419565,2.2748809],[-75.4437214,2.2739322],[-75.4443812,2.2721526],[-75.4472727,2.2722276],[-75.4490268,2.2717023],[-75.4505986,2.2691187],[-75.452385,2.2683683],[-75.4532164,2.2660902],[-75.4551315,2.2659723],[-75.4562044,2.2652808],[-75.4560918,2.2640265],[-75.4572129,2.263737],[-75.458951,2.2616197],[-75.4604101,2.2611159],[-75.4622608,2.2616197],[-75.4628885,2.2625739],[-75.4645836,2.2628794],[-75.4659462,2.2610248],[-75.4666382,2.261877],[-75.4683226,2.2622791],[-75.4699373,2.2607353],[-75.469594,2.2596847],[-75.4717183,2.2577121],[-75.4762673,2.2608854],[-75.4775494,2.26088],[-75.4783112,2.2598991],[-75.4786867,2.2575996],[-75.4830533,2.2544209],[-75.488981,2.2544263],[-75.4896677,2.2554072],[-75.4926235,2.2567258],[-75.4942221,2.2592291],[-75.4949194,2.259288],[-75.496974,2.2612231],[-75.500147,2.2650771],[-75.5015901,2.2653076],[-75.5027971,2.2646724],[-75.5052567,2.265053],[-75.5069786,2.2632975],[-75.5067453,2.2623729],[-75.5081481,2.2620995],[-75.5098271,2.260076],[-75.5101651,2.2584786],[-75.5109108,2.2583071],[-75.5127937,2.2561148],[-75.5136198,2.2562702],[-75.5139041,2.2553322],[-75.5158997,2.2539492],[-75.5164468,2.2529147],[-75.5173856,2.2533542],[-75.5183002,2.2524269],[-75.5193061,2.253306],[-75.5208135,2.2524805],[-75.5208993,2.2518051],[-75.5225354,2.2518319],[-75.5238873,2.2532417],[-75.5275834,2.2541851],[-75.5282539,2.2555841],[-75.5295575,2.2563345],[-75.5306143,2.2560611],[-75.5322719,2.2569081],[-75.5330819,2.2589879],[-75.5344847,2.259816],[-75.5349514,2.2612633],[-75.534482,2.2622951],[-75.5369818,2.2645893],[-75.5373144,2.2653826],[-75.536381,2.2666798],[-75.5375934,2.2688989],[-75.5374003,2.2701211],[-75.5384624,2.2712789],[-75.540576,2.2718578],[-75.5414772,2.2708286],[-75.5430114,2.2706464],[-75.5440521,2.2712467],[-75.5446959,2.2703248],[-75.5455434,2.2702068],[-75.5475819,2.2706035],[-75.5494166,2.2720829],[-75.5506826,2.2724152],[-75.5518949,2.2717934],[-75.5531287,2.2748166],[-75.5545879,2.275299],[-75.5569267,2.2741734],[-75.5568731,2.2747416],[-75.5595875,2.2772501],[-75.5595231,2.2782793],[-75.5609715,2.2777969],[-75.5626774,2.2783436],[-75.5627418,2.2799302],[-75.5636215,2.2803697],[-75.5631602,2.281163],[-75.5662394,2.2800803],[-75.5677629,2.2805413],[-75.5686963,2.2816562],[-75.5704236,2.2811952],[-75.5730736,2.2833393],[-75.5729234,2.2842612],[-75.573535,2.2852689],[-75.572151,2.2867055],[-75.5731058,2.2873915],[-75.5732453,2.2884529],[-75.5737174,2.2890318],[-75.5770111,2.2896428],[-75.5765927,2.2907041],[-75.5770862,2.2917976],[-75.5778158,2.2919262],[-75.5775905,2.2937701],[-75.579629,2.2941239],[-75.5809379,2.29615],[-75.5797577,2.2970183],[-75.5798328,2.2977902],[-75.5813885,2.2981011],[-75.5820429,2.2999771],[-75.5837059,2.3011885],[-75.5844784,2.3007811],[-75.5850363,2.3013386],[-75.5844462,2.3026786],[-75.5847788,2.3029573],[-75.585841,2.3023248],[-75.586474,2.3025714],[-75.5858946,2.3040669],[-75.588963,2.3048012],[-75.5901754,2.3073847],[-75.5911625,2.3076313],[-75.5923426,2.3069988],[-75.5928576,2.3084032],[-75.5951214,2.3093251],[-75.5957544,2.3091214],[-75.5969989,2.3106651],[-75.5997133,2.3117371],[-75.6018055,2.3117478],[-75.6032431,2.3135381],[-75.6057322,2.3136453],[-75.6068792,2.3154895],[-75.6084026,2.3150393],[-75.6110849,2.3155324],[-75.6169168,2.3179763],[-75.6206719,2.316438],[-75.6204414,2.3177511],[-75.6215946,2.3162075],[-75.6265365,2.31505],[-75.6278119,2.313163],[-75.6289814,2.3128628],[-75.6306819,2.3109332],[-75.6329457,2.3109386],[-75.634437,2.3097433],[-75.6399462,2.3105312],[-75.6427465,2.3096254],[-75.643358,2.3102418],[-75.6448869,2.3099523],[-75.6464935,2.3114692]]}},{"type":"Feature","id":254173222,"properties":{"name":"Quebrada de Garzón","waterway":"river","source":"OpenStreetMap"},"geometry":{"type":"LineString","coordinates":[[-75.6243843,2.2016912],[-75.625822,2.2011605],[-75.6276555,2.2024982],[-75.633713,2.2001634],[-75.6345874,2.1986303],[-75.6354082,2.1988608],[-75.6352365,2.1999758],[-75.6368673,2.2013481],[-75.6375539,2.2000669],[-75.6408101,2.2004422],[-75.6414753,2.1993808],[-75.6426609,2.1990592],[-75.6431587,2.2007239],[-75.6441736,2.2009032],[-75.644694,2.2001634],[-75.6455094,2.2002117],[-75.6455298,2.2013403],[-75.6465233,2.2021682],[-75.6546772,2.2015088],[-75.6574774,2.2020341],[-75.6624985,2.1984855]]}},{"type":"Feature","id":254255475,"properties":{"name":"Río Bache","waterway":"river","source":"OpenStreetMap"},"geometry":{"type":"LineString","coordinates":[[-75.560801,2.9434948],[-75.5602925,2.9429975],[-75.5568906,2.9431929],[-75.5566773,2.9446612],[-75.5555589,2.9464154],[-75.554754,2.9466054],[-75.5520247,2.9449509],[-75.5509145,2.9447904],[-75.5498538,2.9454606],[-75.5487492,2.9442415],[-75.5477398,2.9442589],[-75.5463335,2.9449719],[-75.5465412,2.9466202],[-75.5454827,2.9472483],[-75.5441885,2.9470745],[-75.5436812,2.9450103],[-75.5423657,2.9446848],[-75.5396411,2.9462134],[-75.5399585,2.9478162],[-75.5394788,2.9486212],[-75.5385758,2.9492429],[-75.537283,2.9492411],[-75.5388106,2.9514724],[-75.5382429,2.9523295],[-75.5365284,2.9526505],[-75.5348778,2.9537761],[-75.5324132,2.9541844],[-75.5291843,2.9514919],[-75.5266086,2.951454],[-75.5264359,2.9522439],[-75.5273571,2.9542082],[-75.5285736,2.9547091],[-75.5282737,2.9553195],[-75.5274264,2.9550023],[-75.526532,2.9557283],[-75.5237265,2.955665],[-75.5201296,2.9545788],[-75.5196133,2.9533315],[-75.515546,2.9532965],[-75.5154918,2.9516929],[-75.5144329,2.9519286],[-75.5141472,2.9528757],[-75.5112381,2.952676],[-75.5104918,2.9493892],[-75.5079765,2.9505813],[-75.5033714,2.9499401],[-75.5021385,2.9515651],[-75.5008649,2.9512982],[-75.4998033,2.9524431],[-75.4966931,2.9535607],[-75.4956623,2.9524159],[-75.4944062,2.9524205]]}},{"type":"Feature","id":254264554,"properties":{"name":"Baché","waterway":"river","source":"OpenStreetMap"},"geometry":{"type":"LineString","coordinates":[[-75.3478388,3.1030255],[-75.3485182,3.1059488],[-75.3499672,3.1069412],[-75.3492465,3.1084562],[-75.3461588,3.1100092],[-75.340469,3.1084108],[-75.339771,3.1088198],[-75.3403704,3.1102667],[-75.3422442,3.1105773],[-75.3436173,3.1116833],[-75.344178,3.1132481],[-75.3436553,3.1143725],[-75.3427904,3.1144937],[-75.3421456,3.1129105],[-75.3414097,3.1126075],[-75.3385496,3.1127893],[-75.3328218,3.1114485],[-75.3317597,3.1118499],[-75.3322529,3.1144861],[-75.3366687,3.1208015],[-75.3363948,3.1235641],[-75.3347791,3.1254929],[-75.3312211,3.1278184],[-75.3328446,3.1301895],[-75.3321846,3.1317878],[-75.3313046,3.1317121],[-75.328141,3.1291668],[-75.3270562,3.1292123],[-75.3270713,3.1311515],[-75.3283231,3.1340452],[-75.3276176,3.1359617],[-75.3269955,3.1363329],[-75.3259789,3.1345376],[-75.3253037,3.1342194],[-75.3240443,3.1346739],[-75.3238395,3.1361965],[-75.325243,3.1395977],[-75.324674,3.1404688],[-75.3234602,3.1403476],[-75.3206532,3.138166],[-75.3189994,3.1384615],[-75.3157675,3.1410067],[-75.3158434,3.1443548],[-75.3173683,3.1445594],[-75.3202815,3.1461728],[-75.3203194,3.1466576],[-75.318089,3.1483317],[-75.3158738,3.1480817],[-75.3152062,3.1486423],[-75.3145089,3.1503676],[-75.3146675,3.1527858],[-75.3140758,3.153672],[-75.313082,3.1545053],[-75.310495,3.1546795],[-75.3075211,3.1521116],[-75.2995402,3.1557249],[-75.2963008,3.1548613],[-75.2953642,3.1557141],[-75.2936379,3.1616181],[-75.2923634,3.1628225],[-75.2897764,3.1634513],[-75.2855735,3.1678295],[-75.2844052,3.1710867],[-75.2830196,3.1729537],[-75.2824938,3.1730716],[-75.2814436,3.17082],[-75.2796802,3.1696891],[-75.2767244,3.1693999],[-75.2744123,3.1707443],[-75.2718884,3.1739286],[-75.2645874,3.1798204]]}},{"type":"Feature","id":254276619,"properties":{"name":"Baché","waterway":"river","source":"OpenStreetMap"},"geometry":{"type":"LineString","coordinates":[[-75.3953416,3.0130414],[-75.3962558,3.016121],[-75.3960206,3.0190984],[-75.3954099,3.0202499],[-75.3929785,3.0220189],[-75.3911425,3.0216515],[-75.3895039,3.0228068],[-75.3866324,3.0233447],[-75.3846524,3.0228371],[-75.3835903,3.0213598],[-75.3795163,3.021534],[-75.3775135,3.022481],[-75.3756169,3.0199582],[-75.3753359,3.016421],[-75.374147,3.0158778],[-75.3727152,3.0167234],[-75.372112,3.0187234],[-75.3708754,3.0200492],[-75.3699035,3.0194235],[-75.3679006,3.0201972],[-75.3665837,3.0221605],[-75.363271,3.0221429],[-75.3589485,3.0235308],[-75.3610948,3.0291781],[-75.3603227,3.0331705],[-75.3590992,3.0354457],[-75.3584437,3.0357274],[-75.3558758,3.0349084],[-75.3552625,3.0360342],[-75.3565038,3.0383001],[-75.3581905,3.0391885],[-75.358099,3.0411387],[-75.3562868,3.0436472],[-75.3567159,3.0511254],[-75.3586042,3.0571143],[-75.3579497,3.0608104],[-75.3586793,3.0613997],[-75.3593211,3.0612152],[-75.3600204,3.0622568],[-75.3581429,3.0641209],[-75.3565203,3.062083],[-75.3554607,3.0618604],[-75.3544843,3.0620425],[-75.3531969,3.0632424],[-75.352757,3.0646994],[-75.3552997,3.068267],[-75.3552568,3.069092],[-75.353744,3.0707418],[-75.3547912,3.0742928],[-75.3542268,3.0751022],[-75.3527355,3.0729167],[-75.3502175,3.0718822],[-75.3490796,3.0706398],[-75.3475623,3.0713519],[-75.3467126,3.0761396],[-75.345696,3.0773517],[-75.344945,3.0771472],[-75.3409773,3.0723746],[-75.3391034,3.072617],[-75.3384055,3.0737837],[-75.341464,3.0768755],[-75.3402717,3.0816167],[-75.3403628,3.0837227],[-75.3411973,3.0851317],[-75.3404614,3.0905406],[-75.3408635,3.0911239],[-75.3425325,3.0908966],[-75.3430709,3.0890302],[-75.3446736,3.0878325],[-75.3458187,3.0882005],[-75.3461057,3.0888891],[-75.3442373,3.0963669],[-75.3443153,3.0979417],[-75.3453774,3.098419],[-75.3491805,3.0965634],[-75.3509458,3.096866],[-75.3509534,3.0984114],[-75.3491202,3.0996179],[-75.3478388,3.1030255]]}},{"type":"Feature","id":254276653,"properties":{"name":"Baché","waterway":"river","source":"OpenStreetMap"},"geometry":{"type":"LineString","coordinates":[[-75.4944062,2.9524205],[-75.4922194,2.9525294],[-75.4917153,2.9538166],[-75.490118,2.9549112],[-75.4884923,2.9550604],[-75.4857811,2.9568681],[-75.484027,2.9570369],[-75.4829404,2.9588148],[-75.481591,2.958784],[-75.480355,2.9620861],[-75.4778445,2.962729],[-75.4770115,2.9620484],[-75.4737007,2.9624743],[-75.4710039,2.9619141],[-75.469652,2.9610532],[-75.4696637,2.9589227],[-75.4688364,2.958392],[-75.4691447,2.9575821],[-75.4676569,2.9560442],[-75.4596772,2.9538498],[-75.4598145,2.9529416],[-75.4608715,2.95191],[-75.460555,2.9499036],[-75.4623628,2.9485027],[-75.4637468,2.9459312],[-75.4605565,2.9428343],[-75.4606205,2.9408801],[-75.4592004,2.9402149],[-75.4584467,2.9386532],[-75.4574811,2.9383372],[-75.4581785,2.9373621],[-75.4589188,2.9377559],[-75.4586702,2.9363997],[-75.4593528,2.9352234],[-75.4588739,2.9336811],[-75.46046,2.9335185],[-75.4604074,2.9301225],[-75.4594668,2.9281843],[-75.4571804,2.9281545],[-75.4554754,2.9274151],[-75.4530542,2.9284451],[-75.4518794,2.9281111],[-75.4525029,2.9267208],[-75.4543491,2.9258466],[-75.4543442,2.9253772],[-75.4528501,2.9248604],[-75.452187,2.9235782],[-75.4510977,2.9237375],[-75.4505504,2.92496],[-75.4486897,2.9241391],[-75.4430365,2.9168338],[-75.4354928,2.9149551],[-75.4350579,2.9129269],[-75.4325341,2.9100265],[-75.4312937,2.9099545],[-75.4304554,2.9113865],[-75.4272236,2.9131211],[-75.4261974,2.912667],[-75.4240108,2.9098787]]}},{"type":"Feature","id":254451432,"properties":{"name":"Río Pata","waterway":"river","source":"OpenStreetMap"},"geometry":{"type":"LineString","coordinates":[[-75.2711853,3.38397],[-75.2683224,3.3821815],[-75.2678812,3.3802494],[-75.266852,3.37874],[-75.2637564,3.3775404],[-75.2616155,3.3777699],[-75.2587456,3.3763508],[-75.2573294,3.3744016],[-75.2599955,3.373534],[-75.2602395,3.3724638],[-75.257639,3.3719637],[-75.2573025,3.3704656],[-75.2545291,3.3686287],[-75.2530593,3.3658387],[-75.2517718,3.3658869],[-75.2506798,3.3666844],[-75.2499845,3.3686626],[-75.2507487,3.3708681],[-75.2498621,3.3726906],[-75.2511072,3.3752234],[-75.2496046,3.3763723],[-75.2482528,3.3764686],[-75.2480543,3.3798584],[-75.2450019,3.3816417],[-75.2456617,3.3855616],[-75.2449749,3.3865256],[-75.2452004,3.3895886],[-75.2468577,3.3915252],[-75.2462626,3.3931175],[-75.2463484,3.3949543],[-75.2436363,3.3963137],[-75.2430815,3.3984565],[-75.2408928,3.400909],[-75.2414399,3.4040952],[-75.2409041,3.4050857],[-75.2397073,3.405203],[-75.2394927,3.4060552],[-75.2375433,3.4069434],[-75.2370036,3.4084435],[-75.2355417,3.4086563],[-75.2347044,3.4096785],[-75.2328345,3.410351],[-75.2298222,3.4127803],[-75.2287241,3.414761],[-75.2272573,3.4158216],[-75.2253287,3.4147719],[-75.2243143,3.4128841],[-75.2221062,3.4118687],[-75.2149558,3.4131879],[-75.2112088,3.4121678],[-75.2109702,3.4112526],[-75.2123863,3.4085291],[-75.210793,3.4070137],[-75.210152,3.407268],[-75.2078936,3.4107541],[-75.2044871,3.411228],[-75.2022475,3.4104221],[-75.2009643,3.4088315],[-75.1998697,3.4085907],[-75.1993454,3.4072761],[-75.2020276,3.3972248],[-75.2003123,3.3946431],[-75.2006688,3.3849151],[-75.1998603,3.3833704],[-75.1964265,3.3838998],[-75.1937055,3.383058],[-75.1923928,3.3818604],[-75.191524,3.3796174],[-75.1868987,3.3804199],[-75.1839865,3.3792396],[-75.1807265,3.379795],[-75.1779314,3.3765513],[-75.175932,3.3768295]]}},{"type":"Feature","id":255986633,"properties":{"name":"Río Mazamorras","waterway":"river","source":"OpenStreetMap"},"geometry":{"type":"LineString","coordinates":[[-76.2733223,1.9839877],[-76.2740826,1.9809643],[-76.2752154,1.9813587],[-76.2759328,1.9826603],[-76.2767651,1.9830317],[-76.277227,1.9825663],[-76.2772723,1.9814036],[-76.2765318,1.980102],[-76.2769006,1.9788693],[-76.2780556,1.9780778],[-76.2778465,1.9767293],[-76.2786304,1.9741941],[-76.2804317,1.9724488],[-76.2817719,1.9721455],[-76.2818631,1.9705409],[-76.2841742,1.9705392],[-76.2843123,1.9697019],[-76.2825078,1.9673316],[-76.2846804,1.9675624],[-76.284911,1.9669577],[-76.2844481,1.9659814],[-76.2825522,1.9649597],[-76.2836136,1.9627732],[-76.2832556,1.9584272],[-76.2824067,1.9559843],[-76.2810192,1.9548227],[-76.2819422,1.9529617],[-76.2829127,1.9528215],[-76.2825405,1.9495664],[-76.2833258,1.9489147],[-76.2817511,1.9448234],[-76.2820736,1.943428],[-76.2816097,1.941103],[-76.2821641,1.9407306],[-76.2815163,1.939894],[-76.2820699,1.9384984],[-76.2814685,1.9377082],[-76.2830275,1.9314683]]}},{"type":"Feature","id":255986634,"properties":{"name":"Río Bordones","waterway":"river","source":"OpenStreetMap"},"geometry":{"type":"LineString","coordinates":[[-76.166948,2.0123147],[-76.1624974,2.0112768],[-76.1608323,2.0097898],[-76.1611086,2.0083013],[-76.1595359,2.0068142],[-76.157594,2.0062575],[-76.1580552,2.0047689],[-76.152874,1.9990986],[-76.1453849,1.9981737],[-76.1447552,1.9975279]]}},{"type":"Feature","id":255986645,"properties":{"name":"Río Mazamorras","waterway":"river","source":"OpenStreetMap"},"geometry":{"type":"LineString","coordinates":[[-76.3775487,2.0803253],[-76.3792975,2.0767475],[-76.3779818,2.0757317],[-76.3760881,2.0762709],[-76.3756017,2.0754406],[-76.3746303,2.0754903],[-76.3742909,2.0761747],[-76.3735658,2.0753085],[-76.3721533,2.0754925],[-76.3687023,2.0725148],[-76.367731,2.0725645],[-76.3663214,2.0712953],[-76.3647184,2.0710035],[-76.3638444,2.0713951],[-76.3626288,2.0697837],[-76.363357,2.0693433],[-76.3622871,2.0677317],[-76.3583524,2.0670021],[-76.3508392,2.0641891],[-76.3473231,2.0621739],[-76.3468363,2.0609039],[-76.3486326,2.0599739],[-76.3471242,2.0567501],[-76.3477042,2.053378],[-76.3446436,2.0524033],[-76.3457103,2.0503012],[-76.3445438,2.0493249],[-76.3424068,2.0493267],[-76.3398331,2.0458297],[-76.3380328,2.0459099],[-76.3381289,2.044737],[-76.3373513,2.0441024],[-76.332541,2.0417121],[-76.3326367,2.0399529],[-76.3308385,2.038635],[-76.3290415,2.0386854],[-76.3287491,2.037464],[-76.3264661,2.0371727],[-76.3248622,2.0358058],[-76.323891,2.0359532],[-76.3218016,2.0348799],[-76.3211696,2.0341474],[-76.3217513,2.0327298],[-76.3212161,2.0316064],[-76.3190294,2.0301911],[-76.3183501,2.0309735],[-76.3175723,2.0301923],[-76.3165037,2.0300954],[-76.3157275,2.0311711],[-76.3137362,2.0312705],[-76.3126691,2.0329816],[-76.3057723,2.0329873],[-76.3050918,2.0323526],[-76.3051896,2.0332321],[-76.3041154,2.0332878],[-76.3032453,2.0313279],[-76.3020316,2.0319153],[-76.3014961,2.0304497],[-76.3019813,2.0298141],[-76.3013003,2.0284953],[-76.2986764,2.0270314],[-76.2968289,2.0247362],[-76.2957221,2.0248286],[-76.2945441,2.0221482],[-76.2932812,2.0220026],[-76.292602,2.0229804],[-76.2913877,2.0228837],[-76.2899298,2.0218587],[-76.2884196,2.0160449],[-76.28701,2.01458],[-76.285797,2.0162424],[-76.2837091,2.016977],[-76.2836594,2.0154622],[-76.2817161,2.0148774],[-76.2782479,2.0118441],[-76.274128,2.0109005],[-76.2733555,2.0065258],[-76.2723256,2.0054107],[-76.273141,2.0033949],[-76.2696219,2.0013792],[-76.2700512,1.997942],[-76.2684076,1.9945019],[-76.2687757,1.9923158],[-76.2680818,1.9916187],[-76.26912,1.9891531],[-76.2681942,1.9874099],[-76.2698111,1.9862227],[-76.2695782,1.9839209],[-76.2727221,1.9849648],[-76.2733223,1.9839877]]}},{"type":"Feature","id":255986655,"properties":{"name":"Río Naranjos","waterway":"river","source":"OpenStreetMap"},"geometry":{"type":"LineString","coordinates":[[-76.2988955,1.8717791],[-76.2994963,1.872712],[-76.2984932,1.8732643],[-76.2970658,1.8729375],[-76.2951082,1.8715432],[-76.2937905,1.8683737],[-76.2920242,1.8679186],[-76.2900281,1.8685461],[-76.2891591,1.8676668],[-76.2865241,1.8678297],[-76.2851367,1.8673774],[-76.2837755,1.8683355],[-76.2805304,1.8676186],[-76.2783783,1.8695647],[-76.275386,1.8689075],[-76.2715518,1.8716076],[-76.2706269,1.8709572],[-76.26998,1.8711437]]}},{"type":"Feature","id":255986658,"properties":{"name":"Río Bordones","waterway":"river","source":"OpenStreetMap"},"geometry":{"type":"LineString","coordinates":[[-76.2623456,2.0557756],[-76.2608958,2.0536168],[-76.257381,2.0513873],[-76.2529431,2.0510188],[-76.2510933,2.0499041],[-76.2473029,2.0500001],[-76.2463769,2.0480475],[-76.2441575,2.0472121],[-76.2436008,2.0446082],[-76.2409196,2.0444243],[-76.2371229,2.0362421],[-76.2339797,2.0363375],[-76.2312974,2.0347584],[-76.2287068,2.032063],[-76.2233462,2.0340203],[-76.21946,2.0296517],[-76.218533,2.0263039],[-76.2164989,2.0260264],[-76.2155758,2.0277943],[-76.2138201,2.0289118],[-76.2117849,2.0271461],[-76.2095659,2.0268687],[-76.2074385,2.0255681],[-76.2058669,2.0255693],[-76.2026326,2.027525],[-76.2005975,2.0259453],[-76.1990274,2.0279928],[-76.1980091,2.0261333],[-76.195143,2.0260424],[-76.1936644,2.0267876],[-76.191352,2.0252081],[-76.1889479,2.0247448],[-76.1884846,2.0232569],[-76.1870982,2.023816],[-76.1856183,2.0227939],[-76.1817372,2.0253081],[-76.1809049,2.0249367],[-76.1809969,2.0243785],[-76.17961,2.0241935],[-76.1788695,2.0228919],[-76.1777604,2.0233577],[-76.1773894,2.0216837],[-76.1760025,2.0214987],[-76.1755395,2.0204759],[-76.1760008,2.0191734],[-76.1747984,2.0184301],[-76.1730423,2.0190825],[-76.1725796,2.0183387],[-76.1729487,2.0174083],[-76.1718394,2.0175021],[-76.1691678,2.0133202],[-76.166948,2.0123147]]}},{"type":"Feature","id":255986663,"properties":{"name":"Río Naranjos","waterway":"river","source":"OpenStreetMap"},"geometry":{"type":"LineString","coordinates":[[-76.2585871,1.8683805],[-76.2576833,1.8706076],[-76.255234,1.868457],[-76.2543145,1.8688383],[-76.2515363,1.8684132],[-76.2498835,1.8698892],[-76.2487519,1.8692998],[-76.2435401,1.8706076],[-76.2432718,1.8692056],[-76.2415189,1.8679283],[-76.2394995,1.8713369],[-76.2382695,1.8716505],[-76.2376171,1.8708681],[-76.2363678,1.8710017],[-76.2347759,1.8699361],[-76.2316066,1.8693048]]}},{"type":"Feature","id":255986666,"properties":{"name":"Río Mulales","waterway":"river","source":"OpenStreetMap"},"geometry":{"type":"LineString","coordinates":[[-76.386314,1.8737523],[-76.3882565,1.8755179],[-76.3885348,1.8768198],[-76.3865021,1.8778445],[-76.3851151,1.8772876],[-76.3837292,1.8780327],[-76.3829907,1.8793354],[-76.3840089,1.8811018],[-76.3835488,1.8837063],[-76.3824396,1.8837072],[-76.3819791,1.8858468],[-76.3841064,1.8875192],[-76.3835217,1.8895161],[-76.3826261,1.8905433],[-76.3799496,1.8910568],[-76.379027,1.8932897],[-76.377271,1.8936632],[-76.3769946,1.8947795],[-76.3774575,1.8957092],[-76.376534,1.896826],[-76.3757974,1.9005469],[-76.3764514,1.9019383],[-76.3748003,1.9023151],[-76.3753377,1.9036166],[-76.3728411,1.9025955],[-76.3722868,1.903061],[-76.3737363,1.9056472],[-76.372197,1.9064093],[-76.369716,1.9100037],[-76.3683181,1.9106908],[-76.3685229,1.9123334]]}},{"type":"Feature","id":256110338,"properties":{"name":"Río Bordones","waterway":"river","source":"OpenStreetMap"},"geometry":{"type":"LineString","coordinates":[[-76.1140361,1.9861962],[-76.1116933,1.9852304],[-76.1115001,1.9838151],[-76.1106418,1.9838794],[-76.1093115,1.9827428],[-76.1078309,1.9831074],[-76.1062645,1.9845657],[-76.105256,1.9833433],[-76.1037325,1.983858],[-76.0986255,1.9824641],[-76.0975741,1.9823783],[-76.0968446,1.9831717],[-76.0949348,1.983472],[-76.0941623,1.9828072],[-76.0944842,1.9815419],[-76.0926603,1.9819065],[-76.0907291,1.9805555],[-76.0899566,1.9810273],[-76.0890769,1.9806413],[-76.0889052,1.9796762],[-76.0880255,1.9790114],[-76.0871886,1.9800622],[-76.0860513,1.9793975],[-76.0826825,1.9795905],[-76.0820602,1.9777033],[-76.0791634,1.9732213],[-76.07558,1.9715486],[-76.07505,1.9707434],[-76.0739063,1.9711626],[-76.0733484,1.9726852],[-76.0714601,1.9732213],[-76.0702864,1.9712366],[-76.0676686,1.9712795],[-76.066703,1.9700357],[-76.0613965,1.9704335],[-76.0600082,1.9685345],[-76.0587143,1.9696186],[-76.0558883,1.9673979],[-76.0539507,1.967517],[-76.0544506,1.9657038],[-76.052749,1.9633352],[-76.0519018,1.9596463]]}},{"type":"Feature","id":256700304,"properties":{"name":"Río Riachón","waterway":"river","source":"OpenStreetMap"},"geometry":{"type":"LineString","coordinates":[[-74.7118896,3.6106286],[-74.7148955,3.6121819],[-74.7174275,3.6152228],[-74.721129,3.6134132],[-74.7225344,3.6102973],[-74.7250235,3.6089803],[-74.7256565,3.6029519],[-74.7271693,3.6022345],[-74.7282636,3.6007997],[-74.7295189,3.5974161],[-74.7363961,3.5929295],[-74.7388101,3.5894602],[-74.7383273,3.5881431],[-74.7396147,3.5860016],[-74.7386062,3.5849308],[-74.7383487,3.5836673],[-74.7394431,3.5821253],[-74.7384131,3.5808939],[-74.7358918,3.5814722],[-74.7359777,3.5804763],[-74.7348404,3.5783562],[-74.7348511,3.5741051],[-74.7340357,3.5718564],[-74.7326195,3.5706036],[-74.733789,3.5666845],[-74.7272337,3.5628081],[-74.7268629,3.5614245]]}},{"type":"Feature","id":256700353,"properties":{"name":"Río Venado","waterway":"river","source":"OpenStreetMap"},"geometry":{"type":"LineString","coordinates":[[-74.9038518,3.0831051],[-74.9041951,3.0849424],[-74.9050319,3.0852906],[-74.9052787,3.0862815],[-74.9057078,3.0860941],[-74.9066788,3.0873582],[-74.9077249,3.0873314],[-74.9091411,3.0892759],[-74.9083203,3.0895812],[-74.9074942,3.0882903],[-74.9066091,3.0883921],[-74.9075961,3.0909847],[-74.9072501,3.0919087],[-74.9062523,3.0921229],[-74.9055576,3.0915551],[-74.9054021,3.0931193],[-74.9036372,3.0932184],[-74.9031597,3.0945254],[-74.9021217,3.0948575],[-74.9016309,3.0965823],[-74.9023014,3.0971555],[-74.9017221,3.0982],[-74.9021566,3.0990196],[-74.9001235,3.0999784],[-74.9008799,3.1011675],[-74.8991364,3.102046],[-74.8995334,3.1032084],[-74.8985785,3.1033262],[-74.8980904,3.1027638],[-74.8972803,3.1037601],[-74.8971838,3.1051287],[-74.8981977,3.1064839],[-74.8977953,3.1071776],[-74.8992893,3.1086372],[-74.8990721,3.1090577],[-74.8982808,3.1096871],[-74.8967922,3.1084765],[-74.896414,3.1086801],[-74.8954028,3.1092881],[-74.8958266,3.1114494],[-74.8944855,3.1118163],[-74.8938337,3.1127403],[-74.8930371,3.111819],[-74.8920742,3.1140366],[-74.891181,3.1131072],[-74.8900759,3.114816],[-74.8887295,3.1150463],[-74.8896387,3.1158792],[-74.8889521,3.1163988],[-74.8900732,3.1165461],[-74.8904863,3.1189672],[-74.8912561,3.1186726],[-74.8921815,3.1201885],[-74.8913151,3.1211473],[-74.8894751,3.1217901],[-74.8894966,3.1228882],[-74.8887938,3.1234185],[-74.8865891,3.1222025],[-74.8859775,3.1211313],[-74.8839766,3.1218758],[-74.8834562,3.12269],[-74.8815572,3.1222186],[-74.8805648,3.123697],[-74.8784298,3.1236916],[-74.8781347,3.1242755],[-74.8797602,3.1259467],[-74.8795617,3.1267395],[-74.8789394,3.1270769],[-74.8780865,3.1266002],[-74.8751146,3.1282125],[-74.8741114,3.1294819],[-74.8739559,3.1302961],[-74.8746532,3.1313138],[-74.8741007,3.1319084],[-74.8731297,3.1316834],[-74.8725718,3.130414],[-74.8716652,3.1305961],[-74.8717511,3.1330868],[-74.8705548,3.1342759],[-74.8712844,3.1345223],[-74.8704743,3.136697],[-74.8713112,3.1378486],[-74.8687309,3.1376397],[-74.8686183,3.1388342],[-74.8675454,3.1390806],[-74.868114,3.1403876],[-74.8662472,3.1408268],[-74.8666656,3.1419302],[-74.8653996,3.1427122],[-74.8650992,3.1450476],[-74.8644877,3.1458189],[-74.8648739,3.1466759],[-74.8631144,3.1473294],[-74.8603034,3.1495255],[-74.8563874,3.1499968],[-74.8560011,3.151593],[-74.857707,3.1532213],[-74.8568863,3.1549005],[-74.8558939,3.1551978],[-74.8553574,3.1561378]]}},{"type":"Feature","id":257930076,"properties":{"name":"Quebrada Cascajosa","waterway":"stream","source":"OpenStreetMap"},"geometry":{"type":"LineString","coordinates":[[-75.6281979,2.1923567],[-75.6290133,2.1930911],[-75.6311377,2.1927534]]}},{"type":"Feature","id":257933820,"properties":{"name":"Río Cascajosa","waterway":"river","source":"OpenStreetMap"},"geometry":{"type":"LineString","coordinates":[[-75.6333585,2.1937719],[-75.6358887,2.1950637],[-75.6372915,2.1982531],[-75.639668,2.1978672],[-75.6404346,2.1993646],[-75.6414753,2.1993808]]}},{"type":"Feature","id":259468671,"properties":{"name":"Río Guachicos","waterway":"river","source":"OpenStreetMap"},"geometry":{"type":"LineString","coordinates":[[-76.2835023,1.7088622],[-76.2789774,1.7091934],[-76.276381,1.7103944],[-76.2725964,1.7089681],[-76.2715665,1.7071745],[-76.2701342,1.7074721],[-76.2690854,1.7083837],[-76.2673849,1.7081531],[-76.2666097,1.7093917],[-76.2656307,1.7097376],[-76.2649012,1.708885],[-76.2647429,1.7068461],[-76.2629418,1.7076451],[-76.2627916,1.7082081],[-76.2588917,1.7107698],[-76.2583619,1.7122256],[-76.2567285,1.7128945],[-76.2567607,1.7136921],[-76.2543212,1.7139803],[-76.2523028,1.7160272],[-76.2500149,1.7167484],[-76.246756,1.7216252],[-76.2453613,1.7221815],[-76.2448409,1.7234067],[-76.2435521,1.7238303],[-76.2434341,1.7247258],[-76.2427421,1.7248611],[-76.2421292,1.7265421],[-76.241456,1.7268411],[-76.2413809,1.7277191],[-76.2392163,1.7281118],[-76.2383299,1.7291132],[-76.2379329,1.7305033],[-76.2369445,1.7313666],[-76.2376204,1.7324899],[-76.2346995,1.7321843],[-76.2334764,1.7334698],[-76.2314782,1.7334912],[-76.2311429,1.7347111],[-76.2296113,1.7350489],[-76.2289421,1.7365636],[-76.2289421,1.7392567],[-76.2279081,1.7397902],[-76.2280087,1.7406213],[-76.2245178,1.7442125],[-76.2240699,1.7460275],[-76.2232062,1.7463143],[-76.2226751,1.7478076],[-76.2208647,1.7490596],[-76.22087,1.7499792],[-76.2199017,1.7500141],[-76.2198615,1.7508746],[-76.2180725,1.7510838],[-76.2175226,1.7517808],[-76.21627,1.7516092],[-76.2162674,1.7522151],[-76.2152615,1.7523626],[-76.2158972,1.7530409],[-76.2151891,1.7535073],[-76.2152213,1.7546548],[-76.213738,1.7547245],[-76.2128851,1.75614],[-76.2113938,1.7560355],[-76.2106454,1.757376],[-76.2081751,1.757888],[-76.2072015,1.7584457],[-76.2075958,1.7588344],[-76.2071452,1.7596843],[-76.2057504,1.7598371],[-76.2067562,1.7613116],[-76.2052381,1.7633357],[-76.2055251,1.7674134],[-76.2049297,1.7685796],[-76.2035751,1.7685126],[-76.2021214,1.7706439],[-76.1973926,1.7728101],[-76.1969018,1.7742042],[-76.1954105,1.7742739],[-76.1921006,1.7759629],[-76.1903894,1.7761425],[-76.1891449,1.7772738],[-76.1833915,1.778877],[-76.1816749,1.7780218],[-76.1807361,1.7785097],[-76.1799663,1.7779628],[-76.1776167,1.7781076],[-76.1772734,1.7789977],[-76.1761522,1.7790727],[-76.1757901,1.7804387],[-76.1739461,1.7801786],[-76.1722966,1.7810043],[-76.1704539,1.7805312],[-76.16909,1.7815352],[-76.1661489,1.7822121],[-76.1654113,1.783003],[-76.1653644,1.7840458],[-76.1636652,1.7847871],[-76.1625937,1.7861141],[-76.1617461,1.7856262],[-76.1611855,1.7870498],[-76.1599275,1.7872334],[-76.1600938,1.7880457],[-76.1584014,1.7878152],[-76.1573258,1.7882522],[-76.1556615,1.7894505],[-76.1554576,1.7905336],[-76.1540455,1.7905725],[-76.1535989,1.7913339],[-76.1544424,1.7926582],[-76.1541273,1.7933566],[-76.152762,1.7935939],[-76.1523289,1.7970911],[-76.150451,1.7970647],[-76.1485496,1.799083],[-76.1465698,1.7998854],[-76.1447302,1.8027236],[-76.1431839,1.8024167],[-76.142308,1.8042596],[-76.1405553,1.8050252],[-76.1402844,1.808765],[-76.1389228,1.8093358],[-76.1390305,1.8111697],[-76.1374828,1.8105129],[-76.1367077,1.8125691],[-76.1353694,1.8129837],[-76.1357018,1.8140181],[-76.1349111,1.8144269],[-76.1343379,1.8173009],[-76.1332101,1.8178558],[-76.1320455,1.8205244],[-76.1304742,1.8264493],[-76.1279261,1.8281891],[-76.1277786,1.8305376],[-76.1267483,1.8308625],[-76.1263946,1.8338028],[-76.1231752,1.8382264],[-76.1232296,1.8394031],[-76.1224383,1.8396792],[-76.1217418,1.8416843],[-76.1197777,1.8441318],[-76.1191369,1.8458038],[-76.1194679,1.8476542],[-76.1185437,1.8490808],[-76.1160857,1.849756],[-76.1161056,1.8529238],[-76.1171141,1.8538835],[-76.1166917,1.8556984],[-76.1173061,1.8572077],[-76.1166099,1.8599314],[-76.1168486,1.8610915],[-76.1156409,1.862255],[-76.1167213,1.8641701],[-76.1165867,1.865172],[-76.1179912,1.8650557],[-76.1184646,1.8658318],[-76.1211589,1.8663465],[-76.1224383,1.8650906],[-76.124641,1.8660988],[-76.1275694,1.8654317],[-76.1284424,1.8659015],[-76.1300223,1.8646992],[-76.1299614,1.8639236],[-76.1318797,1.8618495],[-76.1333925,1.8619263],[-76.133765,1.8610171],[-76.1352459,1.8621256],[-76.1354256,1.863517],[-76.1370644,1.8642783],[-76.1364689,1.866313],[-76.1381026,1.8666089],[-76.1384591,1.8681922],[-76.1405459,1.867951],[-76.1415705,1.8695058],[-76.1417609,1.868967],[-76.1434519,1.8683803],[-76.1443669,1.8688322]]}},{"type":"Feature","id":259470219,"properties":{"name":"Río Granadillo","waterway":"river","source":"OpenStreetMap"},"geometry":{"type":"LineString","coordinates":[[-76.3430874,1.741507],[-76.3428784,1.7438104],[-76.3391877,1.7517889],[-76.3362694,1.7575797],[-76.3333012,1.7614641],[-76.3327285,1.7630092],[-76.333216,1.7639885],[-76.3325232,1.7676976],[-76.3309937,1.7681185],[-76.3302993,1.7694485],[-76.3303008,1.7716177],[-76.3276555,1.7745668],[-76.327592,1.7761679],[-76.32648,1.7770084],[-76.3257162,1.7786184],[-76.3258562,1.7798778],[-76.3243964,1.7806485],[-76.3241887,1.7818382],[-76.3221043,1.7843588],[-76.3208681,1.7869359],[-76.3174135,1.7866356],[-76.3173223,1.7873541],[-76.3157746,1.7883004],[-76.3153106,1.789984],[-76.3157022,1.791287],[-76.3110727,1.7964932],[-76.3123682,1.7980857],[-76.3097745,1.8004288],[-76.3096699,1.8019703],[-76.3079909,1.8041633],[-76.3083825,1.8053187],[-76.307036,1.8067289],[-76.3075027,1.8076538],[-76.306065,1.808009],[-76.3054937,1.8095156],[-76.303816,1.8114204],[-76.3019505,1.8121885],[-76.3007797,1.81097],[-76.3003171,1.8111067],[-76.2995178,1.815179],[-76.2970233,1.8157285],[-76.2968999,1.8171816],[-76.2957948,1.8184845],[-76.2935485,1.8169577],[-76.2926634,1.8173866],[-76.2924729,1.8198865],[-76.2913223,1.8207699],[-76.2904398,1.8233797],[-76.2889123,1.8232202],[-76.2889056,1.8253836],[-76.2874478,1.8255659],[-76.2868497,1.8266771],[-76.2853517,1.825397],[-76.2845081,1.8263286],[-76.2850325,1.8278902],[-76.2839696,1.8282763]]}},{"type":"Feature","id":260829563,"properties":{"name":"Río Timaná","waterway":"river","source":"OpenStreetMap"},"geometry":{"type":"LineString","coordinates":[[-75.9473223,1.931404],[-75.9460402,1.9314629],[-75.9449726,1.9341597],[-75.9450156,1.9355805],[-75.9429234,1.9381807],[-75.9431595,1.9412635],[-75.9409279,1.944298],[-75.9386051,1.9446733],[-75.9376288,1.9473218],[-75.9359175,1.9496164],[-75.9345067,1.9504314],[-75.9351558,1.9517556],[-75.9341633,1.9532621],[-75.9346569,1.9545167],[-75.936985,1.9556533],[-75.9366578,1.9567845],[-75.937779,1.9585591],[-75.9363681,1.9592024],[-75.9359389,1.9602479],[-75.9368992,1.9612665],[-75.9368938,1.9650409],[-75.9332353,1.9663597],[-75.9329563,1.9672229],[-75.9336698,1.9702627],[-75.9365237,1.9759832],[-75.9363252,1.9786316],[-75.9371674,1.9810227],[-75.9361804,1.9815642],[-75.9355044,1.9828991],[-75.9336698,1.9834513],[-75.9303546,1.988003],[-75.9295446,1.9872685],[-75.9276241,1.9877617],[-75.9249151,1.9867324],[-75.9235257,1.9877028],[-75.9210312,1.9882925],[-75.9203607,1.9904584],[-75.921557,1.9912197],[-75.9181291,1.9922276],[-75.9191425,1.9934279],[-75.9187854,1.9941736],[-75.916924,1.9940071],[-75.9135901,1.9959519],[-75.9132363,1.9989049],[-75.9121156,2.0003283],[-75.9079541,2.000522],[-75.9064668,2.0033359],[-75.9048695,2.0023503],[-75.9035808,2.0025639],[-75.9025401,2.0040114],[-75.901255,2.0045542],[-75.9015613,2.0060579],[-75.9009549,2.0066143],[-75.8995684,2.0064949],[-75.8991605,2.0050006],[-75.8984704,2.0045404],[-75.8945872,2.0060717],[-75.8945605,2.0072415],[-75.8935332,2.0081931],[-75.89193,2.0071603],[-75.8897998,2.0079571],[-75.8891036,2.0097694],[-75.8901751,2.0119432],[-75.8879542,2.0135703],[-75.8869833,2.0157478],[-75.8833838,2.0161436],[-75.8816189,2.0175857],[-75.8805922,2.0196244],[-75.8803471,2.0239306],[-75.8788056,2.0245092],[-75.8734704,2.0292243],[-75.8702641,2.0287373],[-75.8685164,2.0306443],[-75.8672063,2.0335285],[-75.8649009,2.0354914],[-75.8646855,2.0402439],[-75.8626857,2.0434004]]}},{"type":"Feature","id":261741457,"properties":{"name":"Quebrada El Guayabo","waterway":"river","source":"OpenStreetMap"},"geometry":{"type":"LineString","coordinates":[[-76.1075089,2.0283456],[-76.1066238,2.0269357],[-76.1052771,2.0263143],[-76.1019136,2.0267325],[-76.1010931,2.0262227],[-76.1010019,2.0241104],[-76.0972626,2.0211516],[-76.0966189,2.0186748],[-76.0950688,2.0189209],[-76.0935078,2.0179237],[-76.0905517,2.0193074],[-76.0904394,2.0177468],[-76.0888941,2.0168949],[-76.0890124,2.0178058],[-76.0885082,2.0181971],[-76.0861207,2.0177044],[-76.0848282,2.0189745],[-76.0840071,2.0185408],[-76.0828863,2.019709],[-76.0820818,2.0193281],[-76.0812986,2.0196873],[-76.0793245,2.0219068],[-76.0791099,2.022845],[-76.0781926,2.0225448],[-76.077506,2.0239279],[-76.0765243,2.0242818],[-76.0758913,2.0236599],[-76.073547,2.0252682],[-76.0731715,2.0268015],[-76.072045,2.0278844],[-76.0703498,2.0277986],[-76.0688631,2.0267867],[-76.0682094,2.0274181],[-76.0674879,2.0260376],[-76.0654494,2.0242524],[-76.0627914,2.0241398],[-76.0610284,2.0231921],[-76.0602773,2.0213613],[-76.0588432,2.0199609],[-76.0578668,2.0198108],[-76.0576742,2.018878],[-76.0568052,2.0194248],[-76.0552924,2.0176986],[-76.0534578,2.017838],[-76.0521167,2.0166692],[-76.050892,2.0170971],[-76.0501732,2.0146095],[-76.0470527,2.0149215],[-76.0455399,2.013474],[-76.044231,2.0104504],[-76.0428577,2.0116941],[-76.0418063,2.0100644],[-76.0392635,2.0106862],[-76.0373323,2.010386],[-76.0362595,2.0109972],[-76.0320859,2.0094103],[-76.030711,2.0100633],[-76.0278357,2.0091197],[-76.0267521,2.0077794],[-76.0246294,2.0073409],[-76.0231917,2.0080486],[-76.0226768,2.007491],[-76.0176986,2.0064188],[-76.0157996,2.0048855],[-76.0138346,2.0048523],[-76.0099309,2.0032236],[-76.0079938,2.0032743],[-76.006524,2.0021779],[-76.0061562,2.0008541]]}},{"type":"Feature","id":261879892,"properties":{"name":"Río Guarapas","waterway":"river","source":"OpenStreetMap"},"geometry":{"type":"LineString","coordinates":[[-76.0817703,1.7801857],[-76.0799464,1.7801535],[-76.0776751,1.7811208],[-76.0779079,1.7800892],[-76.0765239,1.7802071],[-76.0759123,1.7815261],[-76.07205,1.7841963],[-76.0719459,1.786504],[-76.0712775,1.7871668],[-76.0682412,1.7871239],[-76.0674076,1.7859893],[-76.0667746,1.7861287],[-76.065559,1.7877566],[-76.0641535,1.7874241],[-76.0628017,1.7893008],[-76.0593395,1.7904611],[-76.058875,1.7939548],[-76.0602375,1.7951666],[-76.0596828,1.795544],[-76.0594897,1.7947398],[-76.0587709,1.7948684],[-76.0585853,1.7967644],[-76.0574834,1.7967236],[-76.0579094,1.7979761],[-76.0568579,1.7983944],[-76.0555919,1.8001101],[-76.0554954,1.8020511],[-76.0543935,1.8038441],[-76.0562389,1.8048735],[-76.0552733,1.8055491],[-76.0557883,1.8060531],[-76.0553806,1.8074257],[-76.0544547,1.8079061],[-76.0538539,1.8071126],[-76.0536077,1.8091604],[-76.0527709,1.8092033],[-76.0517409,1.8101706],[-76.0523417,1.8109405],[-76.051977,1.8122724],[-76.0501531,1.8141597],[-76.0512474,1.8167527],[-76.0511187,1.8175891],[-76.0517838,1.818211],[-76.0508397,1.8190282],[-76.0510114,1.8197788],[-76.0529426,1.8214924],[-76.0521272,1.823058],[-76.0514191,1.8231889],[-76.0510328,1.8247545],[-76.050196,1.8242376],[-76.0496595,1.8252885],[-76.0491016,1.8243448],[-76.0479215,1.8253335],[-76.0489085,1.8269399],[-76.0471062,1.8290463],[-76.0468288,1.8312781]]}},{"type":"Feature","id":261880752,"properties":{"name":"Río Guarapas","waterway":"river","source":"OpenStreetMap"},"geometry":{"type":"LineString","coordinates":[[-76.0976816,1.7553166],[-76.0966645,1.7579343],[-76.0952461,1.7580726],[-76.095141,1.7606796],[-76.0936818,1.7605723],[-76.0928879,1.7615053],[-76.092566,1.7634034],[-76.0903237,1.7636608],[-76.089828,1.7657615],[-76.0882531,1.766331],[-76.0883711,1.7671031],[-76.0906456,1.7680468],[-76.0903323,1.7685819],[-76.0894096,1.7683996],[-76.0883603,1.768969],[-76.0878003,1.770051],[-76.0866115,1.7704489],[-76.0863219,1.7720038],[-76.0877703,1.7736338],[-76.0876415,1.7750279],[-76.0865772,1.7741046],[-76.0866952,1.7751662],[-76.0859464,1.7751673],[-76.0854528,1.777119],[-76.0844958,1.7769785],[-76.0835517,1.7777292],[-76.0831225,1.7806997],[-76.082511,1.7816112],[-76.0807214,1.7814299],[-76.08073,1.780571],[-76.0813308,1.7810964],[-76.0818673,1.7808605],[-76.0817085,1.7801857]]}},{"type":"Feature","id":282984285,"properties":{"name":"Río Guarapas","waterway":"river","source":"OpenStreetMap"},"geometry":{"type":"LineString","coordinates":[[-76.0468288,1.8312781],[-76.0491035,1.832117],[-76.0474876,1.8328853],[-76.0477622,1.833685],[-76.046915,1.8346101],[-76.0472053,1.8350492],[-76.0481701,1.834226],[-76.0493232,1.8343671],[-76.049127,1.8357626],[-76.0498958,1.8364368],[-76.049229,1.8371346],[-76.0494408,1.8380754],[-76.0511194,1.8377932],[-76.0504135,1.8367348],[-76.051041,1.836084],[-76.0512606,1.8372522],[-76.0522855,1.8381114],[-76.0511501,1.8385102],[-76.051012,1.8390776],[-76.051526,1.8395683],[-76.0527381,1.8389549],[-76.0530066,1.8392846],[-76.0526844,1.8405958],[-76.0501067,1.8414622],[-76.0515107,1.8420373],[-76.0520937,1.8435325],[-76.0514416,1.8440156],[-76.0528685,1.8448974],[-76.0522597,1.8462807],[-76.0522548,1.8484092],[-76.0512652,1.8496973],[-76.0526537,1.8528334],[-76.0540653,1.8531248],[-76.0545563,1.8527951],[-76.0536357,1.8522047],[-76.0550703,1.8521357],[-76.0566047,1.8530098],[-76.0569882,1.8539989],[-76.0582157,1.8540602],[-76.059144,1.8553944],[-76.060264,1.8559465],[-76.0607934,1.8540756],[-76.0612767,1.8541906],[-76.0633809,1.8557909],[-76.0634785,1.8570736],[-76.0632017,1.8578537],[-76.0626733,1.8577567],[-76.0621974,1.8558657],[-76.0618748,1.8565981],[-76.0607167,1.8568053],[-76.0616143,1.8582544],[-76.0613304,1.8591286],[-76.0623737,1.8584921],[-76.064821,1.8593663],[-76.0654884,1.8591286],[-76.065312,1.8582084],[-76.0662173,1.8581471],[-76.0671762,1.8591822],[-76.0656649,1.8593049],[-76.0655958,1.8609074],[-76.0673566,1.8616109],[-76.0676233,1.8631475],[-76.069647,1.8631083],[-76.0705648,1.8623478],[-76.0711068,1.8632338],[-76.0707825,1.8640959],[-76.0694594,1.8646988],[-76.0704777,1.8668508],[-76.0718915,1.866948],[-76.073928,1.8661702],[-76.0758023,1.8663647],[-76.0753029,1.8677389],[-76.0763471,1.8678944],[-76.0769243,1.8691649],[-76.0786364,1.8698261],[-76.0794861,1.868601],[-76.081062,1.8722633],[-76.082638,1.8714855],[-76.0822748,1.8738903],[-76.0859975,1.8725939],[-76.0860364,1.8718744],[-76.0874114,1.871829],[-76.088449,1.8737931],[-76.0862245,1.8746876],[-76.0859456,1.8776629],[-76.08531,1.8784796],[-76.0871714,1.8799446],[-76.0881961,1.8794908],[-76.0896618,1.8798668],[-76.0884685,1.8813706],[-76.0892143,1.8820966],[-76.0899277,1.8816364],[-76.091361,1.8825892],[-76.0910822,1.884106],[-76.0919836,1.8833282],[-76.0934623,1.8833087],[-76.0935402,1.8819994],[-76.0941433,1.883017],[-76.0956285,1.8824855],[-76.0956155,1.8813058],[-76.096517,1.8820447],[-76.097412,1.8813965],[-76.0989102,1.8834578],[-76.101301,1.8843406],[-76.1020617,1.8841989],[-76.1027773,1.8828136],[-76.1032092,1.8849849],[-76.1039376,1.8846885],[-76.1041826,1.8838316],[-76.1069095,1.8827105],[-76.1096879,1.8826783],[-76.1096686,1.8813059],[-76.1111642,1.8806359],[-76.1122214,1.8789671],[-76.1119893,1.8808614],[-76.1145769,1.8821237],[-76.1148639,1.8816123],[-76.11429,1.8803028],[-76.1147921,1.8788928],[-76.1150743,1.8785917],[-76.1156627,1.8794058],[-76.1161266,1.8792385],[-76.1163874,1.8779786],[-76.117982,1.877451],[-76.1192014,1.8781584],[-76.1212194,1.8781392],[-76.1214011,1.8767245],[-76.1229966,1.8770322],[-76.1227449,1.8754197],[-76.1233905,1.8749466],[-76.1252507,1.8766815],[-76.1260827,1.8765716],[-76.1282299,1.8749227],[-76.1292821,1.8725249],[-76.1318233,1.8728444],[-76.1321348,1.8736637],[-76.1337906,1.8710748],[-76.1354301,1.872656],[-76.1346268,1.8737293],[-76.1358236,1.8742618],[-76.1378893,1.873082],[-76.1386681,1.8712222],[-76.1395206,1.8716073],[-76.1404715,1.871001],[-76.1423241,1.8722218],[-76.1438933,1.8722456],[-76.1445746,1.8711679],[-76.1443305,1.8688852],[-76.145559,1.8685449],[-76.1459506,1.8687016],[-76.1456841,1.8702968],[-76.1460798,1.8710062],[-76.1480212,1.8722215],[-76.1491907,1.8704387],[-76.1500128,1.8707847],[-76.1502582,1.8716397],[-76.1533024,1.8725362],[-76.1557028,1.8725409],[-76.158962,1.8737683],[-76.1606272,1.8734476],[-76.1614412,1.8773676],[-76.1627601,1.8778436]]}},{"type":"Feature","id":306182093,"properties":{"name":"Quebrada Matamundo","waterway":"stream","source":"OpenStreetMap"},"geometry":{"type":"LineString","coordinates":[[-75.2658525,2.8954595],[-75.2688726,2.8970803],[-75.2713117,2.8969784],[-75.272624,2.8981252]]}},{"type":"Feature","id":314508444,"properties":{"name":"Río Guarapas","waterway":"river","source":"OpenStreetMap"},"geometry":{"type":"LineString","coordinates":[[-76.1422746,1.7002629],[-76.1415115,1.7006623],[-76.140743,1.6998554],[-76.1392705,1.700901],[-76.1384444,1.7002039],[-76.1364958,1.6999907],[-76.1356911,1.7008701],[-76.1358346,1.7024224],[-76.1330894,1.7006556],[-76.1303441,1.7019278],[-76.1297272,1.7028796],[-76.1283097,1.7029881],[-76.1281139,1.7043219],[-76.1263543,1.70333],[-76.1260888,1.7026409],[-76.1252493,1.7027897],[-76.1251608,1.7042134],[-76.1262497,1.704641],[-76.1261572,1.7052536],[-76.1254853,1.7061651],[-76.1239859,1.7064078],[-76.1253981,1.7083502],[-76.1251554,1.7093944],[-76.126243,1.7091665],[-76.1271456,1.7103583],[-76.1261974,1.7113462],[-76.1265609,1.7131478],[-76.125264,1.7138958],[-76.124863,1.7160903],[-76.1220413,1.7159213],[-76.1211401,1.7163369],[-76.1206895,1.7173879],[-76.1183023,1.7180688],[-76.117558,1.7192753],[-76.1163215,1.7192042],[-76.117664,1.7208504],[-76.1175191,1.7219978],[-76.1186913,1.7225474],[-76.1188495,1.7232954],[-76.1176884,1.7233743],[-76.1158564,1.7267481],[-76.1143088,1.7267417],[-76.1134827,1.727932],[-76.1127853,1.7276854],[-76.1120584,1.7282923],[-76.1116078,1.7294827],[-76.1124313,1.7316854],[-76.1110285,1.7329036],[-76.1119485,1.7346881],[-76.1108541,1.7355889],[-76.1102962,1.7375943],[-76.107614,1.7378409],[-76.1071661,1.7389198],[-76.1061227,1.7385487],[-76.1062219,1.7405927],[-76.105318,1.7425165],[-76.1021557,1.7426838],[-76.1016273,1.7438463],[-76.1006939,1.7442324],[-76.1005893,1.7450109],[-76.1013832,1.7458259],[-76.0993877,1.7488179],[-76.0994518,1.7512312],[-76.0985935,1.7521749],[-76.0976816,1.7553166]]}},{"type":"Feature","id":314513531,"properties":{"name":"Quebrada La Tórtola","waterway":"stream","source":"OpenStreetMap"},"geometry":{"type":"LineString","coordinates":[[-75.2273645,2.934117],[-75.2283086,2.9331312],[-75.2306904,2.9329812],[-75.2319564,2.931974],[-75.235454,2.9317168],[-75.2379645,2.9304311],[-75.2393164,2.9282024],[-75.2427496,2.9257165],[-75.2450241,2.926488],[-75.245582,2.9273023]]}},{"type":"Feature","id":369174027,"properties":{"name":"Quebrada Símbola","waterway":"stream","source":"OpenStreetMap"},"geometry":{"type":"LineString","coordinates":[[-75.9936668,2.9647979],[-75.9921312,2.9633879],[-75.9914285,2.9618825],[-75.991348,2.9610468],[-75.9925282,2.9592307],[-75.98961,2.9545377],[-75.9842295,2.9432766],[-75.9826094,2.9410748],[-75.9821159,2.9382997],[-75.9809981,2.9373983],[-75.9797536,2.9349999],[-75.9803617,2.9337673],[-75.9793961,2.9334994],[-75.9790324,2.9324257],[-75.9769512,2.9309962],[-75.9762195,2.9231655]]}},{"type":"Feature","id":374956561,"properties":{"name":"Quebrada Negra","waterway":"stream","source":"OpenStreetMap"},"geometry":{"type":"LineString","coordinates":[[-76.1640035,1.9836024],[-76.1635807,1.9823711],[-76.1619526,1.9811407],[-76.1614001,1.9813015],[-76.1614591,1.9788729],[-76.1596674,1.9796771],[-76.1593589,1.9783662],[-76.1579937,1.9781357],[-76.1569315,1.9791865],[-76.1565104,1.9771519],[-76.1556548,1.9763906],[-76.1569369,1.9754846],[-76.1559284,1.9741121],[-76.1555368,1.9746697],[-76.1552846,1.9741925],[-76.154775,1.9745464],[-76.1534983,1.9733508],[-76.1542225,1.9709329],[-76.1558908,1.9708149],[-76.1556816,1.9701287],[-76.1577469,1.9678502],[-76.1588895,1.967373],[-76.1589003,1.9667243],[-76.1618561,1.9652553],[-76.1603379,1.9623013],[-76.1594689,1.9626283],[-76.1586589,1.9617812],[-76.1574358,1.962564],[-76.1567009,1.9620546],[-76.1567438,1.9612987],[-76.1543244,1.9601675],[-76.1540455,1.9592829],[-76.1512506,1.9588003],[-76.1502421,1.9578353],[-76.148048,1.9577763],[-76.1470342,1.9562698],[-76.1450172,1.9568542],[-76.1433327,1.9565969],[-76.142115,1.9584679],[-76.1404252,1.9588969],[-76.1403394,1.9606125],[-76.1384404,1.961556],[-76.1380863,1.9610253],[-76.138891,1.9604623],[-76.1387086,1.9590952],[-76.136359,1.9572349],[-76.1283875,1.952844],[-76.1280656,1.9516698],[-76.1267138,1.9506351],[-76.1247879,1.9513374],[-76.1236775,1.9509568],[-76.1228567,1.9494288],[-76.1219877,1.9495736],[-76.1197776,1.9486032],[-76.1191499,1.9491286],[-76.1175728,1.9490964],[-76.1162639,1.9502116],[-76.1120313,1.9504099],[-76.1069512,1.9483512],[-76.105004,1.9458153],[-76.1055994,1.9443034],[-76.1050952,1.941864],[-76.1056316,1.9401537],[-76.1049879,1.9397623],[-76.1025739,1.94047],[-76.1021555,1.9397409],[-76.1014593,1.9400212]]}},{"type":"Feature","id":374960003,"properties":{"name":"Quebrada la Guandinosa","waterway":"stream","source":"OpenStreetMap"},"geometry":{"type":"LineString","coordinates":[[-75.5431697,2.391412],[-75.55002,2.3899381],[-75.5518359,2.3882605],[-75.5528659,2.3879764],[-75.5535525,2.3858057],[-75.5557734,2.3846158],[-75.5578709,2.3846212],[-75.558815,2.3859076],[-75.5606121,2.3862506],[-75.5619961,2.3850661],[-75.5632728,2.3858968],[-75.5645979,2.3856396],[-75.5676985,2.3896916],[-75.5707884,2.3901203],[-75.5751872,2.3887697],[-75.5823327,2.3850607]]}},{"type":"Feature","id":420607088,"properties":{"name":"Quebrada San Benito","waterway":"stream","source":"OpenStreetMap"},"geometry":{"type":"LineString","coordinates":[[-75.7274516,2.4879972],[-75.7228459,2.4866647],[-75.7216657,2.4871567]]}},{"type":"Feature","id":464162960,"properties":{"name":"Quebrada Mortiño","waterway":"stream","source":"OpenStreetMap"},"geometry":{"type":"LineString","coordinates":[[-76.2093358,1.8797725],[-76.2071733,1.8800829],[-76.205686,1.8794462],[-76.2047205,1.8798885],[-76.2045025,1.8793879],[-76.2037408,1.8794963],[-76.202745,1.8777519],[-76.2044059,1.8738372],[-76.2039151,1.8717382],[-76.205283,1.8715827],[-76.205973,1.8697471],[-76.2057611,1.8687579],[-76.2074831,1.8670931],[-76.2093408,1.8621598]]}},{"type":"Feature","id":465029012,"properties":{"name":"Río Magdalena","waterway":"river","source":"OpenStreetMap"},"geometry":{"type":"LineString","coordinates":[[-76.4500685,1.9536389],[-76.448096,1.9544202],[-76.4473238,1.9535459],[-76.4442953,1.9531415],[-76.4418921,1.9542298],[-76.4396793,1.9532353],[-76.4382041,1.9501445],[-76.4337194,1.9502652],[-76.4328504,1.9491393],[-76.4302915,1.9477024],[-76.4299563,1.9443704],[-76.4318633,1.9419926],[-76.431494,1.9401559],[-76.4308602,1.9393334],[-76.4287856,1.9384271],[-76.4281565,1.935559],[-76.4264667,1.9341704],[-76.4246213,1.9295597],[-76.4226902,1.9272435],[-76.4228189,1.9238873],[-76.4215314,1.922118],[-76.4230587,1.9172966],[-76.42059,1.9146148],[-76.4185005,1.9150329],[-76.4176478,1.9145615],[-76.4163977,1.9088378],[-76.417256,1.9064949],[-76.4165174,1.9053292],[-76.4163832,1.9035276],[-76.4141795,1.9027231],[-76.40944,1.9045004],[-76.4046818,1.9035514],[-76.4006189,1.9055829],[-76.3988775,1.9049454],[-76.397472,1.9056102],[-76.3953102,1.9033209],[-76.3922632,1.9051223],[-76.3894147,1.9041197],[-76.3861649,1.9075271],[-76.386314,1.9080014],[-76.3876176,1.9081891],[-76.3876444,1.9096206],[-76.3858879,1.9107746],[-76.3840932,1.9129339],[-76.382044,1.9114274],[-76.3803327,1.9118107],[-76.3772374,1.9099348],[-76.371004,1.9122799],[-76.3689253,1.9120788],[-76.368252,1.9141349],[-76.3653123,1.9144995],[-76.3645104,1.9156361],[-76.36226,1.917014],[-76.3603932,1.9158506],[-76.3597319,1.9159939],[-76.3586846,1.9179683],[-76.3588405,1.9206639],[-76.3571906,1.9212441],[-76.3567293,1.9230536],[-76.3559327,1.9238498],[-76.3537467,1.9233217],[-76.3518691,1.9239141],[-76.3508145,1.9219836],[-76.349737,1.9213617],[-76.3471752,1.9219036],[-76.3424009,1.9249649],[-76.3394606,1.9235965],[-76.3375722,1.9251102],[-76.3368428,1.9270466],[-76.3339121,1.9276766],[-76.3322944,1.92682],[-76.3300359,1.9268897],[-76.329242,1.925871],[-76.3288987,1.9238015],[-76.3256371,1.9236729],[-76.3232025,1.9208316],[-76.3233185,1.919076],[-76.3222114,1.9187704],[-76.3173437,1.9215015],[-76.3152141,1.9212227],[-76.3139373,1.9239034],[-76.3119847,1.9225845],[-76.31118,1.9227345],[-76.3101769,1.9241312],[-76.3109708,1.9268575],[-76.3096619,1.9276885],[-76.3037285,1.9278902],[-76.2999952,1.9251204],[-76.2991637,1.9254957],[-76.2979365,1.927868],[-76.2961908,1.9270539]]}},{"type":"Feature","id":522305808,"properties":{"name":"Quebrada Criollo","waterway":"stream","source":"OpenStreetMap"},"geometry":{"type":"LineString","coordinates":[[-76.1619741,1.8356097],[-76.1611104,1.8372772],[-76.1613867,1.8385961],[-76.1624368,1.8397556],[-76.1611506,1.8397891],[-76.1616924,1.8407757],[-76.1613451,1.8416751],[-76.1619057,1.8416791],[-76.1620961,1.8424579],[-76.1609441,1.8441347],[-76.159595,1.8441575],[-76.1581318,1.8457017],[-76.1585583,1.8462512],[-76.1578354,1.8466507],[-76.1581439,1.8477351],[-76.1563052,1.8483436],[-76.1570737,1.8496277],[-76.1561671,1.8514426],[-76.1554804,1.8512925],[-76.1540086,1.8529955],[-76.1515443,1.8531999],[-76.1503594,1.8545778],[-76.1497124,1.853779],[-76.1491089,1.8551488],[-76.1456823,1.8546918],[-76.1447114,1.8552775],[-76.1444794,1.8534023],[-76.1433676,1.853031],[-76.1423484,1.8535323],[-76.1402522,1.8519962],[-76.1387301,1.8519372],[-76.1386013,1.85246],[-76.1378784,1.8521477],[-76.1380729,1.8529157],[-76.1371529,1.8533688],[-76.1371154,1.853921],[-76.1356066,1.8545202],[-76.1355355,1.8538044],[-76.1344251,1.8542803],[-76.1340643,1.8548915],[-76.1346853,1.8553244],[-76.134578,1.8564825],[-76.1338833,1.8564316],[-76.1328828,1.858528],[-76.1318676,1.8587921],[-76.1309409,1.8600802],[-76.1314921,1.8608],[-76.1334971,1.8614876]]}},{"type":"Feature","id":522318575,"properties":{"name":"Quebrada La Cachinga","waterway":"stream","source":"OpenStreetMap"},"geometry":{"type":"LineString","coordinates":[[-76.1726251,1.8582197],[-76.1710775,1.8569436],[-76.170069,1.8570536],[-76.1692965,1.8549706],[-76.1674552,1.8541409],[-76.1666492,1.8530042],[-76.1651847,1.8536757],[-76.1646375,1.8547414],[-76.1635526,1.8548566],[-76.1613572,1.8564638],[-76.16024,1.8578538],[-76.1592798,1.857701],[-76.1598162,1.8582036],[-76.157696,1.8588899],[-76.1568739,1.8603228],[-76.155915,1.8598108],[-76.1561,1.8604153],[-76.1551814,1.8608348],[-76.1550459,1.8615734],[-76.1559632,1.8642354],[-76.1551318,1.8660503],[-76.1537853,1.8667634],[-76.1548233,1.8671414],[-76.1537102,1.8684898],[-76.1542842,1.8699455],[-76.1551023,1.8701867],[-76.1542547,1.8705996],[-76.1546396,1.8724778]]}},{"type":"Feature","id":529031078,"properties":{"name":"Quebrada el Palmar","waterway":"stream","source":"OpenStreetMap"},"geometry":{"type":"LineString","coordinates":[[-76.3214502,1.9731712],[-76.3188551,1.9740263],[-76.3145864,1.9727128],[-76.3122797,1.9735036],[-76.3099395,1.9725721],[-76.3088237,1.9711018],[-76.3064928,1.9713752],[-76.3055594,1.9692025],[-76.3031763,1.9677778],[-76.3033493,1.9668168],[-76.3026439,1.965203],[-76.3016662,1.9646776],[-76.3020699,1.9636885],[-76.3002044,1.9630465],[-76.3010117,1.9603176],[-76.2988848,1.9580256],[-76.2982115,1.9581972],[-76.2981364,1.9573206],[-76.296794,1.957641],[-76.2965485,1.9571075],[-76.2971507,1.9563248],[-76.2962978,1.9564628],[-76.2949473,1.9548075],[-76.2954193,1.9521068],[-76.2942445,1.951895],[-76.2941346,1.950753],[-76.2951431,1.9498523],[-76.2941024,1.9491875],[-76.2941051,1.9482922],[-76.2928149,1.9484879],[-76.2923643,1.9471154],[-76.2909776,1.9462817],[-76.2892771,1.9414994],[-76.288054,1.9410544],[-76.2874747,1.940025],[-76.2828183,1.9378805],[-76.2818007,1.9381448]]}},{"type":"Feature","id":530431676,"properties":{"name":"Quebrada Cálamo","waterway":"stream","source":"OpenStreetMap"},"geometry":{"type":"LineString","coordinates":[[-76.0415804,1.8660235],[-76.0436779,1.8628602],[-76.0432676,1.8624634],[-76.0440923,1.8610828],[-76.0438818,1.8602089],[-76.0466538,1.859548],[-76.0470146,1.8586915],[-76.0480258,1.8589328]]}},{"type":"Feature","id":530431684,"properties":{"name":"Quebrada Cálamo","waterway":"stream","source":"OpenStreetMap"},"geometry":{"type":"LineString","coordinates":[[-76.0481827,1.8587947],[-76.0481773,1.8580736],[-76.0492811,1.8576728],[-76.048227,1.8555175],[-76.0496338,1.8541516],[-76.0493334,1.8534653],[-76.0502829,1.8526651],[-76.0511211,1.8531289],[-76.0526537,1.8528334]]}},{"type":"Feature","id":545584360,"properties":{"name":"Río Las Ceibas","waterway":"river","source":"OpenStreetMap"},"geometry":{"type":"LineString","coordinates":[[-75.2495979,2.9526473],[-75.2501129,2.9533009],[-75.249901,2.95493],[-75.2504727,2.9566824],[-75.2518254,2.9567382],[-75.2555618,2.9545779],[-75.2599405,2.9560136],[-75.2617389,2.9559627],[-75.2638042,2.9571306],[-75.2654201,2.956384],[-75.2671398,2.9570621],[-75.2707096,2.9564998]]}},{"type":"Feature","id":550749852,"properties":{"name":"Quebrada Cuchayaco","waterway":"stream","source":"OpenStreetMap"},"geometry":{"type":"LineString","coordinates":[[-75.8736581,2.3816037],[-75.8778652,2.38376],[-75.8792171,2.383149],[-75.8810195,2.3841781],[-75.8809229,2.385175],[-75.8819636,2.3863113],[-75.8817598,2.3869545],[-75.8836481,2.3884338],[-75.8830794,2.3897951],[-75.884088,2.3903847],[-75.8845386,2.3917246],[-75.8846029,2.393547],[-75.8838519,2.3944903],[-75.8843669,2.3952085],[-75.8831438,2.3967092],[-75.883756,2.3978302]]}},{"type":"Feature","id":550749853,"properties":{"name":"Quebrada La Azufrada","waterway":"stream","source":"OpenStreetMap"},"geometry":{"type":"LineString","coordinates":[[-75.8676767,2.383844],[-75.8701068,2.3832545],[-75.8705467,2.3814],[-75.8736581,2.3816037]]}},{"type":"Feature","id":550749854,"properties":{"name":"Quebrada Cuchayaco","waterway":"stream","source":"OpenStreetMap"},"geometry":{"type":"LineString","coordinates":[[-75.8580208,2.3769996],[-75.8592868,2.3787147],[-75.8624733,2.3810623],[-75.8642542,2.3820592],[-75.8649182,2.3815558],[-75.8660674,2.382145],[-75.8664858,2.3835493],[-75.8676767,2.383844]]}},{"type":"Feature","id":609327108,"properties":{"name":"Río Villa Vieja","waterway":"river","source":"OpenStreetMap"},"geometry":{"type":"LineString","coordinates":[[-75.0180843,3.0475711],[-75.019978,3.0482568],[-75.0207639,3.0503834],[-75.0226575,3.0503084],[-75.0240952,3.0519717],[-75.0270081,3.0529467],[-75.0274667,3.0541894],[-75.0297681,3.0538761],[-75.0309992,3.0543903],[-75.0317502,3.0555367],[-75.0328285,3.0543421],[-75.0345799,3.0545617],[-75.0340328,3.0531984],[-75.0343493,3.0527511],[-75.0356689,3.0520735],[-75.036715,3.0522449],[-75.0367257,3.0513048],[-75.0376189,3.0502736],[-75.0394884,3.0495719],[-75.0403038,3.048305],[-75.0415993,3.0484389],[-75.0424039,3.0468827],[-75.0442305,3.0473916],[-75.0442225,3.0498156],[-75.0450861,3.0490416],[-75.0457621,3.0496201],[-75.0476396,3.0495103],[-75.0450888,3.0515084],[-75.0465158,3.0532761],[-75.0466177,3.0516209],[-75.0479883,3.0522021],[-75.0489968,3.0534636],[-75.0528726,3.0527994],[-75.0535727,3.0533538],[-75.054659,3.0525476],[-75.0564721,3.0536136],[-75.0577167,3.0523708],[-75.0626385,3.0522342],[-75.0633922,3.0509459],[-75.0638723,3.0508789],[-75.0648809,3.0521914],[-75.0657553,3.0515593],[-75.0687593,3.0511682],[-75.070653,3.0534984],[-75.0726217,3.0528502],[-75.072611,3.053702],[-75.073818,3.0538359],[-75.0756097,3.0528824],[-75.0784475,3.0540716],[-75.0806308,3.0558822],[-75.0827336,3.0556358],[-75.0838709,3.0560965],[-75.086596,3.0575374],[-75.0900883,3.0608586],[-75.0939667,3.0626264],[-75.0952542,3.0618657],[-75.0987625,3.0618711],[-75.0998998,3.0624121],[-75.1020026,3.0620264],[-75.1039285,3.0624603],[-75.104776,3.063237],[-75.1089871,3.0641102],[-75.1109505,3.0639548],[-75.1121306,3.0629317],[-75.1169211,3.0616354],[-75.1203597,3.0636388],[-75.1240504,3.0645762],[-75.1252466,3.0658779],[-75.129565,3.0669734],[-75.1317322,3.0666814],[-75.1339316,3.0676189],[-75.1356456,3.071007],[-75.1385477,3.0732273],[-75.1410636,3.0739184],[-75.1424584,3.0754477],[-75.1447704,3.0763155],[-75.1459506,3.077577],[-75.1483244,3.0781287],[-75.1501188,3.0806972],[-75.1497808,3.0858102],[-75.1514009,3.0871466],[-75.1517844,3.0891848],[-75.1545122,3.0927309],[-75.1563254,3.0932237],[-75.1575753,3.0947745],[-75.1614431,3.0931648],[-75.1640904,3.0936281],[-75.1661289,3.093363],[-75.1678455,3.0940379],[-75.1691356,3.0966894],[-75.1708952,3.0962609],[-75.1729202,3.0974795],[-75.1742801,3.1008729],[-75.1760852,3.1018987],[-75.176501,3.1039449],[-75.1779574,3.1048127],[-75.1786065,3.106741],[-75.1778662,3.1090122],[-75.1780486,3.1101987],[-75.1794514,3.1096764],[-75.1798376,3.1106245],[-75.1821068,3.1107879],[-75.1830348,3.1120708],[-75.1837081,3.111353],[-75.1869482,3.1123948],[-75.1880559,3.1136268],[-75.1881257,3.1156569],[-75.1908883,3.1168327],[-75.1897565,3.1198109],[-75.1923957,3.1199207],[-75.1936054,3.1225507],[-75.1953167,3.1239113],[-75.196529,3.1282339],[-75.1982778,3.1276286],[-75.1990771,3.1281268],[-75.2012712,3.1330118],[-75.2007669,3.1345705],[-75.2012068,3.1367506],[-75.2008957,3.1376612],[-75.1984173,3.1384164],[-75.1974249,3.1395038],[-75.1969314,3.1421552],[-75.198589,3.1427604],[-75.1993722,3.1444584],[-75.1984066,3.1457921],[-75.1986426,3.1465259],[-75.1966685,3.1461724],[-75.1903009,3.1494183],[-75.188579,3.1497933],[-75.1894265,3.1505539],[-75.1877528,3.1522143],[-75.1879084,3.1551496],[-75.1867926,3.1582348],[-75.1869187,3.1594694],[-75.1891476,3.1627073],[-75.1910466,3.1609665],[-75.1917359,3.1631331],[-75.197272,3.1665236],[-75.1989645,3.1665236],[-75.2011049,3.1651685],[-75.2021429,3.1676109],[-75.2030334,3.1683153],[-75.206421,3.1689125],[-75.2103746,3.1680314],[-75.2126518,3.1683876],[-75.2153206,3.1678332],[-75.2188155,3.1746329],[-75.2205992,3.1751524],[-75.2199608,3.176454],[-75.2179545,3.178251],[-75.2176031,3.1795632],[-75.2198669,3.1833875],[-75.2235308,3.1831358],[-75.2283561,3.1843302],[-75.2319208,3.1856987],[-75.2333289,3.1869628],[-75.2336454,3.1889017],[-75.2315667,3.1900586],[-75.2313897,3.1911164],[-75.2332002,3.1928866],[-75.2349544,3.1927982],[-75.2360487,3.1937516],[-75.2360138,3.1947345],[-75.2343321,3.1959423],[-75.234324,3.1975598]]}},{"type":"Feature","id":609327112,"properties":{"name":"Río Guaroco","waterway":"river","source":"OpenStreetMap"},"geometry":{"type":"LineString","coordinates":[[-75.0708407,3.1381914],[-75.0723267,3.1384271],[-75.0732547,3.1375273],[-75.0741988,3.1376022],[-75.0744188,3.1390485],[-75.0750786,3.139477],[-75.0762641,3.1392413],[-75.0778842,3.1379236],[-75.0816822,3.1374201],[-75.0835276,3.1365203],[-75.0848258,3.1346295],[-75.0892353,3.1347526],[-75.0887042,3.1338581],[-75.0905174,3.1311371],[-75.0939775,3.1309228],[-75.0942993,3.1296159],[-75.0971639,3.1280893],[-75.0981671,3.1281428],[-75.0994062,3.1298997],[-75.1006615,3.1290106],[-75.1010424,3.1280143],[-75.1038426,3.1291445],[-75.1048672,3.1276126],[-75.1043737,3.1271144],[-75.1047653,3.1261877],[-75.1065892,3.1242755],[-75.1090676,3.1228293],[-75.1127207,3.1234452],[-75.11271,3.122074],[-75.1138043,3.1213187],[-75.1150113,3.1173924],[-75.1156712,3.1175424],[-75.1168299,3.1195297],[-75.1179349,3.1191172],[-75.1179564,3.1178049],[-75.1187772,3.1178317],[-75.1190615,3.1186619],[-75.1218188,3.1203117],[-75.1224679,3.1230007],[-75.1241416,3.1241523],[-75.1232028,3.1256628],[-75.1238197,3.1282553],[-75.1265609,3.1288392],[-75.1277733,3.1270341],[-75.1296079,3.1267609],[-75.1306003,3.1277465],[-75.1296187,3.1281161],[-75.1296026,3.1294284],[-75.1318717,3.1306818],[-75.1324082,3.1299747],[-75.1328158,3.1301569],[-75.1340604,3.1318281],[-75.133996,3.1329636],[-75.1331806,3.1333064],[-75.1330948,3.1354383],[-75.131861,3.1367238],[-75.1338565,3.1372487],[-75.1337814,3.1395627],[-75.1355946,3.140034],[-75.1365495,3.1412339],[-75.1366568,3.1424658],[-75.1382661,3.1433228],[-75.1363886,3.144062],[-75.1356268,3.1453154],[-75.1358521,3.1458725],[-75.1363778,3.1456368],[-75.1374292,3.1462795],[-75.1373756,3.1474044],[-75.1384485,3.1492041],[-75.1396072,3.1487542],[-75.14009,3.1476186],[-75.1421392,3.147158],[-75.144057,3.1440513],[-75.1448214,3.1437005],[-75.1475304,3.1470937],[-75.1505077,3.1487542],[-75.1520151,3.1487488],[-75.1523691,3.1476079],[-75.1511836,3.145294],[-75.1520795,3.1435692],[-75.1506901,3.142439],[-75.1526856,3.1413463],[-75.1552767,3.1420052],[-75.1556522,3.1416838],[-75.1552016,3.1405536],[-75.1536834,3.1395734],[-75.1536137,3.1376558],[-75.1547617,3.1369113],[-75.1573044,3.1364881],[-75.1590425,3.1385128],[-75.1605231,3.1384325],[-75.1616764,3.137479],[-75.1622558,3.1350258],[-75.1643801,3.1345598],[-75.1659626,3.1353526],[-75.1665741,3.1369327],[-75.1680279,3.136997],[-75.1689023,3.1359578],[-75.1698732,3.1366327],[-75.1706135,3.1389467],[-75.1703239,3.1403233],[-75.1667619,3.1417588],[-75.1687414,3.1438478],[-75.170635,3.1440352],[-75.1712787,3.1425622],[-75.1754254,3.1401519],[-75.1756239,3.1408],[-75.1749158,3.1419141],[-75.177539,3.1439013],[-75.17932,3.1463974],[-75.1797009,3.1477525],[-75.1793763,3.1504762],[-75.182426,3.1547077],[-75.1832119,3.1583098],[-75.1841801,3.158915],[-75.185768,3.1576938],[-75.1866639,3.1588347]]}},{"type":"Feature","id":609570444,"properties":{"name":"Río Magdalena","waterway":"river","source":"OpenStreetMap"},"geometry":{"type":"LineString","coordinates":[[-75.4307549,2.7073821],[-75.4306832,2.7095816],[-75.4325527,2.7126734],[-75.4366297,2.7154544],[-75.4370374,2.7171102],[-75.4359108,2.7182783],[-75.4334861,2.7193553],[-75.4287332,2.7199715],[-75.4256784,2.7209715],[-75.4241978,2.7267895],[-75.419504,2.7269342],[-75.4193401,2.7283949],[-75.4222047,2.731567],[-75.4233313,2.7339461],[-75.4228967,2.7362663],[-75.4143863,2.7345001],[-75.4110307,2.7353929],[-75.406841,2.7431088],[-75.4048026,2.7437196],[-75.4025578,2.7412676],[-75.4018951,2.7379434],[-75.3952003,2.7248369],[-75.3934729,2.7232187],[-75.391786,2.7234726],[-75.3861212,2.7283541],[-75.3847772,2.7308865],[-75.3783965,2.738701],[-75.3778866,2.7413673],[-75.3785461,2.7468707],[-75.3771973,2.7508247],[-75.3746224,2.7528179],[-75.3698724,2.7543792],[-75.3681743,2.7556364],[-75.366761,2.7580978],[-75.3661466,2.761584],[-75.3635287,2.7676709],[-75.3495091,2.7688036],[-75.3460866,2.7715361],[-75.3424335,2.7757798],[-75.3355587,2.7784836],[-75.3344458,2.780002],[-75.3339308,2.7820735],[-75.335269,2.7846025],[-75.334459,2.7897463],[-75.3328014,2.7914126],[-75.3283811,2.7938184],[-75.3275871,2.7950615],[-75.327236,2.7996554],[-75.3260207,2.8035486],[-75.3212357,2.8093137],[-75.3184033,2.814436],[-75.318017,2.8173721],[-75.3157211,2.8226872],[-75.3135109,2.8324171],[-75.3115719,2.8352107],[-75.3085113,2.8368748],[-75.3006338,2.8392799],[-75.2984476,2.8415683],[-75.2977395,2.8448365],[-75.2991247,2.8492014],[-75.2990699,2.8529268],[-75.2976215,2.8562379],[-75.2911949,2.8647567],[-75.2900001,2.869549]]}},{"type":"Feature","id":609570445,"properties":{"name":"Río Magdalena","waterway":"river","source":"OpenStreetMap"},"geometry":{"type":"LineString","coordinates":[[-75.234324,3.1975598],[-75.231697,3.1995972],[-75.2298045,3.2049297],[-75.2292466,3.2087111],[-75.2295363,3.216263],[-75.2285171,3.2174092],[-75.2240431,3.2181162],[-75.2223909,3.2193427],[-75.2224177,3.2205906],[-75.2247653,3.2235503],[-75.2248156,3.2255288],[-75.223099,3.232695],[-75.2227879,3.2373118],[-75.2235818,3.2413822],[-75.2258134,3.2445743],[-75.2266932,3.2471022],[-75.2255023,3.2523295],[-75.2270331,3.257286],[-75.2271599,3.2612521],[-75.2282596,3.263523],[-75.2273155,3.26679],[-75.2282354,3.2681958],[-75.2318162,3.2707853],[-75.2333665,3.2731203],[-75.2338386,3.2744379],[-75.232358,3.2784225],[-75.2334083,3.2839705],[-75.2385914,3.2937984],[-75.239219,3.2960477],[-75.2387471,3.3035669],[-75.2401578,3.3080601],[-75.2397662,3.3106629],[-75.2390474,3.3122642],[-75.2369016,3.3138762],[-75.2250731,3.3171644],[-75.2228093,3.3199921],[-75.2182174,3.3286785],[-75.2151382,3.3293265],[-75.2096558,3.331549],[-75.2044308,3.3322345],[-75.2040231,3.3326736],[-75.2042377,3.3360903],[-75.2050913,3.3378935],[-75.2091193,3.3417348],[-75.2147734,3.3448409],[-75.2168334,3.3472079],[-75.2171016,3.3501105],[-75.2164793,3.3530237],[-75.2135503,3.3536556],[-75.2115011,3.3525739],[-75.2097738,3.3512779],[-75.2057934,3.346094],[-75.2025533,3.3456228],[-75.2006865,3.3472722],[-75.200547,3.3501747],[-75.1985836,3.35131],[-75.1973444,3.3529113],[-75.1918995,3.360671],[-75.1887024,3.3668187],[-75.1800603,3.3713224],[-75.1786441,3.3725487],[-75.175932,3.3768295]]}},{"type":"Feature","id":609570448,"properties":{"name":"Río Magdalena","waterway":"river","source":"OpenStreetMap"},"geometry":{"type":"LineString","coordinates":[[-75.2097738,3.3512779],[-75.200547,3.3501747]]}},{"type":"Feature","id":609570450,"properties":{"name":"Río Magdalena","waterway":"river","source":"OpenStreetMap"},"geometry":{"type":"LineString","coordinates":[[-75.2980806,2.9775736],[-75.2977314,2.9791165],[-75.2963823,2.9805685],[-75.2927752,2.9824397],[-75.2892602,2.9806533],[-75.2885399,2.9809648],[-75.2825183,2.9865712],[-75.2798834,2.9906518],[-75.278086,2.9921295],[-75.2747262,2.9929381],[-75.2706157,2.9919865],[-75.2696187,2.9929321],[-75.2691682,3.0060985],[-75.268438,3.0085496],[-75.2656271,3.0129336],[-75.2650439,3.0162853],[-75.2651047,3.0190307],[-75.2669799,3.0225839],[-75.2658422,3.0248982],[-75.2634394,3.027298],[-75.2574106,3.0286274],[-75.2550587,3.0306798],[-75.2545943,3.0319223],[-75.2548497,3.0335201],[-75.2581948,3.0340085],[-75.2669478,3.0377761],[-75.2690659,3.0425835],[-75.2687824,3.0442365],[-75.2683026,3.0454924],[-75.2665315,3.0466125],[-75.2647087,3.0460404],[-75.2630111,3.0464892],[-75.2594828,3.0509857],[-75.2565563,3.0534203],[-75.2509427,3.0565841],[-75.2413546,3.060048],[-75.23925,3.0616016],[-75.237052,3.0659431],[-75.2364829,3.0692284],[-75.2384208,3.0730123],[-75.2403237,3.0751874]]}},{"type":"Feature","id":609599232,"properties":{"name":"Río Aipe","waterway":"stream","source":"OpenStreetMap"},"geometry":{"type":"LineString","coordinates":[[-75.444797,3.1516305],[-75.4438958,3.1533633],[-75.4422784,3.1538266],[-75.4414228,3.1557495],[-75.4419082,3.1567458],[-75.4394487,3.1580714],[-75.4404277,3.1584303],[-75.4407737,3.1593114],[-75.4393575,3.1600961],[-75.439049,3.1649221],[-75.4378903,3.1678894],[-75.4347709,3.1712531],[-75.4348862,3.1726993],[-75.4359081,3.1735777],[-75.4329202,3.1764861],[-75.4342291,3.1775359],[-75.4339394,3.1785831]]}},{"type":"Feature","id":609599235,"properties":{"name":"Río Aipe","waterway":"stream","source":"OpenStreetMap"},"geometry":{"type":"LineString","coordinates":[[-75.4339394,3.1785831],[-75.4335934,3.1837009],[-75.4317802,3.1867539],[-75.432955,3.1881652],[-75.4326788,3.190321],[-75.4334298,3.1915449],[-75.4326922,3.192975],[-75.432947,3.1942417],[-75.4312411,3.194938],[-75.4309621,3.1969813],[-75.4301387,3.1979481],[-75.4313886,3.1991693],[-75.4315764,3.2006931],[-75.4297069,3.2010868],[-75.4299536,3.2027444],[-75.4283685,3.203829],[-75.4283845,3.2063946],[-75.4268959,3.2083924],[-75.4267108,3.2106232],[-75.4242647,3.2146937],[-75.4227895,3.2155694],[-75.4225856,3.2169271],[-75.4212552,3.2179126],[-75.4211372,3.2190695],[-75.4199356,3.2205746],[-75.4203486,3.2226473],[-75.4188412,3.2282014],[-75.4193133,3.2298992],[-75.4178274,3.2312221],[-75.4173875,3.2329253],[-75.4153544,3.2353247],[-75.4157621,3.2376813],[-75.4135037,3.2387471],[-75.4113364,3.2409859],[-75.4107624,3.2430853],[-75.4117227,3.2451955],[-75.4108429,3.2476646],[-75.4086944,3.2496221]]}},{"type":"Feature","id":632686314,"properties":{"name":"Quebrada Matamundo","waterway":"stream","source":"OpenStreetMap"},"geometry":{"type":"LineString","coordinates":[[-75.2836491,2.9094174],[-75.2848349,2.915004],[-75.2855448,2.9158865]]}},{"type":"Feature","id":632686315,"properties":{"name":"Quebrada Matamundo","waterway":"stream","source":"OpenStreetMap"},"geometry":{"type":"LineString","coordinates":[[-75.2836638,2.9091314],[-75.2836491,2.9094174]]}},{"type":"Feature","id":679496849,"properties":{"name":"Quebrada de Regueros","waterway":"river","source":"OpenStreetMap"},"geometry":{"type":"LineString","coordinates":[[-76.030572,1.9234532],[-76.0295156,1.9221762],[-76.0306039,1.9214281],[-76.0297191,1.9193942],[-76.029797,1.9162832],[-76.0303137,1.9156961],[-76.0317046,1.9158535],[-76.0315432,1.9134058],[-76.0321715,1.9128823],[-76.0319874,1.911761],[-76.0326917,1.9105637]]}},{"type":"Feature","id":720385047,"properties":{"name":"Río Magdalena","waterway":"river","source":"OpenStreetMap"},"geometry":{"type":"LineString","coordinates":[[-75.5642696,2.4514612],[-75.5693829,2.4559901],[-75.5702198,2.4572871],[-75.5704451,2.4594845],[-75.5693927,2.4623082],[-75.5635357,2.4639328],[-75.5622161,2.4648546],[-75.5599952,2.4694155],[-75.5604458,2.4757289],[-75.5600327,2.478698],[-75.5631548,2.482798],[-75.5646944,2.4837305],[-75.5682564,2.4841968],[-75.5688304,2.4847006],[-75.5692488,2.486989],[-75.5684763,2.4875089],[-75.5660248,2.4867854],[-75.564217,2.4879483],[-75.5622321,2.4915766],[-75.5588526,2.4941759],[-75.5556446,2.5010841],[-75.5540943,2.5023435],[-75.5524582,2.5020487],[-75.5508512,2.5008976],[-75.5463159,2.4949852],[-75.545522,2.4946207],[-75.543623,2.4951781],[-75.5415738,2.4974076],[-75.5411446,2.4991976],[-75.5417562,2.5015557],[-75.5431051,2.5044348],[-75.546506,2.5080148],[-75.5464983,2.51057],[-75.5404979,2.5250036],[-75.5374646,2.5297239],[-75.5348253,2.5315139],[-75.5276048,2.534097],[-75.5255342,2.5360906],[-75.5252338,2.5373232],[-75.5261886,2.5424037],[-75.5248904,2.5446116],[-75.5128527,2.5471626],[-75.5101736,2.5500153],[-75.5070806,2.5519751],[-75.4995918,2.5510533],[-75.4970384,2.5515678],[-75.4950535,2.5532934],[-75.4935992,2.5568585],[-75.4935137,2.5595658],[-75.4955184,2.5655395],[-75.495944,2.5699386],[-75.4951976,2.5740998],[-75.4939592,2.5767874],[-75.4898286,2.5800564],[-75.4882193,2.5806138],[-75.4822449,2.5801675],[-75.4784316,2.5817242],[-75.4768574,2.5831218],[-75.4764819,2.5850724],[-75.4796577,2.5984269],[-75.478971,2.6009777],[-75.4724723,2.6078959],[-75.4681349,2.6164541],[-75.4601098,2.6258428],[-75.4510546,2.6341167],[-75.4481364,2.6387895],[-75.4394675,2.6615961],[-75.4377938,2.6675548],[-75.438695,2.6872743],[-75.43818,2.6959765],[-75.4373646,2.699063],[-75.4358626,2.7014636],[-75.4319557,2.7045441]]}},{"type":"Feature","id":732430250,"properties":{"name":"Río Las Ceibas","waterway":"river","source":"OpenStreetMap"},"geometry":{"type":"LineString","coordinates":[[-75.2707096,2.9564998],[-75.2721766,2.9555894],[-75.274037,2.9529471],[-75.2758598,2.952076],[-75.2768355,2.9502328],[-75.2779138,2.9495529],[-75.2802484,2.9495047],[-75.2812076,2.947061]]}},{"type":"Feature","id":732430251,"properties":{"name":"Quebrada Avichente","waterway":"river","source":"OpenStreetMap"},"geometry":{"type":"LineString","coordinates":[[-75.2714372,2.944572],[-75.2725976,2.9446346],[-75.2746539,2.9468046],[-75.2769803,2.9464675],[-75.2791279,2.9465586],[-75.2799544,2.9473446],[-75.2812076,2.947061]]}},{"type":"Feature","id":732430257,"properties":{"name":"Río Avichente","waterway":"river","source":"OpenStreetMap"},"geometry":{"type":"LineString","coordinates":[[-75.2706666,2.9444558],[-75.271057,2.9445995]]}},{"type":"Feature","id":732700301,"properties":{"name":"Quebrada Matamundo","waterway":"stream","source":"OpenStreetMap"},"geometry":{"type":"LineString","coordinates":[[-75.2888166,2.9178568],[-75.2902641,2.9168844]]}},{"type":"Feature","id":732700302,"properties":{"name":"Quebrada Matamundo","waterway":"stream","source":"OpenStreetMap"},"geometry":{"type":"LineString","coordinates":[[-75.2885843,2.9178157],[-75.2888166,2.9178568]]}},{"type":"Feature","id":780155305,"properties":{"name":"Río Venadito","waterway":"river","source":"OpenStreetMap"},"geometry":{"type":"LineString","coordinates":[[-74.8272656,3.2025249],[-74.8286426,3.2028248],[-74.8293293,3.2053796],[-74.8291147,3.206558],[-74.8298442,3.2075435],[-74.8293722,3.2086682],[-74.8302519,3.2103929],[-74.8344791,3.2124067],[-74.8354876,3.2143456],[-74.8393822,3.2154596],[-74.8400581,3.2166915],[-74.841485,3.2174949],[-74.842912,3.2164987],[-74.8443818,3.2171093],[-74.8445749,3.2179234],[-74.8458088,3.2188232],[-74.8455727,3.2204835],[-74.8463774,3.2204192],[-74.8465276,3.221394],[-74.8502183,3.2233864],[-74.8504543,3.2240291],[-74.8522997,3.2239327],[-74.855454,3.2262358],[-74.8597348,3.2248004],[-74.8616982,3.2254217],[-74.8626316,3.2240934],[-74.8638493,3.2246665],[-74.8645681,3.2266964],[-74.8664188,3.2261233],[-74.867819,3.226637]]}},{"type":"Feature","id":782672023,"properties":{"name":"Quebrada El Trueno","waterway":"stream","source":"OpenStreetMap"},"geometry":{"type":"LineString","coordinates":[[-76.0054018,2.4598428],[-76.0033858,2.4618909],[-76.004228,2.4631584],[-76.0031247,2.4644608],[-75.9985927,2.4668832],[-75.9990567,2.4707835],[-75.9967661,2.4724918],[-75.9969699,2.4742497],[-75.9947705,2.4760023],[-75.9951782,2.4766293],[-75.9945077,2.4772296],[-75.9918094,2.4777762],[-75.9914821,2.4786471],[-75.9892693,2.4789231],[-75.9897628,2.4805819],[-75.9887785,2.4821522],[-75.9876492,2.4822893],[-75.9874883,2.4848886],[-75.9868499,2.4862552]]}},{"type":"Feature","id":784376249,"properties":{"name":"Quebrada del Manpuesto","waterway":"stream","source":"OpenStreetMap"},"geometry":{"type":"LineString","coordinates":[[-75.2895601,2.9688914],[-75.2899423,2.9691472]]}},{"type":"Feature","id":784376252,"properties":{"name":"Quebrada del Manpuesto","waterway":"stream","source":"OpenStreetMap"},"geometry":{"type":"LineString","coordinates":[[-75.2899423,2.9691472],[-75.2911655,2.9690428],[-75.2938392,2.9700119],[-75.294538,2.9726918],[-75.2938904,2.9743523],[-75.2946854,2.9754807],[-75.2941661,2.9765001],[-75.2928582,2.9767181],[-75.2911164,2.9786805],[-75.2898568,2.9789389],[-75.2892602,2.9806533]]}},{"type":"Feature","id":801789595,"properties":{"name":"Quebrada La toma","waterway":"stream","source":"OpenStreetMap"},"geometry":{"type":"LineString","coordinates":[[-75.2825352,2.9331497],[-75.283625,2.9324139],[-75.284358,2.9306901],[-75.2853279,2.93027],[-75.2900431,2.9337066],[-75.2935585,2.933962],[-75.296009,2.9323611],[-75.2976796,2.930099]]}},{"type":"Feature","id":801789596,"properties":{"name":"Quebrada La toma","waterway":"stream","source":"OpenStreetMap"},"geometry":{"type":"LineString","coordinates":[[-75.2824724,2.9331857],[-75.2825352,2.9331497]]}},{"type":"Feature","id":801791632,"properties":{"name":"Río Las Ceibas","waterway":"river","source":"OpenStreetMap"},"geometry":{"type":"LineString","coordinates":[[-75.2812076,2.947061],[-75.2852128,2.9420951],[-75.2874787,2.9421932],[-75.2910331,2.9406385]]}},{"type":"Feature","id":803527489,"properties":{"name":"Río Avichente","waterway":"river","source":"OpenStreetMap"},"geometry":{"type":"LineString","coordinates":[[-75.271057,2.9445995],[-75.2712741,2.9446281]]}},{"type":"Feature","id":803527492,"properties":{"name":"Río Avichente","waterway":"river","source":"OpenStreetMap"},"geometry":{"type":"LineString","coordinates":[[-75.2712741,2.9446281],[-75.2714372,2.944572]]}},{"type":"Feature","id":820198581,"properties":{"name":"Río Negro","waterway":"river","source":"OpenStreetMap"},"geometry":{"type":"LineString","coordinates":[[-74.8705065,3.0802714],[-74.8711288,3.0808499],[-74.8711985,3.0801428],[-74.8717886,3.0808285],[-74.8713005,3.0831961],[-74.8724377,3.0846156],[-74.8729688,3.0838336],[-74.8737305,3.0839568],[-74.8736394,3.0834693],[-74.8747444,3.0838711],[-74.8750824,3.0835336],[-74.87468,3.0817712],[-74.8756242,3.0820712],[-74.8760694,3.0809088],[-74.8770833,3.0807374],[-74.8776841,3.0815623],[-74.8782259,3.0803678],[-74.8810798,3.0810267],[-74.8812836,3.0819641],[-74.8804253,3.0827676],[-74.8808974,3.0837746],[-74.8817986,3.08393],[-74.8853284,3.0827837],[-74.886235,3.0833193],[-74.8869807,3.0813856],[-74.8890902,3.0813668],[-74.8908296,3.0803517],[-74.8912829,3.0805981],[-74.8906124,3.0815302],[-74.8913741,3.0817016],[-74.8912346,3.0843371],[-74.8922432,3.0832979],[-74.8932731,3.0834265],[-74.8928225,3.0819159],[-74.8932946,3.0816373],[-74.8940241,3.0825051],[-74.8948932,3.082023],[-74.8963094,3.0821944],[-74.8959366,3.0830542],[-74.8978061,3.0839353],[-74.9008691,3.0821891],[-74.9011856,3.0828372],[-74.9038518,3.0831051]]}},{"type":"Feature","id":820492254,"properties":{"name":"Río Guaroco","waterway":"river","source":"OpenStreetMap"},"geometry":{"type":"LineString","coordinates":[[-74.9870646,3.1062456],[-74.9882233,3.1061598],[-74.9886203,3.1068348],[-74.9895537,3.1063527],[-74.9904657,3.1079596],[-74.9911523,3.107424],[-74.9921823,3.1077454],[-74.9962056,3.1061464],[-74.9969244,3.1056135],[-74.9969244,3.1048314],[-74.9989522,3.1046493],[-75.0040484,3.1051957],[-75.0056577,3.107049],[-75.0082862,3.1062241],[-75.0119984,3.1073061],[-75.0155926,3.1071776],[-75.016408,3.1077775],[-75.0168693,3.1073919],[-75.0179207,3.108206],[-75.0184572,3.1076275],[-75.0214183,3.1081739],[-75.0222337,3.1077132],[-75.0234032,3.108431],[-75.0254417,3.1078204],[-75.0267398,3.1084846],[-75.0286496,3.1075418],[-75.0290036,3.1087738],[-75.0283063,3.1094702],[-75.0299156,3.1105093],[-75.0298727,3.1120092],[-75.0308168,3.1124484],[-75.0309456,3.1132626],[-75.0319862,3.1133054],[-75.0319541,3.1158551],[-75.0328767,3.1170443],[-75.0328446,3.1196154],[-75.0350225,3.119594],[-75.036546,3.1208795],[-75.038724,3.1210509],[-75.0400972,3.1221222],[-75.0410307,3.1221758],[-75.0419641,3.1235684],[-75.0453222,3.1221865],[-75.0453544,3.1216187],[-75.0468671,3.1207938],[-75.0488091,3.1210295],[-75.0497103,3.1198404],[-75.0509977,3.1203867],[-75.0523281,3.1217258],[-75.0521028,3.12269],[-75.053283,3.1243612],[-75.0538731,3.1241577],[-75.0547743,3.1256682],[-75.0568986,3.1256253],[-75.0583255,3.1270501],[-75.0606644,3.1268894],[-75.0619733,3.1275536],[-75.0637329,3.1310675],[-75.0658679,3.1328244],[-75.0664258,3.1345812],[-75.0679922,3.1351062],[-75.0684857,3.136456],[-75.0708407,3.1381914]]}},{"type":"Feature","id":820492313,"properties":{"name":"Quebrada Mano Leoon","waterway":"stream","source":"OpenStreetMap"},"geometry":{"type":"LineString","coordinates":[[-75.0913167,3.151984],[-75.0925291,3.1558298],[-75.0935429,3.1567993],[-75.0941867,3.1585187]]}},{"type":"Feature","id":820492314,"properties":{"name":"Quebrada El Ahogado","waterway":"river","source":"OpenStreetMap"},"geometry":{"type":"LineString","coordinates":[[-75.1029494,3.1464643],[-75.1047814,3.1450101],[-75.1051891,3.1454332],[-75.1064122,3.1446994],[-75.1071096,3.1437353],[-75.1074475,3.1442548],[-75.108279,3.1435317],[-75.1092875,3.1441477],[-75.1113796,3.1422355],[-75.1134181,3.1419409],[-75.1151562,3.1422087],[-75.117538,3.1447369],[-75.1195389,3.1445655],[-75.1210731,3.1457653],[-75.1235408,3.1446405],[-75.123632,3.1440031],[-75.1225591,3.1439817],[-75.1233959,3.1424819],[-75.1249142,3.1443963]]}},{"type":"Feature","id":820492315,"properties":{"name":"Quebrada Mano Leoon","waterway":"river","source":"OpenStreetMap"},"geometry":{"type":"LineString","coordinates":[[-75.0605544,3.1596194],[-75.0625607,3.1601202],[-75.0625661,3.1607496],[-75.0636926,3.1614245],[-75.0634673,3.1617619],[-75.0640386,3.1616173],[-75.0638992,3.1623109],[-75.0652751,3.1620056],[-75.0662085,3.1634625],[-75.0684428,3.1636446],[-75.0681531,3.1629644],[-75.0709856,3.1637892],[-75.0732547,3.1633018],[-75.073539,3.1642017],[-75.0739199,3.163666],[-75.0754649,3.1642874],[-75.075497,3.1650533],[-75.0774604,3.1654765],[-75.0779057,3.1645605],[-75.0786835,3.1652729],[-75.0793809,3.1645445],[-75.081355,3.1653425],[-75.0813711,3.1643677],[-75.0822079,3.1636607],[-75.0836456,3.1637785],[-75.0847131,3.1629055],[-75.0851315,3.1637303],[-75.0858396,3.1632001],[-75.0868696,3.1633125],[-75.0876743,3.1625252],[-75.0886238,3.1632804],[-75.0903833,3.1625519],[-75.0914294,3.1629537],[-75.0915635,3.1610843],[-75.092352,3.1607951],[-75.0920141,3.161861],[-75.0926095,3.1619253],[-75.092808,3.16117],[-75.0934732,3.1609558],[-75.0925183,3.1601149],[-75.0927222,3.1590222],[-75.0941867,3.1585187],[-75.0957584,3.1593221],[-75.0967509,3.1584919],[-75.0968796,3.1571207],[-75.1002163,3.1564994],[-75.1024264,3.1592311],[-75.1035315,3.1592632],[-75.1042128,3.1619788],[-75.1049101,3.1617057],[-75.105055,3.1609719],[-75.1056665,3.161004],[-75.1066911,3.1620699],[-75.1067823,3.1629322],[-75.1076353,3.1620217],[-75.1072866,3.1614753],[-75.1082522,3.1615771],[-75.1088369,3.1625037],[-75.1101136,3.1625359],[-75.1105213,3.1632054],[-75.1136702,3.1624448],[-75.1146627,3.1612343],[-75.1160091,3.1623323],[-75.1159287,3.1617753],[-75.1168996,3.1613414],[-75.1166207,3.1593489],[-75.1190561,3.1595471],[-75.1189274,3.158208],[-75.1196998,3.1576403],[-75.1189917,3.1571957],[-75.1194638,3.1556424],[-75.1190078,3.1545283],[-75.1204026,3.1541265],[-75.1201022,3.1531356],[-75.1214594,3.1526268],[-75.1210839,3.1504789],[-75.1216686,3.1498629],[-75.1225269,3.1502325],[-75.1238734,3.1497772],[-75.1235569,3.1490327],[-75.1228058,3.1489363],[-75.123986,3.148015],[-75.123573,3.147474],[-75.1219744,3.1474258],[-75.1214862,3.1469062],[-75.1237124,3.1465634],[-75.1250589,3.1439817],[-75.1250964,3.1423801],[-75.1274192,3.1415713],[-75.1274568,3.1421605],[-75.1256329,3.1431996],[-75.1265341,3.1431621],[-75.1271403,3.1447691],[-75.127607,3.1445548],[-75.1269257,3.143505],[-75.127548,3.1432479],[-75.1312172,3.1460974],[-75.1323652,3.1461563],[-75.134275,3.1447048],[-75.1356515,3.1452276]]}},{"type":"Feature","id":820492323,"properties":{"name":"Quebrada La Nutria","waterway":"river","source":"OpenStreetMap"},"geometry":{"type":"LineString","coordinates":[[-74.9485105,3.139568],[-74.950785,3.1409071],[-74.9524909,3.1427604],[-74.9583864,3.1441638],[-74.9589551,3.1454011],[-74.9614012,3.1458885],[-74.9628228,3.1476347],[-74.96521,3.1487702],[-74.9684233,3.148556],[-74.9717331,3.1503075],[-74.976899,3.1506289],[-74.9787176,3.1519197],[-74.9814051,3.1505539],[-74.9868554,3.1504039],[-74.9874884,3.1496487],[-74.988969,3.1497772],[-74.9910396,3.1487756],[-74.993062,3.1494291],[-74.9946177,3.1492523],[-75.0000304,3.1518287],[-75.0016397,3.1511859],[-75.0020421,3.1520001],[-75.0030345,3.150902],[-75.0037694,3.1509128],[-75.0049281,3.1522572],[-75.0066233,3.1530392],[-75.0083882,3.1558459],[-75.0105661,3.1563065],[-75.0112796,3.1572867],[-75.0183821,3.1568743],[-75.0199914,3.15726],[-75.0214559,3.1567993],[-75.0244761,3.1575599],[-75.0273138,3.1573939],[-75.0291753,3.1558513],[-75.031085,3.1555781],[-75.0327587,3.1570778],[-75.0342715,3.1569707],[-75.035103,3.1560655],[-75.0366372,3.155787],[-75.0379568,3.1569064],[-75.0409824,3.1540355],[-75.0421277,3.1539525],[-75.0438389,3.1525732],[-75.0471327,3.151518],[-75.0488091,3.1504762],[-75.0497639,3.1489095],[-75.05265,3.148256],[-75.0528297,3.1475463],[-75.0543693,3.1469303],[-75.054903,3.1461135],[-75.0560537,3.1464429],[-75.0572714,3.1459314],[-75.0590283,3.1465822],[-75.0600636,3.1456154],[-75.0600582,3.1445441],[-75.0610989,3.1438076],[-75.0609917,3.1416784],[-75.0625312,3.140259],[-75.0650257,3.1413249],[-75.0657606,3.1399216],[-75.0687808,3.1402804],[-75.0695854,3.1388396],[-75.0708407,3.1381914]]}},{"type":"Feature","id":821246344,"properties":{"name":"Quebrada Aguas Negras","waterway":"river","source":"OpenStreetMap"},"geometry":{"type":"LineString","coordinates":[[-75.3738552,2.3713879],[-75.3724927,2.3718542],[-75.3717309,2.3746252],[-75.3711528,2.3750645]]}},{"type":"Feature","id":821246363,"properties":{"name":"Quebrada La Concamurria","waterway":"river","source":"OpenStreetMap"},"geometry":{"type":"LineString","coordinates":[[-75.3127974,2.4154181],[-75.313763,2.4173637],[-75.3150344,2.4176745],[-75.3156513,2.4187786],[-75.3178561,2.4188108],[-75.3195137,2.4219086],[-75.3188485,2.4229913],[-75.3192347,2.4241061],[-75.3186768,2.424642],[-75.3172231,2.4235862],[-75.3164935,2.4242883],[-75.3172284,2.4286242],[-75.3186339,2.4298141],[-75.3200394,2.4347395],[-75.3205007,2.4353452],[-75.3231937,2.4360151],[-75.3249317,2.4395899],[-75.3273082,2.4408601],[-75.3297329,2.4405225],[-75.3313261,2.4411228],[-75.3317607,2.4429504],[-75.3336489,2.4455176],[-75.334577,2.4465252],[-75.3364223,2.4472219],[-75.3376347,2.4498749],[-75.3384072,2.4537873],[-75.3403866,2.4558186],[-75.3403974,2.4567833],[-75.3433746,2.4587234],[-75.3441685,2.4615211],[-75.34338,2.4636916],[-75.3449947,2.466366],[-75.345279,2.4691851],[-75.3461266,2.4702462],[-75.3458583,2.4728348],[-75.3469312,2.4747321],[-75.346266,2.4769777],[-75.3466523,2.4783068],[-75.3485727,2.4789392],[-75.3482616,2.4801076],[-75.3496027,2.4805899],[-75.350858,2.4805899],[-75.3512228,2.4795288],[-75.3520489,2.4795502],[-75.3523171,2.4789071],[-75.3537548,2.4801397],[-75.3537119,2.4817261],[-75.3544414,2.4831946],[-75.3537655,2.485199],[-75.3543449,2.4866674],[-75.3552675,2.4861529],[-75.3558147,2.486378],[-75.3558684,2.4871605],[-75.3539801,2.4893364],[-75.3525961,2.4888326],[-75.3512442,2.490001],[-75.3503001,2.4901296],[-75.3499782,2.4905691],[-75.3506863,2.4911372],[-75.3486908,2.4937847],[-75.3485942,2.4928736],[-75.3474462,2.492477],[-75.347693,2.4911157],[-75.3470278,2.4908477],[-75.346899,2.4916302],[-75.3458047,2.4921661],[-75.3460407,2.4936668],[-75.343895,2.4937847],[-75.3436804,2.4942563],[-75.3435624,2.4961749],[-75.3443885,2.4972682],[-75.3465557,2.4986081],[-75.3479934,2.4984258],[-75.3487873,2.5026222],[-75.3496295,2.5047659],[-75.3506005,2.505543],[-75.3511262,2.5078743]]}},{"type":"Feature","id":821246418,"properties":{"name":"Río Neiva","waterway":"river","source":"OpenStreetMap"},"geometry":{"type":"LineString","coordinates":[[-75.3460407,2.5427199],[-75.3474999,2.5435398],[-75.3494203,2.5430092],[-75.3510779,2.5439632],[-75.3530949,2.5430896],[-75.3536153,2.5454155],[-75.3541732,2.5457103],[-75.3557557,2.5445741],[-75.3567964,2.5457853],[-75.3607446,2.5460747],[-75.3618121,2.5480575],[-75.3620321,2.5499868],[-75.3626436,2.5502709],[-75.363797,2.5502816],[-75.3651381,2.54899],[-75.3664953,2.5489793],[-75.3669244,2.5505549],[-75.3659481,2.5519],[-75.3656691,2.554885],[-75.3648806,2.5558068],[-75.3668493,2.5552495],[-75.3680348,2.5560372],[-75.3675789,2.558974],[-75.3645319,2.5608015],[-75.3649503,2.5627682],[-75.3671658,2.563213],[-75.3670424,2.5650244],[-75.3675199,2.5654478],[-75.3683621,2.5652655],[-75.3684157,2.5643063],[-75.3692097,2.564033],[-75.3696656,2.56563],[-75.3721601,2.5674145],[-75.3736568,2.5677843],[-75.3739357,2.5686257],[-75.3768915,2.5690383],[-75.3768379,2.5697189],[-75.3758884,2.5704424],[-75.3741181,2.5710908],[-75.3717309,2.5742044],[-75.3707278,2.5766642],[-75.3709853,2.579767],[-75.3691292,2.5811121],[-75.3675091,2.5837702],[-75.3672087,2.5868248],[-75.3676218,2.5899973],[-75.3669512,2.5924838],[-75.3675145,2.5933734],[-75.3670692,2.5942523],[-75.365535,2.5958492],[-75.3626168,2.5974355],[-75.3615332,2.6003186],[-75.3593338,2.603775],[-75.3580892,2.6044556],[-75.3564423,2.6068296],[-75.3566676,2.6086838],[-75.3557235,2.6109666],[-75.3564638,2.6120545],[-75.3576332,2.6168828],[-75.3564799,2.6209662],[-75.3578746,2.6240314],[-75.3580034,2.6253926],[-75.3574026,2.6266251],[-75.3579712,2.6305263],[-75.3573489,2.6342989],[-75.3559864,2.6350919],[-75.3551495,2.6384894],[-75.3558147,2.6403328],[-75.3552139,2.6465489],[-75.3557611,2.6500106],[-75.3550744,2.6532365],[-75.3541088,2.6541154],[-75.3540445,2.65538],[-75.3546238,2.655873],[-75.3532934,2.6574806],[-75.3533793,2.659817],[-75.3525424,2.6612102],[-75.3531218,2.662089],[-75.3528643,2.6651113],[-75.3540015,2.6690338],[-75.3527785,2.6712844],[-75.3527355,2.6758928],[-75.3511262,2.6766215],[-75.349989,2.6812299],[-75.3501392,2.682173],[-75.3521133,2.6838234],[-75.3520489,2.6869957],[-75.3511262,2.6882174],[-75.3502465,2.6884103],[-75.3498602,2.6897178],[-75.3490019,2.6904466],[-75.3501177,2.6920327],[-75.3501177,2.6929543],[-75.3452683,2.6995774],[-75.3457618,2.7010778],[-75.3447747,2.7028997],[-75.3434444,2.7034569],[-75.342629,2.7049573],[-75.3386164,2.708451],[-75.338316,2.7102943],[-75.3371144,2.7109373],[-75.3371144,2.7130378],[-75.335784,2.7138952],[-75.3350974,2.7165101],[-75.3328228,2.7179247],[-75.3316212,2.7204538],[-75.3297759,2.7215684],[-75.3292609,2.7235403],[-75.3286601,2.7267981],[-75.3288746,2.7297559],[-75.3325654,2.7331853],[-75.3323508,2.7352429],[-75.3302479,2.7386722],[-75.3314066,2.7402582],[-75.3305054,2.7427445],[-75.3289605,2.744159],[-75.3269005,2.7479313],[-75.3280163,2.7533324],[-75.3264714,2.7580047],[-75.328188,2.7619055],[-75.3292609,2.7628057],[-75.330205,2.7627628],[-75.3330589,2.7665135],[-75.3335738,2.7706714],[-75.331471,2.7782585],[-75.3339308,2.7820735]]}},{"type":"Feature","id":821246419,"properties":{"name":"Río Neiva","waterway":"river","source":"OpenStreetMap"},"geometry":{"type":"LineString","coordinates":[[-75.1448482,2.6812888],[-75.1455993,2.6784863],[-75.1486033,2.672056],[-75.1511246,2.6710861],[-75.1519775,2.6655239],[-75.1532435,2.6648969],[-75.1530451,2.663986],[-75.154016,2.6633322],[-75.1547617,2.6638359],[-75.1556093,2.662089],[-75.1565266,2.6619122],[-75.157299,2.6596669],[-75.1594502,2.6589006],[-75.159874,2.6571805],[-75.161317,2.6566071],[-75.1616979,2.6555086],[-75.1639938,2.654753],[-75.1642567,2.6537134],[-75.1650721,2.6533598],[-75.1650238,2.6518486],[-75.1673251,2.6514842],[-75.1672339,2.6506001],[-75.1690096,2.6499249],[-75.170297,2.6470526],[-75.1726198,2.6459487],[-75.172416,2.6451663],[-75.1731134,2.644877],[-75.1740199,2.6430014],[-75.1740307,2.6410294],[-75.1752913,2.6390896],[-75.1804626,2.6355206],[-75.1808435,2.6341702],[-75.1824099,2.6341917],[-75.1829946,2.6331574],[-75.1857626,2.6330556],[-75.1858807,2.6317374],[-75.1869375,2.6307192],[-75.1882732,2.6304352],[-75.1884341,2.6293527],[-75.1894587,2.6286775],[-75.1911914,2.6285275],[-75.1916796,2.6267912],[-75.1925701,2.6259928],[-75.194056,2.6264375],[-75.1943404,2.6258213],[-75.1956546,2.6257087],[-75.1977816,2.6244601],[-75.1985139,2.6237206],[-75.1981679,2.6227453],[-75.2000588,2.6217861],[-75.2001822,2.6204786],[-75.2025425,2.6197283],[-75.2032185,2.6189567],[-75.2064049,2.6182707],[-75.2071881,2.6170596],[-75.2066839,2.6157682],[-75.209071,2.614825],[-75.210734,2.6116472],[-75.2124775,2.6113203],[-75.2141351,2.6090053],[-75.2148324,2.6088124],[-75.2163291,2.6097395],[-75.2171445,2.6087266],[-75.2176917,2.6091982],[-75.2184802,2.6088231],[-75.2186841,2.6082658],[-75.217579,2.6076656],[-75.2177453,2.6061919],[-75.2200413,2.6045199],[-75.2222621,2.6043377],[-75.2240002,2.6018673],[-75.2248317,2.6022317],[-75.2266502,2.6008973],[-75.2269238,2.6015993],[-75.2280718,2.601176],[-75.2288175,2.5993164],[-75.2302176,2.5996969],[-75.2306736,2.5977409],[-75.2315587,2.597398],[-75.2316177,2.5957956],[-75.2330715,2.5946863],[-75.2345735,2.5959243],[-75.2339727,2.5964173],[-75.2351797,2.5964494],[-75.2353084,2.595024],[-75.2359361,2.5947935],[-75.2356571,2.5942094],[-75.2369607,2.5934377],[-75.2375883,2.5936628],[-75.2380765,2.5922159],[-75.2405092,2.5901554],[-75.2404073,2.58944],[-75.2438888,2.5867551],[-75.2442831,2.5860906],[-75.2439559,2.5849545],[-75.2457261,2.5854851],[-75.2464664,2.5841132],[-75.2471316,2.5838934],[-75.247035,2.5824465],[-75.2480328,2.5828109],[-75.2504897,2.5793276],[-75.2519274,2.5800671],[-75.2534938,2.5800564],[-75.2531183,2.5787703],[-75.25388,2.5780093],[-75.2550709,2.5779557],[-75.2549851,2.5770983],[-75.2566803,2.5754691],[-75.2572596,2.5758978],[-75.2578497,2.574751],[-75.2586544,2.575019],[-75.2588475,2.5724574],[-75.2592874,2.5721465],[-75.260843,2.5726074],[-75.2626991,2.5709783],[-75.2640939,2.5711176],[-75.2650273,2.5688775],[-75.266068,2.5696707],[-75.2670658,2.5679558],[-75.2680206,2.5682773],[-75.2686295,2.5666401],[-75.2705258,2.5658711],[-75.2699411,2.564676],[-75.2717301,2.5633604],[-75.2724141,2.561616],[-75.2738974,2.5604531],[-75.2745169,2.5602655],[-75.2768183,2.5618411],[-75.2792484,2.5607559],[-75.2791303,2.55884],[-75.2799913,2.5583725],[-75.2806149,2.5589512],[-75.2845591,2.5576718],[-75.2853584,2.5552816],[-75.2874452,2.5554049],[-75.2876705,2.5533791],[-75.2911413,2.5528486],[-75.293743,2.5510962],[-75.2950251,2.5513266],[-75.2948588,2.5488561],[-75.296275,2.5483684],[-75.2973855,2.5489793],[-75.2997619,2.5451368],[-75.303576,2.5445741],[-75.3046703,2.5429396],[-75.3066015,2.5432183],[-75.3075993,2.542125],[-75.3107,2.5431968],[-75.3132641,2.5423501],[-75.3132641,2.5403136],[-75.3164613,2.5390488],[-75.3176308,2.5394133],[-75.3189719,2.5389309],[-75.3200555,2.5378377],[-75.3227484,2.5382878],[-75.3228235,2.5392525],[-75.321182,2.5411068],[-75.3223086,2.5418678],[-75.3250444,2.5391346],[-75.326407,2.5405494],[-75.3296363,2.5397455],[-75.330087,2.5375483],[-75.3337884,2.5402064],[-75.3341854,2.539349],[-75.3349257,2.5395955],[-75.3347111,2.5424573],[-75.3356445,2.5431218],[-75.338316,2.5428538],[-75.3391528,2.5450189],[-75.3401399,2.5445795],[-75.3420603,2.5448099],[-75.3424305,2.5435612],[-75.341202,2.5427145],[-75.3431869,2.5414551],[-75.3440774,2.5416534],[-75.3437823,2.542677],[-75.3444529,2.5434273],[-75.3454828,2.543572],[-75.3460407,2.5427199]]}},{"type":"Feature","id":821246425,"properties":{"name":"Río Blanco","waterway":"river","source":"OpenStreetMap"},"geometry":{"type":"LineString","coordinates":[[-75.3326833,2.3611666],[-75.3351563,2.3617509],[-75.337742,2.3614186],[-75.3416526,2.3624798],[-75.3440666,2.3623297],[-75.344646,2.3628657],[-75.3462446,2.3627103],[-75.3487122,2.3633749],[-75.3508365,2.3662478],[-75.3532398,2.3669017],[-75.3534222,2.3674913],[-75.3549349,2.3682095],[-75.3548813,2.368992],[-75.3559327,2.3694851],[-75.3571236,2.3692493],[-75.3590763,2.3699032],[-75.3615815,2.3727761],[-75.3638721,2.3733871],[-75.3635287,2.3743143],[-75.3646714,2.3751933],[-75.3666133,2.3748825],[-75.3673589,2.372894],[-75.3688824,2.3734407],[-75.3690219,2.3744698],[-75.3708512,2.3746306],[-75.371055,2.3755256],[-75.3699338,2.3766137],[-75.3706634,2.3782163],[-75.3702933,2.3798349],[-75.3735334,2.3825523],[-75.3747296,2.3808908],[-75.3755665,2.3811481],[-75.3763551,2.3828418],[-75.3785598,2.3835439],[-75.3774226,2.3853984],[-75.3782916,2.3863578],[-75.3764623,2.3893592],[-75.3771168,2.390667],[-75.3781629,2.3905384],[-75.3789139,2.391873],[-75.3805554,2.3914067],[-75.3819555,2.3925429],[-75.3825992,2.3917015],[-75.383141,2.3919802],[-75.3833717,2.393497],[-75.3866977,2.3938561],[-75.3873682,2.3959142],[-75.389455,2.3982671],[-75.3894228,2.3992587],[-75.3908658,2.3998161],[-75.3900826,2.4004432],[-75.3910965,2.4009791],[-75.3917188,2.4023941],[-75.3930599,2.402571],[-75.3933334,2.4019707],[-75.3939396,2.402094],[-75.3937036,2.4009255],[-75.3941917,2.4009363],[-75.3947926,2.4019707],[-75.3964609,2.4023727],[-75.3966808,2.4032088],[-75.3979039,2.4038573],[-75.3994006,2.4038037],[-75.4005164,2.4056206],[-75.4021257,2.4062102],[-75.4018575,2.407325],[-75.40263,2.4099995],[-75.402292,2.4110125],[-75.4007632,2.4112805],[-75.4020613,2.4136816],[-75.4020989,2.4159541],[-75.4032093,2.4166562],[-75.4032844,2.4194003],[-75.4047382,2.4199309],[-75.4045183,2.420617],[-75.4055911,2.4213995],[-75.4057682,2.4235969],[-75.4047275,2.4247975],[-75.4029089,2.4256872],[-75.4031128,2.4277935],[-75.4022276,2.4276541],[-75.4007953,2.4296372],[-75.3996688,2.4298623],[-75.3992236,2.4315774],[-75.3997278,2.4337158],[-75.3983706,2.4357525],[-75.398832,2.4391504],[-75.396992,2.4399169],[-75.3972012,2.4410799],[-75.3962678,2.4420339],[-75.3946692,2.441573],[-75.3942078,2.443213],[-75.3926307,2.4436685],[-75.3931564,2.4450459],[-75.3924483,2.4461768],[-75.3924805,2.4490495],[-75.3909892,2.449966],[-75.3893209,2.4524153],[-75.3899485,2.4549343],[-75.3889132,2.4556578],[-75.3848952,2.4619766],[-75.3824651,2.4640025],[-75.3824222,2.4648975],[-75.380491,2.46568],[-75.381065,2.4673039],[-75.378753,2.4690511],[-75.3775299,2.4709858],[-75.377782,2.4720149],[-75.3773314,2.4729045],[-75.3752822,2.473955],[-75.3740913,2.476013],[-75.372836,2.4762327],[-75.3714252,2.4797324],[-75.3672087,2.4834197],[-75.3667849,2.4856545],[-75.3651595,2.4869086],[-75.3636682,2.4872409],[-75.3639042,2.4882485],[-75.3626972,2.4898723],[-75.3607339,2.4904779],[-75.3603369,2.4917963],[-75.3557128,2.4968341],[-75.3542966,2.5017808],[-75.3533632,2.5022899],[-75.3532451,2.503753],[-75.351314,2.5077189],[-75.3503698,2.5082387],[-75.349592,2.5096589],[-75.3461266,2.5115668],[-75.3460139,2.5139571],[-75.3425646,2.5144823],[-75.3417975,2.515388],[-75.342924,2.5165884],[-75.3429079,2.5176013],[-75.3408104,2.5192627],[-75.3377715,2.5239199],[-75.3386325,2.5256696],[-75.3400514,2.5263851],[-75.3394049,2.5279982],[-75.3384393,2.5285824],[-75.3392467,2.5291906],[-75.3378707,2.5311039],[-75.3393889,2.5310262],[-75.3398395,2.5298096],[-75.340628,2.5308145],[-75.3403491,2.5327223],[-75.3381845,2.5335637],[-75.3377795,2.5346222],[-75.338383,2.5351929],[-75.3409231,2.5353349],[-75.3417519,2.5361844],[-75.343565,2.5351822],[-75.3443241,2.5360638],[-75.3434444,2.5375376],[-75.3443831,2.5384486],[-75.3440183,2.5401046],[-75.3463787,2.5397241],[-75.3460139,2.5416695],[-75.345051,2.541715],[-75.3460407,2.5427199]]}},{"type":"Feature","id":824297959,"properties":{"name":"Quebrada Río Loro","waterway":"river","source":"OpenStreetMap"},"geometry":{"type":"LineString","coordinates":[[-75.5292463,2.2454585],[-75.5310327,2.248136],[-75.5320331,2.2486827],[-75.5329827,2.248337],[-75.5331221,2.2494171],[-75.5345786,2.2494091],[-75.5347797,2.2510654],[-75.5332375,2.2512235],[-75.5318052,2.2521857],[-75.5319473,2.252652],[-75.5337712,2.2529227],[-75.5334601,2.2547452],[-75.5322719,2.2569081]]}},{"type":"Feature","id":824297976,"properties":{"name":"Quebrada La Maja","waterway":"river","source":"OpenStreetMap"},"geometry":{"type":"LineString","coordinates":[[-75.4892385,2.1829374],[-75.4901075,2.1847358],[-75.489445,2.1862796],[-75.48985,2.1885498],[-75.4912448,2.1894933],[-75.4914352,2.1902143],[-75.4926208,2.190367],[-75.4944983,2.1919323],[-75.4978189,2.1926372],[-75.5003428,2.1913989],[-75.5046183,2.1928865],[-75.5051011,2.1924657],[-75.5087194,2.1935485],[-75.5108491,2.194567],[-75.5150977,2.1949931],[-75.517171,2.196612],[-75.5214143,2.1971132],[-75.5226696,2.1979226],[-75.5266607,2.1982175],[-75.5286938,2.1988929],[-75.5302656,2.2003938],[-75.5329505,2.200686],[-75.5336666,2.2015785],[-75.5364293,2.2016348],[-75.5371293,2.2024093],[-75.5391678,2.2025755],[-75.5404982,2.2037334],[-75.5417213,2.2040121],[-75.5438215,2.2040282],[-75.544602,2.2034171],[-75.5454093,2.2037521],[-75.5470267,2.2028837],[-75.5500415,2.2030365],[-75.5506128,2.2023075],[-75.5513665,2.2028703],[-75.5545342,2.2022994],[-75.5560684,2.2027792],[-75.5587882,2.2019162],[-75.560081,2.2023504],[-75.5615991,2.2030312],[-75.5624735,2.203921],[-75.5625594,2.204843],[-75.5639648,2.2054246],[-75.565432,2.2072873],[-75.5653811,2.2092064],[-75.5660167,2.2100319],[-75.5665398,2.2128515],[-75.5692864,2.2141219],[-75.570944,2.2159069],[-75.5725318,2.2158319],[-75.5741841,2.2176544],[-75.5742431,2.2186675],[-75.5752194,2.2186514],[-75.5767804,2.2169951],[-75.5767644,2.2158104],[-75.5778962,2.2152583],[-75.5805999,2.215789],[-75.582059,2.2154245],[-75.5830783,2.2160945],[-75.5839098,2.2156067],[-75.5848807,2.2169736],[-75.5872357,2.2172631],[-75.5879116,2.2182065],[-75.5872679,2.218839],[-75.5884266,2.2189516],[-75.5899555,2.2200666],[-75.5901003,2.2213745],[-75.5916721,2.2225377],[-75.5918384,2.2235776],[-75.592761,2.2234597],[-75.5932385,2.2252822],[-75.5959904,2.2267242],[-75.5986995,2.2264133],[-75.6005663,2.2280535],[-75.6023526,2.2276837],[-75.6035435,2.2290666],[-75.6063598,2.2292275],[-75.6082267,2.2304925],[-75.6097341,2.2306211],[-75.6100506,2.2321971],[-75.6110483,2.2324329],[-75.6117833,2.2344377],[-75.6138808,2.2365229],[-75.6149375,2.2366623],[-75.6166059,2.2352525],[-75.6183869,2.2359279],[-75.6213909,2.2359601],[-75.6237298,2.2378737],[-75.6238103,2.2404198],[-75.6252962,2.2422584],[-75.6264389,2.2429874],[-75.63021,2.243159],[-75.6325489,2.2462787],[-75.6345445,2.2472703],[-75.6356925,2.2485461],[-75.6366742,2.2481387],[-75.6381708,2.2490446],[-75.6392759,2.2489213],[-75.6398875,2.2477313],[-75.6417596,2.2462304],[-75.6428701,2.2468576],[-75.6428111,2.2478975],[-75.6435996,2.2490874],[-75.6485671,2.2515693]]}},{"type":"Feature","id":824692081,"properties":{"name":"Quebrada Sicana","waterway":"river","source":"OpenStreetMap"},"geometry":{"type":"LineString","coordinates":[[-75.875423,1.9622852],[-75.8762276,1.9617276],[-75.8798271,1.9630947],[-75.8804494,1.9643064],[-75.8785504,1.9662793],[-75.8773756,1.9664562],[-75.8776707,1.9689063],[-75.8757341,1.9707667],[-75.8758521,1.9715602],[-75.8747256,1.9732114],[-75.8753532,1.9756561],[-75.8768123,1.9767981],[-75.8753264,1.9801167],[-75.8745968,1.9834085],[-75.8750045,1.9848024],[-75.8739531,1.9870648],[-75.8748758,1.9916433],[-75.8757234,1.9933374],[-75.8756697,1.9953961],[-75.8765495,1.9967256],[-75.8761633,1.9980123],[-75.8776546,1.9991382],[-75.8774293,2.0000388],[-75.8798754,2.0002426],[-75.8800686,2.002312],[-75.8807659,2.0014863],[-75.8821607,2.0035557],[-75.88377,2.0041991],[-75.8839738,2.0060862],[-75.8851165,2.0067617],[-75.8835554,2.0075873],[-75.8871603,2.0103912],[-75.8884743,2.0130233]]}},{"type":"Feature","id":824692090,"properties":{"name":"Quebrada La Turbía","waterway":"river","source":"OpenStreetMap"},"geometry":{"type":"LineString","coordinates":[[-75.8872783,1.9481153],[-75.8871657,1.9488283],[-75.8906364,1.9530048],[-75.8955127,1.9566987],[-75.8967573,1.960398],[-75.8984417,1.9614649],[-75.8987421,1.9622423],[-75.9024757,1.9632985],[-75.9047931,1.9628535],[-75.907824,1.966735],[-75.9077114,1.9675499],[-75.9091115,1.9695175],[-75.908913,1.9735492],[-75.910517,1.9754953],[-75.9097821,1.9775433],[-75.9105974,1.9780472],[-75.9106189,1.97935],[-75.9111875,1.9800309],[-75.9103239,1.9815749],[-75.9118742,1.983446],[-75.9108174,1.984084],[-75.9117937,1.9859497],[-75.9105063,1.9861319],[-75.9099859,1.9890002],[-75.9104526,1.9923831],[-75.9091812,1.9921258],[-75.9088701,1.9925761],[-75.911327,1.9935465],[-75.9114933,1.9947849],[-75.9123945,1.9950261],[-75.9121692,1.9959215],[-75.91325,1.9971677]]}},{"type":"Feature","id":829603972,"properties":{"name":"Río Magdalena","waterway":"river","source":"OpenStreetMap"},"geometry":{"type":"LineString","coordinates":[[-75.4319557,2.7045441],[-75.4307549,2.7073821]]}},{"type":"Feature","id":829603973,"properties":{"name":"Río Magdalena","waterway":"river","source":"OpenStreetMap"},"geometry":{"type":"LineString","coordinates":[[-75.5628651,2.4498802],[-75.5642696,2.4514612]]}},{"type":"Feature","id":829603974,"properties":{"name":"Río Magdalena","waterway":"river","source":"OpenStreetMap"},"geometry":{"type":"LineString","coordinates":[[-75.6520781,2.2671542],[-75.6472153,2.2754384],[-75.640719,2.2801768],[-75.6403327,2.2821279],[-75.6444311,2.3006954],[-75.6441093,2.3063342],[-75.6464935,2.3114692],[-75.6420922,2.3142992],[-75.64044,2.316186],[-75.6405688,2.3201417],[-75.6397534,2.3231004],[-75.6377364,2.3265308],[-75.6341744,2.330047],[-75.6191969,2.3408098],[-75.6073952,2.351744],[-75.6026745,2.354231],[-75.5962372,2.3552601],[-75.5928469,2.3568895],[-75.5896283,2.3606629],[-75.5820752,2.3721972],[-75.581131,2.3754989],[-75.5810881,2.3782002],[-75.5828476,2.3886625],[-75.5827618,2.3926502],[-75.5810452,2.4036697],[-75.5804015,2.4143462],[-75.5795861,2.4169617],[-75.5771828,2.4197059],[-75.5697155,2.4245938],[-75.5653811,2.42871],[-75.5628491,2.4327404],[-75.5609608,2.4376284],[-75.5605317,2.4419589],[-75.560875,2.4452175],[-75.5628651,2.4498802]]}},{"type":"Feature","id":840363560,"properties":{"name":"Río Loro","waterway":"stream","source":"OpenStreetMap"},"geometry":{"type":"LineString","coordinates":[[-76.3129235,2.2289756],[-76.3033105,2.2162822],[-76.295929,2.2118224],[-76.2895776,2.2067621],[-76.2701798,2.1944116],[-76.2651158,2.1934682],[-76.2637425,2.1950977],[-76.2577344,2.1948404],[-76.2556744,2.1899517],[-76.2495805,2.1858348],[-76.2488938,2.1799168],[-76.2390233,2.1837764]]}},{"type":"Feature","id":840363561,"properties":{"name":"Río Loro","waterway":"river","source":"OpenStreetMap"},"geometry":{"type":"LineString","coordinates":[[-76.2390233,2.1837764],[-76.2256337,2.1851487],[-76.2217713,2.1839479],[-76.2172223,2.1861779],[-76.2132741,2.1855775],[-76.2051202,2.1826614],[-76.2012578,2.182061],[-76.1991979,2.1788876],[-76.1948205,2.1778583],[-76.1909581,2.1729695],[-76.1877824,2.1669657],[-76.1850358,2.1667941],[-76.1822034,2.1678234],[-76.1799718,2.1661937],[-76.1818601,2.1623341],[-76.1825467,2.1576168],[-76.177826,2.1557298],[-76.1667641,2.1559124]]}},{"type":"Feature","id":842057374,"properties":{"name":"Quebrada Bordones","waterway":"stream","source":"OpenStreetMap"},"geometry":{"type":"LineString","coordinates":[[-76.3068295,2.1068402],[-76.3039971,2.0944889],[-76.2973882,2.0775914],[-76.2902642,2.0721019],[-76.2828828,2.0717588],[-76.2791062,2.0694429],[-76.2742139,2.059493],[-76.2683774,2.0578632],[-76.2641502,2.05737],[-76.2623456,2.0557756]]}},{"type":"Feature","id":842057375,"properties":{"name":"Quebrada del Buey","waterway":"stream","source":"OpenStreetMap"},"geometry":{"type":"LineString","coordinates":[[-76.4267779,2.1795308],[-76.4224434,2.1673945],[-76.4165212,2.1612191],[-76.4087106,2.1585603],[-76.4097405,2.1514413],[-76.4015007,2.1461986]]}},{"type":"Feature","id":842057376,"properties":{"name":"Quebrada Mazamorras","waterway":"stream","source":"OpenStreetMap"},"geometry":{"type":"LineString","coordinates":[[-76.3727474,2.2528397],[-76.3730264,2.2485729],[-76.3760734,2.2394818],[-76.3769961,2.2376379],[-76.3798928,2.2374663],[-76.3820601,2.2307981],[-76.3870383,2.2239153],[-76.3884759,2.2204633],[-76.3880253,2.2183513],[-76.3932611,2.2155962],[-76.3945484,2.2095495],[-76.397381,2.2032457],[-76.3974881,2.1972848],[-76.3922525,2.1887294],[-76.3906862,2.1833476],[-76.3908148,2.1781799],[-76.388948,2.1711254],[-76.3923812,2.1617766],[-76.3963294,2.1579384],[-76.3982821,2.1541859],[-76.3986683,2.1516986],[-76.4009428,2.1487181],[-76.4015007,2.1461986]]}},{"type":"Feature","id":842057379,"properties":{"name":"Río Mazamorras","waterway":"river","source":"OpenStreetMap"},"geometry":{"type":"LineString","coordinates":[[-76.4015007,2.1461986],[-76.39987,2.1385758],[-76.3969088,2.1333008],[-76.3970375,2.1302559],[-76.395793,2.129827],[-76.3954712,2.1274898],[-76.3912654,2.1239302],[-76.3907075,2.119706],[-76.388991,2.1185267],[-76.3860727,2.1146241],[-76.3827897,2.1135305],[-76.3812447,2.1045243],[-76.3863088,2.1007503],[-76.3848496,2.0935454],[-76.3774038,2.0852467],[-76.3795281,2.0829737],[-76.3794208,2.0820088],[-76.3775487,2.0803253]]}},{"type":"Feature","id":842057389,"properties":{"name":"Quebrada Ovejera","waterway":"stream","source":"OpenStreetMap"},"geometry":{"type":"LineString","coordinates":[[-76.6153908,1.9617062],[-76.6113568,1.9647943],[-76.606679,1.9671104],[-76.6035462,1.9671104],[-76.5999413,1.9714851],[-76.5986538,1.9758599],[-76.596551,1.977361],[-76.5903283,1.9728147],[-76.5876246,1.9723858],[-76.5816593,1.9752594],[-76.5794063,1.9753023],[-76.5761233,1.9729005],[-76.5725184,1.9731364],[-76.5713167,1.9739513],[-76.5686131,1.9718711],[-76.5686131,1.9701341],[-76.5671754,1.9690618],[-76.5652657,1.968011],[-76.5631199,1.9680754],[-76.5597081,1.9668959],[-76.5576053,1.9672819],[-76.5567041,1.9687187],[-76.5526271,1.9694264],[-76.5520907,1.9707345],[-76.550889,1.9710991],[-76.5464902,1.9702413],[-76.5443015,1.9686329],[-76.5436149,1.9670031],[-76.5413618,1.9669388],[-76.5408683,1.9655663],[-76.5394521,1.9648372],[-76.5375853,1.9651588],[-76.5322209,1.9626498],[-76.5303111,1.9639365],[-76.5279722,1.9640866],[-76.5251398,1.9628857],[-76.5236378,1.9632073],[-76.5215564,1.9646442],[-76.5204191,1.9641938],[-76.5196252,1.9650087],[-76.5167284,1.963722],[-76.5155697,1.9619206],[-76.5162564,1.9606125],[-76.5160418,1.9593687],[-76.5167284,1.9592185],[-76.5173507,1.9599906],[-76.5195394,1.9581463],[-76.5186811,1.9557659],[-76.5175009,1.9545864],[-76.5173722,1.9519057],[-76.5165782,1.951198],[-76.5156341,1.9518628],[-76.5150333,1.9502973],[-76.5129519,1.9492036],[-76.5120721,1.9499328],[-76.510672,1.9498684],[-76.5099693,1.9503831]]}},{"type":"Feature","id":842057401,"properties":{"name":"Quebrada Cuchiguaico","waterway":"stream","source":"OpenStreetMap"},"geometry":{"type":"LineString","coordinates":[[-76.5667033,1.9259675],[-76.5614462,1.9354143],[-76.5567255,1.9387598],[-76.5544939,1.9460726]]}},{"type":"Feature","id":842057412,"properties":{"name":"Río Naranjos","waterway":"river","source":"OpenStreetMap"},"geometry":{"type":"LineString","coordinates":[[-76.26998,1.8711437],[-76.2683627,1.871796],[-76.2677551,1.8700474],[-76.2662316,1.8709696],[-76.2648487,1.8698918],[-76.2623263,1.8696613],[-76.2585871,1.8683805]]}},{"type":"Feature","id":842057413,"properties":{"name":"Río Guachicos","waterway":"river","source":"OpenStreetMap"},"geometry":{"type":"LineString","coordinates":[[-76.2549663,1.7890538],[-76.2539685,1.7905765],[-76.2540865,1.7913593],[-76.2530995,1.7911341],[-76.2530887,1.7919384],[-76.2543225,1.7931287],[-76.2551916,1.7961742],[-76.2526703,1.7987586],[-76.2530244,1.7993162],[-76.2526381,1.8006138],[-76.2519193,1.8010963],[-76.2523592,1.8014502],[-76.2511253,1.802469],[-76.2514901,1.8039702],[-76.2508571,1.8056109],[-76.2496662,1.8059434],[-76.2496662,1.8072302],[-76.2473649,1.808458],[-76.2471074,1.8100022],[-76.246056,1.8098735],[-76.2460345,1.8114767],[-76.2446666,1.8121576],[-76.2445593,1.8133372],[-76.2422794,1.8156106],[-76.242317,1.8163022],[-76.2364215,1.8208329],[-76.236459,1.8216532],[-76.2353057,1.8220554],[-76.2349194,1.8229454],[-76.2323231,1.8224575],[-76.2315023,1.8237657],[-76.229319,1.8241893],[-76.2286431,1.8262214],[-76.2279564,1.8264359],[-76.2266207,1.82872],[-76.2276828,1.8310845],[-76.2265241,1.8336849],[-76.2270606,1.8343926],[-76.2260842,1.8355722],[-76.2268996,1.8362263],[-76.2270928,1.8389179],[-76.2277365,1.8390894],[-76.2272,1.8403762],[-76.2276828,1.8420705],[-76.226567,1.8481935],[-76.2248719,1.8493516],[-76.2214601,1.850113],[-76.21822,1.8502309],[-76.2159991,1.8492229],[-76.2134993,1.8491425],[-76.2133598,1.8487082],[-76.2123513,1.8496197],[-76.2113911,1.8490353],[-76.2103343,1.849936],[-76.2093687,1.849609],[-76.2090308,1.8502952],[-76.2082958,1.8497001],[-76.2075126,1.8505204],[-76.2057906,1.8502792],[-76.2046427,1.8516196],[-76.2046319,1.8523595],[-76.2035644,1.8523648],[-76.2025103,1.8541771],[-76.2009949,1.8549277],[-76.2016118,1.8563003],[-76.2005925,1.8570723],[-76.2008607,1.8578873],[-76.199466,1.8581929],[-76.198951,1.8590079],[-76.1979801,1.8583055],[-76.1982483,1.860611],[-76.1970627,1.8605734],[-76.1956868,1.8623857]]}},{"type":"Feature","id":842057414,"properties":{"name":"Río Granadillo","waterway":"river","source":"OpenStreetMap"},"geometry":{"type":"LineString","coordinates":[[-76.2839696,1.8282763],[-76.2835854,1.8284358],[-76.2837625,1.8295725],[-76.2817508,1.8303499],[-76.2808388,1.8299102],[-76.2798277,1.8313579],[-76.2777691,1.8321849],[-76.2758607,1.8355226],[-76.2763917,1.8370573],[-76.2749004,1.8380305],[-76.2717059,1.842033],[-76.270747,1.8424284],[-76.270566,1.8438291],[-76.2696889,1.8436924],[-76.2681145,1.8448076],[-76.2687287,1.8465823],[-76.2670925,1.8481318],[-76.265384,1.8525873],[-76.2630478,1.854413],[-76.2625542,1.8569383],[-76.2612855,1.8577559],[-76.2609637,1.8595494],[-76.2599069,1.8606458],[-76.2611648,1.8616431],[-76.2602448,1.8634044],[-76.2608188,1.8649941],[-76.2597916,1.8679242],[-76.2585871,1.8683805]]}},{"type":"Feature","id":842057450,"properties":{"name":"Quebrada Quinchana","waterway":"stream","source":"OpenStreetMap"},"geometry":{"type":"LineString","coordinates":[[-76.5718747,1.8640854],[-76.5627767,1.8632275],[-76.5571977,1.8621123],[-76.5501595,1.8549921],[-76.5395165,1.8526759],[-76.5317059,1.8491587],[-76.5254403,1.8470998],[-76.5170289,1.8453841],[-76.5077592,1.8496734],[-76.4993478,1.8514749],[-76.4948846,1.855421],[-76.4907647,1.8641711],[-76.4881897,1.8716773],[-76.4844991,1.8756663],[-76.4772035,1.879784],[-76.4699937,1.8808992],[-76.4662171,1.8827865],[-76.4604665,1.8828722],[-76.4568616,1.8857031],[-76.4560033,1.8899065],[-76.4532567,1.8924801],[-76.4524386,1.8973346]]}},{"type":"Feature","id":842057454,"properties":{"name":"Río Magdalena","waterway":"stream","source":"OpenStreetMap"},"geometry":{"type":"LineString","coordinates":[[-76.6071288,1.9353177],[-76.6053754,1.9361702],[-76.5999949,1.937221],[-76.5986216,1.939001],[-76.5986216,1.9403467],[-76.5978277,1.9416334],[-76.5959501,1.9413118],[-76.5920341,1.9420087],[-76.5893197,1.9407756],[-76.5877962,1.9392744],[-76.5847063,1.9389957],[-76.584084,1.9381057],[-76.5793526,1.9404647],[-76.5741921,1.9400894],[-76.5696216,1.9427915],[-76.5631414,1.9432847],[-76.5597511,1.9442498],[-76.5544939,1.9460726],[-76.5462971,1.9502973],[-76.5433574,1.9493323],[-76.5428424,1.9481528],[-76.5368343,1.9480241],[-76.5324569,1.9448717],[-76.5302253,1.9438209],[-76.5280795,1.9438423],[-76.527865,1.9421481],[-76.5263844,1.941226],[-76.5250111,1.9428344],[-76.5237022,1.9430917],[-76.5229297,1.9421696]]}},{"type":"Feature","id":842057458,"properties":{"name":"Río Magdalena","waterway":"river","source":"OpenStreetMap"},"geometry":{"type":"LineString","coordinates":[[-76.5229297,1.9421696],[-76.5216208,1.9424055],[-76.5216637,1.9435207],[-76.5196038,1.947681],[-76.5184451,1.9485389],[-76.5150547,1.9488391],[-76.5124369,1.9476382],[-76.510892,1.9481957],[-76.5099693,1.9503831],[-76.5090788,1.9507477],[-76.5080166,1.9501258],[-76.5052271,1.9522489],[-76.5014881,1.9536965],[-76.5006405,1.9548223],[-76.4989346,1.9539055],[-76.4980066,1.9550743],[-76.4964616,1.9557176],[-76.4936239,1.9558195],[-76.492551,1.9550046],[-76.4915264,1.9515036],[-76.4904159,1.9513213],[-76.4884955,1.9525491],[-76.4847028,1.9495521],[-76.483638,1.9509755],[-76.4812589,1.95145],[-76.4782548,1.9501633],[-76.474151,1.9508656],[-76.4736629,1.9500561],[-76.4716244,1.9497558],[-76.4672309,1.9508871],[-76.4653748,1.9503241],[-76.4641196,1.9505868],[-76.4630306,1.9497881],[-76.4604771,1.9501311],[-76.4595813,1.9497076],[-76.4576232,1.951123],[-76.4561695,1.9502973],[-76.4522428,1.9518521],[-76.4511216,1.9516162],[-76.4500685,1.9536389]]}},{"type":"Feature","id":842057459,"properties":{"name":"Río Ososhuayco","waterway":"river","source":"OpenStreetMap"},"geometry":{"type":"LineString","coordinates":[[-76.3462472,1.8980988],[-76.3465476,1.9005222],[-76.3457537,1.900994],[-76.3461614,1.9020449],[-76.3442946,1.9015945],[-76.3441658,1.9034603],[-76.3429213,1.9032458],[-76.3427067,1.9041466],[-76.3413549,1.904361],[-76.342578,1.9055405],[-76.3421703,1.9060767],[-76.3411832,1.9050902],[-76.3405395,1.9065485],[-76.3392949,1.906527],[-76.3376427,1.905562],[-76.336999,1.9062482],[-76.3363767,1.9092721],[-76.3338876,1.9101299],[-76.3330078,1.9123388],[-76.3322139,1.9115454],[-76.3298106,1.9125319],[-76.3282871,1.9119099],[-76.3253904,1.914655],[-76.3240385,1.9143762],[-76.3223648,1.915427],[-76.3195324,1.9152769],[-76.3193393,1.9168853],[-76.3208842,1.9170462],[-76.3210452,1.9191478]]}},{"type":"Feature","id":885689597,"properties":{"name":"Quebrada Símbola","waterway":"stream","source":"OpenStreetMap"},"geometry":{"type":"LineString","coordinates":[[-75.9762195,2.9231655],[-75.9733129,2.918429],[-75.9735588,2.9175134]]}},{"type":"Feature","id":972985708,"properties":{"name":"Quebrada La Tórtola","waterway":"stream","source":"OpenStreetMap"},"geometry":{"type":"LineString","coordinates":[[-75.2570833,2.9236164],[-75.2604093,2.9225235],[-75.2608384,2.9199519],[-75.2621151,2.919384],[-75.2633061,2.9174446],[-75.2650656,2.9160303],[-75.2669109,2.9146373],[-75.2675549,2.914704]]}},{"type":"Feature","id":972985709,"properties":{"name":"Quebrada La Tórtola","waterway":"stream","source":"OpenStreetMap"},"geometry":{"type":"LineString","coordinates":[[-75.245582,2.9273023],[-75.2461399,2.9274952],[-75.2481569,2.9258665],[-75.2495946,2.9271523],[-75.2544655,2.9238736],[-75.2570833,2.9236164]]}},{"type":"Feature","id":972986979,"properties":{"name":"Río del Oro","waterway":"river","source":"OpenStreetMap"},"geometry":{"type":"LineString","coordinates":[[-75.2906539,2.9201206],[-75.2923935,2.920839]]}},{"type":"Feature","id":972986981,"properties":{"name":"Río Loro","waterway":"river","source":"OpenStreetMap"},"geometry":{"type":"LineString","coordinates":[[-75.2675549,2.914704],[-75.2680799,2.9160813],[-75.2710998,2.9179626],[-75.2756303,2.9186009],[-75.2815807,2.9205095],[-75.2844611,2.920779],[-75.2885884,2.9195133],[-75.2906539,2.9201206]]}},{"type":"Feature","id":972986985,"properties":{"name":"Río Magdalena","waterway":"river","source":"OpenStreetMap"},"geometry":{"type":"LineString","coordinates":[[-75.2900001,2.869549],[-75.2894139,2.8773687],[-75.2902293,2.8852873],[-75.2930188,2.8925843],[-75.2927721,2.8945345],[-75.2890893,2.9015055],[-75.29057,2.9073182],[-75.2897894,2.9121715],[-75.2902641,2.9168844],[-75.2925844,2.921347],[-75.296268,2.92559],[-75.2976796,2.930099],[-75.3012384,2.9317252],[-75.3049691,2.9356947],[-75.308851,2.9380588],[-75.3092532,2.9399734],[-75.3078963,2.9513599],[-75.3063864,2.9550707],[-75.305183,2.9566691],[-75.3019221,2.9589858],[-75.3007197,2.9616011],[-75.3007271,2.9708605],[-75.2980806,2.9775736]]}},{"type":"Feature","id":973500870,"properties":{"name":"Río Riecito","waterway":"stream","source":"OpenStreetMap"},"geometry":{"type":"LineString","coordinates":[[-76.0849611,1.6953445],[-76.0822803,1.6937024],[-76.0804778,1.6939973],[-76.0804264,1.6947189],[-76.078198,1.6962299]]}},{"type":"Feature","id":976730500,"properties":{"name":"Quebrada Palermo-Neiva Municiple Boundary","waterway":"stream","source":"OpenStreetMap"},"geometry":{"type":"LineString","coordinates":[[-75.2358856,3.0581511],[-75.2346836,3.0582319],[-75.2327728,3.0609129]]}},{"type":"Feature","id":976730501,"properties":{"name":"Quebrada Palermo-Neiva Municiple Boundary","waterway":"stream","source":"OpenStreetMap"},"geometry":{"type":"LineString","coordinates":[[-75.2327728,3.0609129],[-75.2330991,3.0635589],[-75.2321484,3.0651997],[-75.2327414,3.0657425],[-75.2341032,3.0653875],[-75.2349093,3.0657827],[-75.2353089,3.0693954]]}},{"type":"Feature","id":976730502,"properties":{"name":"Río Magdalena","waterway":"river","source":"OpenStreetMap"},"geometry":{"type":"LineString","coordinates":[[-75.2600598,3.1820164],[-75.2572382,3.1846945],[-75.2557254,3.1876296],[-75.2530861,3.1905648],[-75.2459085,3.1932749],[-75.2441383,3.1971206],[-75.240587,3.1968956],[-75.234324,3.1975598]]}},{"type":"Feature","id":976730503,"properties":{"name":"Río Magdalena","waterway":"river","source":"OpenStreetMap"},"geometry":{"type":"LineString","coordinates":[[-75.2696558,3.128146],[-75.2713466,3.1319673],[-75.2721719,3.1381653],[-75.2719903,3.1391342],[-75.2711201,3.1398265],[-75.2680389,3.1412829]]}},{"type":"Feature","id":976730505,"properties":{"name":"Río Magdalena","waterway":"river","source":"OpenStreetMap"},"geometry":{"type":"LineString","coordinates":[[-75.2403237,3.0751874],[-75.2427864,3.0761092],[-75.2478504,3.0760235],[-75.2494598,3.0765164],[-75.254513,3.0843371],[-75.258193,3.087219],[-75.2604675,3.0899508],[-75.2615833,3.092672],[-75.2626348,3.1004926],[-75.2622807,3.1078739],[-75.2639115,3.1094166],[-75.267334,3.1095237],[-75.2682889,3.1101023],[-75.2694794,3.1122294],[-75.2691364,3.1162515],[-75.2675915,3.119144],[-75.2672589,3.121458],[-75.2678544,3.1252338],[-75.2696558,3.128146]]}},{"type":"Feature","id":976730506,"properties":{"name":"Río Magdalena","waterway":"river","source":"OpenStreetMap"},"geometry":{"type":"LineString","coordinates":[[-75.2680389,3.1412829],[-75.2674663,3.1432887],[-75.2684713,3.1464081],[-75.2747476,3.1523536],[-75.2750373,3.154464],[-75.2736862,3.1587485],[-75.2741147,3.1637196],[-75.2736962,3.1653479],[-75.2645874,3.1798204],[-75.2624524,3.1813201],[-75.2600598,3.1820164]]}},{"type":"Feature","id":976730510,"properties":{"name":"Río Magdalena","waterway":"river","source":"OpenStreetMap"},"geometry":{"type":"LineString","coordinates":[[-75.175932,3.3768295],[-75.1741945,3.3784217],[-75.1717079,3.3858508],[-75.1740682,3.393487],[-75.1748775,3.402181],[-75.1740941,3.4063572],[-75.1715469,3.4132897],[-75.1692939,3.414532],[-75.166086,3.414125],[-75.1610487,3.4121807],[-75.1586939,3.4123944],[-75.1571381,3.4133004],[-75.1537812,3.4186042],[-75.1526045,3.4222962],[-75.1531278,3.430704],[-75.1509905,3.4341736],[-75.148496,3.435539],[-75.1465359,3.4359279],[-75.1430848,3.4353731],[-75.1382273,3.4322192],[-75.1342764,3.431958],[-75.1310059,3.4301791],[-75.123148,3.431054],[-75.1214137,3.4330995]]}},{"type":"Feature","id":977001544,"properties":{"name":"Río Venado","waterway":"river","source":"OpenStreetMap"},"geometry":{"type":"LineString","coordinates":[[-74.8553574,3.1561378],[-74.8551241,3.1576885],[-74.853842,3.1575626],[-74.853386,3.1585589],[-74.8517284,3.1591373],[-74.8511343,3.1599274],[-74.8508728,3.1616012],[-74.8516104,3.1632616],[-74.8489603,3.1643865],[-74.849419,3.1656746],[-74.8481771,3.167702],[-74.8487002,3.168883],[-74.8474449,3.1708166],[-74.847697,3.1728038],[-74.8465759,3.1741107],[-74.8466563,3.1748552],[-74.8451811,3.1760389],[-74.8451275,3.1770833],[-74.8442155,3.1778225],[-74.844017,3.1787598],[-74.8441351,3.1816039],[-74.8454361,3.1834962]]}},{"type":"Feature","id":977001548,"properties":{"name":"Río Venado","waterway":"river","source":"OpenStreetMap"},"geometry":{"type":"LineString","coordinates":[[-74.8454361,3.1834962],[-74.8491669,3.1875118],[-74.8509559,3.1865557],[-74.8519483,3.1869681],[-74.8517525,3.1879965],[-74.8526645,3.18914],[-74.8526189,3.1909584],[-74.8552716,3.1943783],[-74.8553467,3.1985667],[-74.8581684,3.2013198],[-74.8577503,3.2055001],[-74.8591065,3.2074644],[-74.8575276,3.2094228],[-74.8602927,3.2120639],[-74.8610747,3.2131719],[-74.8610812,3.2143134],[-74.8619181,3.2145919],[-74.8624384,3.2164076],[-74.8635328,3.2172539],[-74.8636454,3.2191124],[-74.8628086,3.2205746],[-74.8642033,3.2220207],[-74.8647022,3.223606],[-74.8672825,3.2244844],[-74.867819,3.226637]]}},{"type":"Feature","id":977001549,"properties":{"name":"Río Cabrera","waterway":"river","source":"OpenStreetMap"},"geometry":{"type":"LineString","coordinates":[[-74.9094177,3.2905513],[-74.9125125,3.2899401],[-74.9161687,3.2911292],[-74.9188185,3.2891123],[-74.9201596,3.2860917],[-74.9215329,3.285524],[-74.9271226,3.285749],[-74.9287342,3.2869796],[-74.9299443,3.2871307],[-74.9322081,3.2852241],[-74.9351907,3.2863488],[-74.9370146,3.2858347],[-74.9426901,3.2830926],[-74.9444604,3.2800506],[-74.9452543,3.280072],[-74.9462628,3.2812288],[-74.9492991,3.2809718],[-74.9524963,3.2799006],[-74.9549639,3.2809825],[-74.9585796,3.2787974],[-74.9601245,3.2794936],[-74.9609077,3.280961],[-74.9634934,3.2826641],[-74.9651671,3.2820964],[-74.9687505,3.2834139],[-74.9708641,3.2827177],[-74.9728382,3.2837888],[-74.9748767,3.2832104],[-74.9773336,3.2851813],[-74.9796143,3.2857622],[-74.9825245,3.2851745],[-74.9844897,3.2834568],[-74.9897254,3.2834996],[-74.9924076,3.2798042],[-74.9930314,3.2780786],[-75.0042415,3.2751555],[-75.0050354,3.2758518],[-75.0047365,3.2776243],[-75.0055504,3.2800292],[-75.0073099,3.2800934],[-75.0088441,3.2811753]]}},{"type":"Feature","id":977001551,"properties":{"name":"Río Venadito","waterway":"river","source":"OpenStreetMap"},"geometry":{"type":"LineString","coordinates":[[-74.7960338,3.1593634],[-74.7967101,3.1626502],[-74.7993129,3.1640388],[-74.7994277,3.1652363],[-74.8011756,3.1669561],[-74.8025408,3.1699498],[-74.8045695,3.1708543],[-74.8051692,3.1729818],[-74.8075423,3.1737334],[-74.8100047,3.1757079],[-74.8104385,3.1767653],[-74.8138834,3.1783195],[-74.814432,3.179466],[-74.8166393,3.17981],[-74.8198928,3.183568],[-74.8246193,3.1861406],[-74.8250914,3.1885509],[-74.8261321,3.1895364],[-74.8250377,3.190929],[-74.8262608,3.192268],[-74.8276556,3.1924822],[-74.8281705,3.1938855],[-74.8277199,3.1947746],[-74.8260033,3.1948925],[-74.8268938,3.1959316],[-74.8267222,3.1970028],[-74.8255098,3.1971206],[-74.8251879,3.1982561],[-74.8257136,3.1993809],[-74.8254347,3.2006342],[-74.8272656,3.2025249]]}},{"type":"Feature","id":977001552,"properties":{"name":"Río Cabrera","waterway":"river","source":"OpenStreetMap"},"geometry":{"type":"LineString","coordinates":[[-74.7268629,3.5614245],[-74.7271532,3.5600026],[-74.7266115,3.5581595],[-74.7285774,3.5538158],[-74.7283201,3.5518625],[-74.7313833,3.5482344],[-74.7329307,3.5473455],[-74.7327514,3.5449136],[-74.7362174,3.5402071],[-74.7366321,3.5387467],[-74.7374768,3.538235],[-74.7377448,3.5365213],[-74.7389233,3.5351593],[-74.7412992,3.5335317],[-74.7426697,3.5334147],[-74.7432804,3.5313908],[-74.7445527,3.5303419],[-74.7459126,3.5302121],[-74.7465535,3.5283107],[-74.7478807,3.5276209],[-74.7491297,3.5282412],[-74.7519829,3.5283767],[-74.753234,3.5312308],[-74.7576499,3.5322895],[-74.7689581,3.5302442],[-74.7696626,3.5289672],[-74.7726662,3.5265664],[-74.773245,3.5244118],[-74.7749056,3.5230527],[-74.775213,3.5208207],[-74.7744849,3.5185635],[-74.7759318,3.5182721],[-74.7774232,3.5116434],[-74.7781476,3.5107839],[-74.7801161,3.5105725],[-74.7806054,3.5096538],[-74.7789069,3.5067836],[-74.7800517,3.5050254],[-74.7793045,3.5033601],[-74.7799251,3.5024383],[-74.7805086,3.4987724],[-74.7819293,3.4979912],[-74.7821546,3.4946057],[-74.7829163,3.4931814],[-74.7804408,3.4887024],[-74.7808355,3.4864061],[-74.779361,3.4836694],[-74.7807813,3.478403],[-74.779011,3.4753724],[-74.7772961,3.4748253],[-74.7773824,3.4729925],[-74.7751681,3.471795],[-74.7753871,3.4698411],[-74.7741329,3.4685077],[-74.7727561,3.465445],[-74.7707614,3.4635282],[-74.7656367,3.4611375],[-74.7643134,3.4595561],[-74.7651816,3.4564385],[-74.7629821,3.4558923],[-74.761287,3.4541681],[-74.7617101,3.4521814],[-74.7613213,3.4506386],[-74.7616332,3.4500326],[-74.7629487,3.4497226],[-74.7648597,3.4469928],[-74.7640228,3.4413489],[-74.7644627,3.4404386],[-74.7649241,3.4397532],[-74.7674346,3.4397104],[-74.7686362,3.4372365],[-74.7704914,3.4375211],[-74.7758567,3.4367331],[-74.7768438,3.4335738],[-74.7780099,3.4331425],[-74.7792363,3.4316354],[-74.78356,3.4301789],[-74.7870469,3.4276407],[-74.7865319,3.4258522],[-74.7867786,3.4245993],[-74.7875083,3.4239459],[-74.7931838,3.4219003],[-74.7941037,3.4191864],[-74.7953832,3.4185589],[-74.7965741,3.41918],[-74.7976363,3.4190408],[-74.7987259,3.4164228],[-74.8047495,3.4133861],[-74.8082042,3.4130219],[-74.8089161,3.4118424],[-74.8114557,3.4102849]]}},{"type":"Feature","id":977003253,"properties":{"name":"Río Cabrera","waterway":"river","source":"OpenStreetMap"},"geometry":{"type":"LineString","coordinates":[[-74.8158646,3.3939422],[-74.8183215,3.3933906],[-74.8198778,3.3920747],[-74.8209869,3.3899998],[-74.8243371,3.3881492],[-74.8248339,3.3860542],[-74.826926,3.384603],[-74.8280847,3.3817755],[-74.8298335,3.3797138],[-74.8304935,3.3776276],[-74.8305291,3.3742162],[-74.8315287,3.3723773],[-74.8349083,3.3690036],[-74.836936,3.3659619],[-74.8399937,3.3634664],[-74.842161,3.3595571],[-74.8466992,3.3549837],[-74.8489094,3.3512351],[-74.8497033,3.3483057],[-74.8482013,3.3413707],[-74.8567683,3.3376219],[-74.8607755,3.3322291],[-74.8652494,3.332197],[-74.8649275,3.3299531],[-74.8674756,3.3273879],[-74.871602,3.3272579],[-74.8753989,3.3263221],[-74.8765951,3.3248601],[-74.8766643,3.3237776],[-74.8746389,3.3216595],[-74.8759246,3.3198421],[-74.8794222,3.3187068],[-74.8797119,3.3145081],[-74.880892,3.3137369],[-74.8831754,3.3146628],[-74.8853338,3.312141],[-74.8870847,3.3077453],[-74.8902047,3.3069462],[-74.8909879,3.3034865],[-74.8941553,3.3028184],[-74.8950404,3.3005677],[-74.898541,3.2986773],[-74.9032939,3.2925827],[-74.9049032,3.2920471],[-74.9073494,3.2901084],[-74.9094177,3.2905513]]}},{"type":"Feature","id":977004860,"properties":{"name":"Río Cabrera","waterway":"river","source":"OpenStreetMap"},"geometry":{"type":"LineString","coordinates":[[-74.8114557,3.4102849],[-74.812381,3.4080747],[-74.8169589,3.4055679],[-74.8179436,3.4027598],[-74.8179835,3.3996453],[-74.8152101,3.3976372],[-74.8151672,3.3948258],[-74.8158646,3.3939422]]}},{"type":"Feature","id":1001011463,"properties":{"name":"Quebrada El Venado","waterway":"stream","source":"OpenStreetMap"},"geometry":{"type":"LineString","coordinates":[[-75.2815339,2.9739306],[-75.2816503,2.9739932]]}},{"type":"Feature","id":1001011464,"properties":{"name":"Quebrada El Venado","waterway":"stream","source":"OpenStreetMap"},"geometry":{"type":"LineString","coordinates":[[-75.2816503,2.9739932],[-75.2803689,2.9764166]]}},{"type":"Feature","id":1001011465,"properties":{"name":"Quebrada El Venado","waterway":"stream","source":"OpenStreetMap"},"geometry":{"type":"LineString","coordinates":[[-75.2799955,2.9773356],[-75.2798928,2.9775209]]}},{"type":"Feature","id":1001011466,"properties":{"name":"Quebrada El Venado","waterway":"stream","source":"OpenStreetMap"},"geometry":{"type":"LineString","coordinates":[[-75.2803105,2.9765131],[-75.2799955,2.9773356]]}},{"type":"Feature","id":1001011467,"properties":{"name":"Quebrada El Venado","waterway":"stream","source":"OpenStreetMap"},"geometry":{"type":"LineString","coordinates":[[-75.2803689,2.9764166],[-75.2803105,2.9765131]]}},{"type":"Feature","id":1001011468,"properties":{"name":"Quebrada El Venado","waterway":"stream","source":"OpenStreetMap"},"geometry":{"type":"LineString","coordinates":[[-75.2798928,2.9775209],[-75.2797338,2.9786827],[-75.281545,2.9792129],[-75.2793739,2.9804693],[-75.2803491,2.981821],[-75.2816126,2.9857318],[-75.2825183,2.9865712]]}},{"type":"Feature","id":1001026261,"properties":{"name":"Quebrada El Venado","waterway":"stream","source":"OpenStreetMap"},"geometry":{"type":"LineString","coordinates":[[-75.2774947,2.9715792],[-75.2775666,2.9716206]]}},{"type":"Feature","id":1001026262,"properties":{"name":"Quebrada El Venado","waterway":"stream","source":"OpenStreetMap"},"geometry":{"type":"LineString","coordinates":[[-75.2775666,2.9716206],[-75.2815339,2.9739306]]}},{"type":"Feature","id":1003937726,"properties":{"name":"Quebrada Matamundo","waterway":"stream","source":"OpenStreetMap"},"geometry":{"type":"LineString","coordinates":[[-75.2734937,2.8984951],[-75.2736828,2.8985178]]}},{"type":"Feature","id":1003937727,"properties":{"name":"Quebrada Matamundo","waterway":"stream","source":"OpenStreetMap"},"geometry":{"type":"LineString","coordinates":[[-75.2736828,2.8985178],[-75.2756052,2.8990174]]}},{"type":"Feature","id":1003937728,"properties":{"name":"Quebrada Matamundo","waterway":"stream","source":"OpenStreetMap"},"geometry":{"type":"LineString","coordinates":[[-75.2756052,2.8990174],[-75.2757827,2.8990985]]}},{"type":"Feature","id":1003937729,"properties":{"name":"Quebrada Matamundo","waterway":"stream","source":"OpenStreetMap"},"geometry":{"type":"LineString","coordinates":[[-75.272624,2.8981252],[-75.2734937,2.8984951]]}},{"type":"Feature","id":1006044345,"properties":{"name":"Quebrada Matamundo","waterway":"stream","source":"OpenStreetMap"},"geometry":{"type":"LineString","coordinates":[[-75.2855448,2.9158865],[-75.2857247,2.9159596]]}},{"type":"Feature","id":1006044346,"properties":{"name":"Quebrada Matamundo","waterway":"stream","source":"OpenStreetMap"},"geometry":{"type":"LineString","coordinates":[[-75.2857247,2.9159596],[-75.2875544,2.9176226],[-75.2885843,2.9178157]]}},{"type":"Feature","id":1017479070,"properties":{"name":"Río Ambica","waterway":"river","source":"OpenStreetMap"},"geometry":{"type":"LineString","coordinates":[[-74.8109471,3.3813382],[-74.8125388,3.3821033],[-74.8155214,3.3875012],[-74.8147828,3.3898997],[-74.8158646,3.3939422]]}},{"type":"Feature","id":1020672728,"properties":{"name":"Quebrada La Chorrera","waterway":"stream","source":"OpenStreetMap"},"geometry":{"type":"LineString","coordinates":[[-76.2421508,1.9688649],[-76.241992,1.9683189],[-76.2413709,1.9687622],[-76.2411607,1.9674321],[-76.2398438,1.9672454],[-76.240068,1.9667507],[-76.2392834,1.9661673],[-76.2378544,1.9663353],[-76.2371177,1.9648807],[-76.2378419,1.964559],[-76.2377105,1.9639183],[-76.2368254,1.9644732],[-76.2358544,1.9635269],[-76.2361199,1.9627013],[-76.2341083,1.9632669],[-76.2344382,1.9623689],[-76.2340546,1.962007],[-76.2323675,1.9626799],[-76.2316058,1.9605193],[-76.2305195,1.9598732],[-76.2311793,1.9597848],[-76.2302861,1.9587635],[-76.230321,1.9574097],[-76.2293822,1.9567798],[-76.2272311,1.9568388],[-76.2260268,1.9552706],[-76.2253374,1.9551365],[-76.2244577,1.9559086],[-76.2237335,1.9556432],[-76.2219793,1.9546674],[-76.2225587,1.9532467],[-76.221644,1.9525738],[-76.2211291,1.9532494],[-76.2201957,1.9529893],[-76.2197153,1.9519486]]}},{"type":"Feature","id":1074285247,"properties":{"name":"Quebrada la Lejia","waterway":"stream","source":"OpenStreetMap"},"geometry":{"type":"LineString","coordinates":[[-74.6141519,3.4619228],[-74.6179284,3.4557542],[-74.6275415,3.446844],[-74.6287215,3.4420129],[-74.6332705,3.4391802]]}},{"type":"Feature","id":1105655793,"properties":{"name":"Quebrada de Topa","waterway":"stream","source":"OpenStreetMap"},"geometry":{"type":"LineString","coordinates":[[-76.0210733,2.4250917],[-76.020843,2.4272313],[-76.0217222,2.4329217],[-76.0209291,2.4381964],[-76.021505,2.4397719],[-76.0209671,2.4410449],[-76.0219743,2.4431788],[-76.0217777,2.4438347],[-76.0205063,2.4451665],[-76.0200886,2.4472382],[-76.0182621,2.4491172],[-76.016105,2.4509213],[-76.0138848,2.4514754],[-76.0115393,2.4550203],[-76.0098204,2.4563673],[-76.0054555,2.4584165],[-76.0054018,2.4598428]]}},{"type":"Feature","id":1105810577,"properties":{"name":"Quebrada La Cristalina","waterway":"stream","source":"OpenStreetMap"},"geometry":{"type":"LineString","coordinates":[[-76.0288153,2.4332855],[-76.0270986,2.4353007],[-76.0248123,2.4355289],[-76.0237783,2.4371403],[-76.0218471,2.4380299],[-76.0213397,2.4393865]]}},{"type":"Feature","id":1105868287,"properties":{"name":"Quebrada de Cuevas","waterway":"stream","source":"OpenStreetMap"},"geometry":{"type":"LineString","coordinates":[[-75.9931834,2.4012983],[-75.9929285,2.4024015],[-75.994471,2.405085],[-75.9948446,2.4072126],[-75.9958382,2.4078804],[-75.9967931,2.4109997],[-75.9963854,2.4124039],[-75.9974469,2.4147968],[-75.9956798,2.4167419],[-75.9941617,2.4171332],[-75.9933141,2.4180122],[-75.9923968,2.4179613]]}},{"type":"Feature","id":1108560785,"properties":{"name":"Quebrada El Trueno","waterway":"stream","source":"OpenStreetMap"},"geometry":{"type":"LineString","coordinates":[[-75.9868499,2.4862552],[-75.9873139,2.4873218],[-75.9867534,2.4880667],[-75.9870484,2.4894387],[-75.9859058,2.4919361],[-75.985938,2.4931313],[-75.9852655,2.4930823],[-75.9840302,2.494404],[-75.9840015,2.4958571],[-75.9829178,2.4961004],[-75.9815013,2.4980722],[-75.9818118,2.4989604],[-75.9801033,2.5010898],[-75.9805709,2.5021698],[-75.9795704,2.5027834],[-75.9795112,2.5036656],[-75.9777894,2.503866],[-75.9770598,2.5047985],[-75.9748966,2.5022676],[-75.9738144,2.5023761],[-75.9731411,2.5011997],[-75.9724526,2.5015926],[-75.9707752,2.5007969],[-75.9686109,2.5009237],[-75.9684553,2.4992973],[-75.966508,2.499608],[-75.9651865,2.4989183],[-75.9625312,2.4987653]]}},{"type":"Feature","id":1118659556,"properties":{"name":"Río Las Ceibas","waterway":"river","source":"OpenStreetMap"},"geometry":{"type":"LineString","coordinates":[[-75.1780432,2.9400426],[-75.1805463,2.9400601],[-75.1822497,2.9394256],[-75.1854991,2.9401562]]}},{"type":"Feature","id":1118659557,"properties":{"name":"Río Las Ceibas","waterway":"river","source":"OpenStreetMap"},"geometry":{"type":"LineString","coordinates":[[-75.1535272,2.9239624],[-75.1544077,2.9242884],[-75.1544052,2.9251178]]}},{"type":"Feature","id":1118659558,"properties":{"name":"Río Las Ceibas","waterway":"river","source":"OpenStreetMap"},"geometry":{"type":"LineString","coordinates":[[-75.1506229,2.9162141],[-75.149965,2.9197758]]}},{"type":"Feature","id":1118659559,"properties":{"name":"Río Las Ceibas","waterway":"river","source":"OpenStreetMap"},"geometry":{"type":"LineString","coordinates":[[-75.1490549,2.901124],[-75.1493337,2.9031671]]}},{"type":"Feature","id":1137976865,"properties":{"name":"Río Frío","waterway":"river","source":"OpenStreetMap"},"geometry":{"type":"LineString","coordinates":[[-75.2154582,2.7503627],[-75.2120269,2.7540193],[-75.2106724,2.7572966],[-75.2135091,2.7589876],[-75.214406,2.7609972],[-75.2182388,2.7614929],[-75.2197908,2.7632054],[-75.2201354,2.7627324],[-75.2250986,2.7634087],[-75.2288531,2.7650806],[-75.2313063,2.7696558],[-75.2343883,2.7712307]]}},{"type":"Feature","id":1141363355,"properties":{"name":"Río Frío","waterway":"river","source":"OpenStreetMap"},"geometry":{"type":"LineString","coordinates":[[-75.2107715,2.7567039],[-75.2109886,2.757386]]}},{"type":"Feature","id":1202565562,"properties":{"name":"Río Sumapaz","waterway":"river","source":"OpenStreetMap"},"geometry":{"type":"LineString","coordinates":[[-74.4424374,3.7301751],[-74.4413947,3.7318747],[-74.4433809,3.7340345],[-74.4456902,3.7352122],[-74.4480334,3.7387316],[-74.4500622,3.7441566],[-74.4509502,3.7491623],[-74.450636,3.7502917],[-74.4479493,3.7530462],[-74.4468306,3.7553617],[-74.4443791,3.7573272],[-74.4441421,3.7569176],[-74.4435998,3.7575007],[-74.4405768,3.7580939],[-74.4390558,3.7602684],[-74.4391571,3.760888],[-74.4384279,3.7607303],[-74.4384134,3.7624279],[-74.4378716,3.7618284],[-74.4334406,3.7650374],[-74.4333118,3.7662231],[-74.4342157,3.7673819],[-74.4337812,3.7691189],[-74.4345746,3.7701962],[-74.4336498,3.7717177],[-74.4341755,3.7715678],[-74.4331214,3.7742121],[-74.4325769,3.7744343],[-74.4326654,3.7756493],[-74.4336256,3.77657],[-74.4330168,3.7767654],[-74.43329,3.777847],[-74.4326474,3.7816035],[-74.4320834,3.7819134],[-74.4316012,3.7840926],[-74.4307704,3.7845971],[-74.4296171,3.7840352],[-74.4291427,3.7850268],[-74.4264353,3.7847166],[-74.4256716,3.7856708],[-74.4247103,3.7848812],[-74.4225122,3.786936],[-74.4201786,3.7904772],[-74.420059,3.792382],[-74.4184041,3.7933241],[-74.4166772,3.7934567],[-74.415341,3.7950806],[-74.4149241,3.7965536],[-74.4127296,3.7988642],[-74.4130786,3.8022494],[-74.4121738,3.8040452],[-74.4080269,3.8087471],[-74.4073043,3.8087649],[-74.4060252,3.8100597],[-74.4053108,3.8124074],[-74.4033657,3.8139221],[-74.4018726,3.8178192],[-74.399165,3.819681],[-74.3976408,3.8218657],[-74.3953266,3.8236759],[-74.3953954,3.8252438],[-74.3945485,3.8268712],[-74.3947682,3.8280664],[-74.394028,3.8295284],[-74.3936061,3.8326582],[-74.3918474,3.8368314],[-74.3922249,3.8395215],[-74.3916706,3.8407437],[-74.3906571,3.8410509],[-74.3901065,3.8456041],[-74.3890765,3.8462805],[-74.3886566,3.8485811],[-74.3893214,3.8505562],[-74.3883369,3.8524665],[-74.3870355,3.8530594],[-74.3865619,3.8547015],[-74.3856159,3.855512],[-74.3871227,3.8570774],[-74.386121,3.8575108],[-74.3845331,3.8619371],[-74.3863224,3.8621159],[-74.3865755,3.8628911],[-74.3859346,3.8648965],[-74.3839965,3.8682859],[-74.3816183,3.868652],[-74.3822212,3.869851],[-74.3813494,3.8715425],[-74.3782701,3.8738888],[-74.3778089,3.8748756],[-74.377001,3.8749338],[-74.3768229,3.8764682],[-74.3744158,3.8767787],[-74.3746748,3.8775805],[-74.3731659,3.8792461],[-74.3732761,3.8802963],[-74.3717307,3.8834659],[-74.3717833,3.8855777],[-74.37093,3.8867227],[-74.370245,3.8866213],[-74.3704018,3.8880587],[-74.3693666,3.8893911],[-74.3685795,3.8916089],[-74.3688497,3.8925305],[-74.3679437,3.8934452],[-74.3679292,3.8949843],[-74.3667305,3.8963154],[-74.3662297,3.8979034],[-74.3648859,3.8983412],[-74.364839,3.8996005],[-74.3634295,3.9015053],[-74.3635341,3.9026292],[-74.3625417,3.904307],[-74.3627434,3.9063135],[-74.3635422,3.9073978],[-74.3611845,3.908313],[-74.3604093,3.9105099],[-74.3606239,3.9112672],[-74.359234,3.9133561],[-74.3591154,3.914464],[-74.3605542,3.9169403],[-74.3604469,3.918016],[-74.3593365,3.9187974],[-74.3595006,3.9196791],[-74.358387,3.9216232],[-74.358647,3.9224683],[-74.3576198,3.9260438],[-74.3578829,3.9275509],[-74.3568345,3.9291053],[-74.3572712,3.930368],[-74.3566159,3.9309943],[-74.3566218,3.9340092],[-74.3549055,3.9373307],[-74.3546131,3.9432726],[-74.3540901,3.9440632],[-74.3563699,3.9466374],[-74.3557105,3.9483628],[-74.3563807,3.9504317],[-74.3549671,3.9517507],[-74.3549623,3.9523756],[-74.356232,3.9534965],[-74.3560627,3.9569395],[-74.3568981,3.9612823],[-74.3565416,3.9617023],[-74.3558228,3.9611778],[-74.3556082,3.9615952],[-74.3556024,3.9641625],[-74.3566127,3.9653572],[-74.3564065,3.9695604],[-74.3556361,3.9701889],[-74.358933,3.9730472],[-74.3595311,3.9748089],[-74.3616488,3.9766404],[-74.3634282,3.9804856],[-74.3656135,3.9816845],[-74.3684517,3.9818582],[-74.3702106,3.9831713],[-74.3706764,3.9843631],[-74.3726595,3.98464],[-74.3744632,3.9856543]]}},{"type":"Feature","id":1221210516,"properties":{"name":"Quebrada La Troja","waterway":"stream","source":"OpenStreetMap"},"geometry":{"type":"LineString","coordinates":[[-75.5285758,2.4060869],[-75.5296701,2.4069445],[-75.5314833,2.4073197],[-75.5319446,2.4065264],[-75.5325347,2.406848],[-75.5332267,2.4061459],[-75.5332911,2.4070463],[-75.5339027,2.4060387],[-75.5346269,2.4060173]]}},{"type":"Feature","id":1221210517,"properties":{"name":"Quebrada El Arado","waterway":"stream","source":"OpenStreetMap"},"geometry":{"type":"LineString","coordinates":[[-75.5346269,2.4060173],[-75.5359733,2.4052883],[-75.5359572,2.4043236],[-75.5369872,2.404195],[-75.5395782,2.4019171],[-75.542078,2.397029],[-75.5432528,2.3959517],[-75.5437088,2.393915],[-75.5451196,2.3937757],[-75.5465895,2.3920659],[-75.5483115,2.3917497]]}},{"type":"Feature","id":1272438351,"properties":{"name":"Quebrada Satía","waterway":"stream","source":"OpenStreetMap"},"geometry":{"type":"LineString","coordinates":[[-75.8081576,1.9740641],[-75.8061899,1.9746816],[-75.8053362,1.9758599],[-75.8016773,1.977152],[-75.7999779,1.9751773],[-75.7972134,1.974836],[-75.7970264,1.9741778],[-75.7959693,1.9739422],[-75.7945302,1.9724551],[-75.7917332,1.9718371]]}},{"type":"Feature","id":1283692264,"properties":{"name":"Quebrada Avichente","waterway":"river","source":"OpenStreetMap"},"geometry":{"type":"LineString","coordinates":[[-75.2484512,2.9432338],[-75.2486623,2.9432146]]}},{"type":"Feature","id":1283692265,"properties":{"name":"Quebrada Avichente","waterway":"river","source":"OpenStreetMap"},"geometry":{"type":"LineString","coordinates":[[-75.2483414,2.9431481],[-75.2484512,2.9432338]]}},{"type":"Feature","id":1283692266,"properties":{"name":"Quebrada Avichente","waterway":"river","source":"OpenStreetMap"},"geometry":{"type":"LineString","coordinates":[[-75.2503962,2.94393],[-75.2505501,2.9439557]]}},{"type":"Feature","id":1283692267,"properties":{"name":"Quebrada Avichente","waterway":"river","source":"OpenStreetMap"},"geometry":{"type":"LineString","coordinates":[[-75.2503261,2.9438311],[-75.2503962,2.94393]]}},{"type":"Feature","id":1283692268,"properties":{"name":"Quebrada Avichente","waterway":"river","source":"OpenStreetMap"},"geometry":{"type":"LineString","coordinates":[[-75.2505501,2.9439557],[-75.2506508,2.943954]]}},{"type":"Feature","id":1283692269,"properties":{"name":"Quebrada Avichente","waterway":"river","source":"OpenStreetMap"},"geometry":{"type":"LineString","coordinates":[[-75.2506508,2.943954],[-75.2516726,2.9440508]]}},{"type":"Feature","id":1283692270,"properties":{"name":"Quebrada Avichente","waterway":"river","source":"OpenStreetMap"},"geometry":{"type":"LineString","coordinates":[[-75.2516726,2.9440508],[-75.2517571,2.9440334]]}},{"type":"Feature","id":1283692271,"properties":{"name":"Quebrada Avichente","waterway":"river","source":"OpenStreetMap"},"geometry":{"type":"LineString","coordinates":[[-75.2517571,2.9440334],[-75.2522345,2.9440588]]}},{"type":"Feature","id":1283692272,"properties":{"name":"Quebrada Avichente","waterway":"river","source":"OpenStreetMap"},"geometry":{"type":"LineString","coordinates":[[-75.2523418,2.9440414],[-75.2526822,2.944072]]}},{"type":"Feature","id":1283692273,"properties":{"name":"Quebrada Avichente","waterway":"river","source":"OpenStreetMap"},"geometry":{"type":"LineString","coordinates":[[-75.2522345,2.9440588],[-75.2523418,2.9440414]]}},{"type":"Feature","id":1283692274,"properties":{"name":"Quebrada Avichente","waterway":"river","source":"OpenStreetMap"},"geometry":{"type":"LineString","coordinates":[[-75.2526822,2.944072],[-75.2528071,2.9440146]]}},{"type":"Feature","id":1283692275,"properties":{"name":"Quebrada Avichente","waterway":"river","source":"OpenStreetMap"},"geometry":{"type":"LineString","coordinates":[[-75.2528071,2.9440146],[-75.2535301,2.9438806]]}},{"type":"Feature","id":1283692276,"properties":{"name":"Quebrada Avichente","waterway":"river","source":"OpenStreetMap"},"geometry":{"type":"LineString","coordinates":[[-75.2535301,2.9438806],[-75.2535769,2.9438807]]}},{"type":"Feature","id":1283692277,"properties":{"name":"Quebrada Avichente","waterway":"river","source":"OpenStreetMap"},"geometry":{"type":"LineString","coordinates":[[-75.2486623,2.9432146],[-75.2503261,2.9438311]]}},{"type":"Feature","id":1291297573,"properties":{"name":"Quebrada El Pescado","waterway":"stream","source":"OpenStreetMap"},"geometry":{"type":"LineString","coordinates":[[-76.0781785,1.6962923],[-76.077797,1.6965472]]}},{"type":"Feature","id":1291297574,"properties":{"name":"Quebrada El Pescado","waterway":"stream","source":"OpenStreetMap"},"geometry":{"type":"LineString","coordinates":[[-76.0853729,1.6958043],[-76.0849611,1.6953445]]}},{"type":"Feature","id":1291297575,"properties":{"name":"Quebrada El Pescado","waterway":"stream","source":"OpenStreetMap"},"geometry":{"type":"LineString","coordinates":[[-76.077797,1.6965472],[-76.0759636,1.6966435],[-76.0750667,1.6985964],[-76.07441,1.6991425],[-76.0738745,1.6986112],[-76.0742653,1.6998805],[-76.0731829,1.7012135],[-76.0717928,1.7015256],[-76.0721388,1.7026597],[-76.071023,1.7023568],[-76.0711893,1.7033139],[-76.0700601,1.7026678]]}},{"type":"Feature","id":1291297576,"properties":{"name":"Quebrada El Pescado","waterway":"stream","source":"OpenStreetMap"},"geometry":{"type":"LineString","coordinates":[[-76.078198,1.6962299],[-76.0781785,1.6962923]]}},{"type":"Feature","id":1291297577,"properties":{"name":"Quebrada El Pescado","waterway":"stream","source":"OpenStreetMap"},"geometry":{"type":"LineString","coordinates":[[-76.0854171,1.6958593],[-76.0853729,1.6958043]]}},{"type":"Feature","id":1291297578,"properties":{"name":"Quebrada El Pescado","waterway":"stream","source":"OpenStreetMap"},"geometry":{"type":"LineString","coordinates":[[-76.0913415,1.7005349],[-76.08732,1.6962475],[-76.0854171,1.6958593]]}},{"type":"Feature","id":1291366546,"properties":{"name":"Quebrada La Chorrera","waterway":"stream","source":"OpenStreetMap"},"geometry":{"type":"LineString","coordinates":[[-76.2196563,1.9519567],[-76.218479,1.9518072],[-76.2169958,1.9507403],[-76.2167839,1.94992],[-76.2150753,1.9488048],[-76.2140377,1.9472049],[-76.215039,1.9443905],[-76.2166114,1.9426618],[-76.2159365,1.9417394],[-76.2167008,1.9398866],[-76.2163512,1.9379973],[-76.2151925,1.9362542],[-76.2155422,1.9346574],[-76.2163309,1.9348565],[-76.2168762,1.9338434]]}},{"type":"Feature","id":1291366547,"properties":{"name":"Quebrada La Chorrera","waterway":"stream","source":"OpenStreetMap"},"geometry":{"type":"LineString","coordinates":[[-76.2197153,1.9519486],[-76.2196563,1.9519567]]}},{"type":"Feature","id":1291366550,"properties":{"name":"Quebrada La Chorrera","waterway":"stream","source":"OpenStreetMap"},"geometry":{"type":"LineString","coordinates":[[-76.2039232,1.885063],[-76.2051308,1.8848559],[-76.2064827,1.8834619],[-76.2069655,1.8819232],[-76.2062386,1.8797464]]}},{"type":"Feature","id":1291366551,"properties":{"name":"Quebrada La Chorrera","waterway":"stream","source":"OpenStreetMap"},"geometry":{"type":"LineString","coordinates":[[-76.2038796,1.8850657],[-76.2039232,1.885063]]}},{"type":"Feature","id":1291366552,"properties":{"name":"Quebrada La Chorrera","waterway":"stream","source":"OpenStreetMap"},"geometry":{"type":"LineString","coordinates":[[-76.209881,1.9302995],[-76.2098522,1.930325]]}},{"type":"Feature","id":1291366553,"properties":{"name":"Quebrada La Chorrera","waterway":"stream","source":"OpenStreetMap"},"geometry":{"type":"LineString","coordinates":[[-76.2185538,1.9282001],[-76.2176327,1.9277072],[-76.2157885,1.9280836],[-76.214654,1.9271899],[-76.2136595,1.9284532],[-76.209881,1.9302995]]}},{"type":"Feature","id":1291366556,"properties":{"name":"Quebrada La Chorrera","waterway":"stream","source":"OpenStreetMap"},"geometry":{"type":"LineString","coordinates":[[-76.21695,1.9337938],[-76.2180343,1.9335969],[-76.219512,1.9301125],[-76.2186116,1.9282327]]}},{"type":"Feature","id":1291366557,"properties":{"name":"Quebrada La Chorrera","waterway":"stream","source":"OpenStreetMap"},"geometry":{"type":"LineString","coordinates":[[-76.2168762,1.9338434],[-76.21695,1.9337938]]}},{"type":"Feature","id":1291366560,"properties":{"name":"Quebrada La Chorrera","waterway":"stream","source":"OpenStreetMap"},"geometry":{"type":"LineString","coordinates":[[-76.2098522,1.930325],[-76.2084002,1.9312984],[-76.2066162,1.930079],[-76.2057751,1.9304639],[-76.2053746,1.9295186],[-76.2046105,1.929728],[-76.2036184,1.9286533],[-76.2038217,1.9274709],[-76.1994177,1.9242626],[-76.1980498,1.9216034],[-76.1967516,1.9213943],[-76.19452,1.9171641],[-76.1946166,1.916451]]}},{"type":"Feature","id":1291366561,"properties":{"name":"Quebrada La Chorrera","waterway":"stream","source":"OpenStreetMap"},"geometry":{"type":"LineString","coordinates":[[-76.2186116,1.9282327],[-76.2185538,1.9282001]]}},{"type":"Feature","id":1291366564,"properties":{"name":"Quebrada La Chorrera","waterway":"stream","source":"OpenStreetMap"},"geometry":{"type":"LineString","coordinates":[[-76.1946166,1.916451],[-76.1939836,1.9132932],[-76.1928034,1.9118027],[-76.1922777,1.9085322]]}},{"type":"Feature","id":1291366565,"properties":{"name":"Quebrada La Chorrera","waterway":"stream","source":"OpenStreetMap"},"geometry":{"type":"LineString","coordinates":[[-76.1922777,1.9085322],[-76.1929858,1.9062],[-76.1922991,1.9043825]]}},{"type":"Feature","id":1291366566,"properties":{"name":"Quebrada La Chorrera","waterway":"stream","source":"OpenStreetMap"},"geometry":{"type":"LineString","coordinates":[[-76.1922991,1.9043825],[-76.1914355,1.9030662]]}},{"type":"Feature","id":1291366567,"properties":{"name":"Quebrada La Chorrera","waterway":"stream","source":"OpenStreetMap"},"geometry":{"type":"LineString","coordinates":[[-76.1914355,1.9030662],[-76.1920899,1.8990371],[-76.1927283,1.8979648]]}},{"type":"Feature","id":1291366568,"properties":{"name":"Quebrada La Chorrera","waterway":"stream","source":"OpenStreetMap"},"geometry":{"type":"LineString","coordinates":[[-76.1927283,1.8979648],[-76.1943483,1.8961258],[-76.194402,1.895402]]}},{"type":"Feature","id":1291366569,"properties":{"name":"Quebrada La Chorrera","waterway":"stream","source":"OpenStreetMap"},"geometry":{"type":"LineString","coordinates":[[-76.194402,1.895402],[-76.1963439,1.8929679],[-76.1996055,1.8918688],[-76.1995089,1.8907214],[-76.2010109,1.8897831],[-76.200394,1.8890272]]}},{"type":"Feature","id":1291366570,"properties":{"name":"Quebrada La Chorrera","waterway":"stream","source":"OpenStreetMap"},"geometry":{"type":"LineString","coordinates":[[-76.200394,1.8890272],[-76.2004209,1.8874991],[-76.2013382,1.8876868],[-76.2016064,1.8866413],[-76.2026417,1.8863625],[-76.2030333,1.885435],[-76.2038796,1.8850657]]}},{"type":"Feature","id":1291377106,"properties":{"name":"Quebrada Las Minas","waterway":"stream","source":"OpenStreetMap"},"geometry":{"type":"LineString","coordinates":[[-76.0332334,2.0193902],[-76.031608,2.0201001],[-76.0287541,2.0191191],[-76.0286415,2.019875],[-76.0278797,2.019564],[-76.0269195,2.0202717],[-76.0262489,2.0200251],[-76.0257071,2.0218264],[-76.0247684,2.0216602],[-76.0237277,2.0229469],[-76.0228318,2.0231291],[-76.0175586,2.0215744],[-76.0154986,2.0199554],[-76.0152036,2.0173767],[-76.0143828,2.0165672],[-76.0136426,2.0140796],[-76.0134012,2.0114795],[-76.0102093,2.0063864],[-76.0083211,2.0051105],[-76.0078785,2.0032233]]}},{"type":"Feature","id":1291617750,"properties":{"name":"Zanjón La Cascajoza","waterway":"stream","source":"OpenStreetMap"},"geometry":{"type":"LineString","coordinates":[[-75.7216657,2.4871567],[-75.7193382,2.4852362],[-75.716561,2.485251],[-75.7168278,2.4838143],[-75.7150686,2.4859126],[-75.7111202,2.4857348]]}},{"type":"Feature","id":1291617751,"properties":{"name":"Quebrada Grande","waterway":"stream","source":"OpenStreetMap"},"geometry":{"type":"LineString","coordinates":[[-75.7111202,2.4857348],[-75.7092522,2.4830047],[-75.7030405,2.478507],[-75.7015284,2.4780133],[-75.6999075,2.4763298],[-75.6977381,2.4756781],[-75.6975553,2.4738859],[-75.6961321,2.4731947],[-75.6948225,2.473491],[-75.6954205,2.4711212],[-75.6946002,2.4711755],[-75.6922529,2.4731503],[-75.6901181,2.4722271],[-75.6903157,2.4715507],[-75.692159,2.4712792],[-75.6922232,2.4686872],[-75.6918081,2.4681737],[-75.6903256,2.468312],[-75.6888925,2.4697437],[-75.6874199,2.4703461],[-75.6868961,2.4678479],[-75.6862043,2.4682824],[-75.6860066,2.4695068],[-75.6855124,2.4695265],[-75.6803533,2.4626738],[-75.6806498,2.4615482],[-75.6820829,2.4615087],[-75.6827649,2.460936],[-75.6826265,2.4595239],[-75.6817765,2.4591191],[-75.6775959,2.4595832],[-75.676993,2.4593363],[-75.6765779,2.4578453],[-75.6758039,2.4574758]]}},{"type":"Feature","id":1291630622,"properties":{"name":"Río Palestina","waterway":"river","source":"OpenStreetMap"},"geometry":{"type":"LineString","coordinates":[[-75.0835752,2.8957927],[-75.0881715,2.898746],[-75.0882364,2.9009131],[-75.0899148,2.9022513],[-75.0898407,2.9040758],[-75.0867481,2.9102484],[-75.0871375,2.9112393],[-75.0886723,2.911105],[-75.088561,2.9124016],[-75.089224,2.9138741],[-75.0889226,2.9146104]]}},{"type":"Feature","id":1291630623,"properties":{"name":"Río San Antonio","waterway":"river","source":"OpenStreetMap"},"geometry":{"type":"LineString","coordinates":[[-75.0889226,2.9146104],[-75.0902348,2.916069],[-75.0900864,2.9177221],[-75.0920894,2.9182824],[-75.0925716,2.9193984],[-75.0946024,2.9207737],[-75.0945143,2.9216071],[-75.0955112,2.9217646],[-75.0955065,2.9227879],[-75.1006335,2.9240383],[-75.102185,2.9253857],[-75.1033223,2.9295457],[-75.1046795,2.92946],[-75.1047278,2.9298886],[-75.1035851,2.930435],[-75.1030004,2.9320208],[-75.1014555,2.9327119],[-75.102405,2.9339173],[-75.1022011,2.9350692],[-75.1032043,2.9351013],[-75.1044434,2.9364674],[-75.1038373,2.937405],[-75.1042986,2.9380639],[-75.103966,2.9392586],[-75.105055,2.940014],[-75.104261,2.9407105],[-75.1037407,2.9434052],[-75.1042503,2.9447821],[-75.1038319,2.9455374],[-75.1052105,2.9478947],[-75.1027,2.9489929]]}},{"type":"Feature","id":1291630624,"properties":{"name":"Río Fortalecillas","waterway":"river","source":"OpenStreetMap"},"geometry":{"type":"LineString","coordinates":[[-75.1027,2.9489929],[-75.1027376,2.9501179],[-75.1037461,2.9510823],[-75.1052052,2.9556092],[-75.1066965,2.9575324],[-75.1077318,2.9579021],[-75.108043,2.9594557],[-75.1115459,2.9617111],[-75.1103067,2.9618772],[-75.1092768,2.9629058],[-75.1088744,2.9639344],[-75.109545,2.9650219],[-75.1091534,2.9677594],[-75.1112026,2.9719113],[-75.1109934,2.9733202],[-75.1118195,2.9769417],[-75.1113206,2.9783131],[-75.1132894,2.9814631],[-75.1133538,2.9840774],[-75.1141477,2.9852774],[-75.1129675,2.9866917],[-75.1129675,2.989156],[-75.1121307,2.9910845],[-75.1146841,2.9922417],[-75.1139331,2.9935488],[-75.1149845,2.9952202],[-75.1154673,2.998188],[-75.1189649,2.9973523],[-75.1202202,3.0001916],[-75.1212502,3.0002237],[-75.1235676,2.9988845],[-75.1249409,2.999988],[-75.1267648,3.0000523],[-75.1277197,3.0018308],[-75.129447,3.000963],[-75.1306594,3.0017987]]}},{"type":"Feature","id":1291970871,"properties":{"name":"Río Tune","waterway":"river","source":"OpenStreetMap"},"geometry":{"type":"LineString","coordinates":[[-75.526806,2.800862],[-75.5255664,2.8009231],[-75.5250299,2.8017054],[-75.520277,2.8036236],[-75.5210924,2.8089708],[-75.5206633,2.8141574],[-75.5214358,2.8174793],[-75.5205989,2.8199225],[-75.5173588,2.821487],[-75.5181957,2.8250018],[-75.5178094,2.8270592],[-75.5202127,2.8314955],[-75.5227447,2.8321814],[-75.5240321,2.8331672],[-75.5234099,2.8363605],[-75.5229807,2.8367462],[-75.5214143,2.8363605],[-75.5201483,2.8376249],[-75.5187321,2.8379035],[-75.51826,2.8392751],[-75.5163074,2.8399824],[-75.5149985,2.842747],[-75.5155564,2.8458117],[-75.5096126,2.8479977],[-75.5084753,2.8489192],[-75.508647,2.853484],[-75.5054069,2.8535483],[-75.5024457,2.8553914],[-75.5011368,2.8590561],[-75.4991412,2.8603419],[-75.4988929,2.8635597]]}},{"type":"Feature","id":1291971803,"properties":{"name":"Río Negro de Narváez","waterway":"river","source":"OpenStreetMap"},"geometry":{"type":"LineString","coordinates":[[-75.7474976,2.7191143],[-75.7480502,2.7180747],[-75.7490051,2.7182354],[-75.7510114,2.717078],[-75.7543852,2.7126941]]}},{"type":"Feature","id":1291971804,"properties":{"name":"Río Negro","waterway":"river","source":"OpenStreetMap"},"geometry":{"type":"LineString","coordinates":[[-75.7286098,2.7437513],[-75.7288671,2.7406011],[-75.7275582,2.7400439],[-75.7274723,2.739208],[-75.7280946,2.7370004],[-75.7290602,2.7367003],[-75.728674,2.7347927],[-75.7299185,2.7339568],[-75.730176,2.7325637],[-75.7316995,2.7321779],[-75.7315278,2.7303561],[-75.7324934,2.7302918],[-75.7346821,2.7280413],[-75.7355404,2.7295202],[-75.7378793,2.7297131],[-75.7386518,2.7277412],[-75.7386518,2.7258229],[-75.7474976,2.7191143]]}},{"type":"Feature","id":1291972532,"properties":{"name":"Baché","waterway":"river","source":"OpenStreetMap"},"geometry":{"type":"LineString","coordinates":[[-75.7537539,2.9413126],[-75.7530069,2.9410962],[-75.7516781,2.9423695],[-75.7485116,2.9394756],[-75.7471597,2.9393256],[-75.7461002,2.9395961],[-75.7461673,2.9406435],[-75.7450944,2.9414016],[-75.74444,2.9405872],[-75.7433529,2.9413884],[-75.7423049,2.9413105],[-75.7417041,2.9427623],[-75.740988,2.9429766],[-75.7406098,2.9405283],[-75.739207,2.9405578],[-75.7390058,2.9399658],[-75.7367018,2.9395961],[-75.7340418,2.9402727],[-75.728129,2.9393202],[-75.7265925,2.933628],[-75.7252675,2.9321012],[-75.7237601,2.9288171],[-75.7227972,2.9287206],[-75.7218906,2.926792],[-75.7209532,2.9270568],[-75.7201472,2.9282027],[-75.7185919,2.9282387],[-75.7179054,2.9292255],[-75.7105048,2.929415],[-75.707804,2.929271],[-75.7031791,2.9276775],[-75.7005135,2.9278012],[-75.6987083,2.9266366],[-75.6951892,2.9272741],[-75.6931776,2.9268884],[-75.6904256,2.929626],[-75.6887922,2.929835],[-75.6877434,2.931244],[-75.6881619,2.9321547],[-75.6872606,2.9328887],[-75.6871747,2.9342943],[-75.6862593,2.9344765],[-75.6857735,2.9352771],[-75.6865364,2.9358728],[-75.6859151,2.9364418],[-75.6862682,2.9372603],[-75.6859249,2.9393872],[-75.6844765,2.9409248],[-75.6840259,2.944332],[-75.6826204,2.9445222],[-75.6821752,2.9452374],[-75.6800133,2.9461669],[-75.6791121,2.9481786],[-75.6792542,2.9490786],[-75.6778509,2.9491589],[-75.6775671,2.9502465],[-75.6760758,2.9511224],[-75.6742492,2.9503456],[-75.6733775,2.9508814],[-75.6714074,2.9505117]]}},{"type":"Feature","id":1291975127,"properties":{"name":"Río Magdalena","waterway":"river","source":"OpenStreetMap"},"geometry":{"type":"LineString","coordinates":[[-75.2365412,3.0677373],[-75.2352279,3.0697294],[-75.2355284,3.0725792],[-75.2385646,3.0750004],[-75.2403237,3.0751874]]}},{"type":"Feature","id":1338320016,"properties":{"name":"Quebrada El Arado","waterway":"stream","source":"OpenStreetMap"},"geometry":{"type":"LineString","coordinates":[[-75.5484698,2.3916452],[-75.5510366,2.3892038]]}},{"type":"Feature","id":1338320017,"properties":{"name":"Quebrada El Arado","waterway":"stream","source":"OpenStreetMap"},"geometry":{"type":"LineString","coordinates":[[-75.5483115,2.3917497],[-75.5484698,2.3916452]]}},{"type":"Feature","id":1379433318,"properties":{"name":"Baché","waterway":"stream","source":"OpenStreetMap"},"geometry":{"type":"LineString","coordinates":[[-75.7624138,2.9178014],[-75.762198,2.9272838],[-75.7555624,2.9324022],[-75.7543755,2.9343418],[-75.7541764,2.9390443],[-75.7545841,2.9399658],[-75.7544295,2.9409687],[-75.7537539,2.9413126]]}},{"type":"Feature","id":1379433319,"properties":{"name":"Baché","waterway":"river","source":"OpenStreetMap"},"geometry":{"type":"LineString","coordinates":[[-75.4240108,2.9098787],[-75.4227666,2.9090756],[-75.4194399,2.9088521],[-75.4151022,2.9113946],[-75.4143941,2.9147538],[-75.4098204,2.9193763],[-75.4039711,2.9217667],[-75.4003072,2.9214988],[-75.3993738,2.9236043],[-75.4002482,2.9252651],[-75.4006559,2.9291867],[-75.3994113,2.9324333],[-75.396992,2.9360978],[-75.3957796,2.9397301],[-75.3944761,2.9412408],[-75.3941519,2.9471854],[-75.3918099,2.9507876],[-75.3917778,2.9525877],[-75.3933817,2.9563485],[-75.3953612,2.9574949],[-75.3918215,2.9612602],[-75.3829479,2.9622843],[-75.3821379,2.9631897],[-75.382213,2.9645076],[-75.3850776,2.9657505],[-75.3843856,2.9669451],[-75.3836346,2.9715952],[-75.3853297,2.9727898],[-75.3875935,2.9719381],[-75.388484,2.9731166],[-75.3884196,2.9743863],[-75.3869283,2.9763309],[-75.3837119,2.9771709],[-75.3833458,2.9782424],[-75.3837891,2.9794513],[-75.3827981,2.9805225],[-75.3858153,2.982758],[-75.3906697,2.9842475],[-75.3926578,2.9869765],[-75.3926649,2.9887232],[-75.3898446,2.9891539],[-75.3906776,2.9921618],[-75.3905362,2.9943678],[-75.3933843,2.9981584],[-75.3932099,2.9994198],[-75.3916091,3.0006433],[-75.3911122,3.0034124],[-75.3930126,3.0057155],[-75.3972951,3.0073557],[-75.3983079,3.0090224],[-75.39772,3.0105111],[-75.3941301,3.0099494],[-75.3953416,3.0130414]]}},{"type":"Feature","id":1435982279,"properties":{"name":"Río Villa Vieja","waterway":"river","source":"OpenStreetMap"},"geometry":{"type":"LineString","coordinates":[[-75.0179784,3.0475926],[-75.0180843,3.0475711]]}},{"type":"Feature","id":1435982280,"properties":{"name":"Río Villa Vieja","waterway":"river","source":"OpenStreetMap"},"geometry":{"type":"LineString","coordinates":[[-75.0093538,3.0488166],[-75.0102201,3.0491058],[-75.0115505,3.0486585],[-75.0158688,3.0493924],[-75.0179784,3.0475926]]}},{"type":"Feature","id":1436085809,"properties":{"name":"Quebrada la Lejia","waterway":"stream","source":"OpenStreetMap"},"geometry":{"type":"LineString","coordinates":[[-74.6332705,3.4391802],[-74.6375835,3.4370544],[-74.6402013,3.4369366],[-74.6415961,3.4361977],[-74.6432483,3.4316889],[-74.643141,3.4297398],[-74.6461558,3.4264519],[-74.6461988,3.4249847],[-74.6474111,3.4242671],[-74.648858,3.4219365]]}},{"type":"Feature","id":1475307272,"properties":{"name":"Río Mazamorras","waterway":"river","source":"OpenStreetMap"},"geometry":{"type":"LineString","coordinates":[[-75.7861103,2.6892615],[-75.7851349,2.6896543],[-75.7842183,2.6893234],[-75.7830517,2.6869158],[-75.7814648,2.6862512],[-75.781712,2.6845717],[-75.78075,2.6828788],[-75.7816985,2.6788238],[-75.7791271,2.6765786],[-75.7779178,2.6767402],[-75.7773873,2.6751415],[-75.7762241,2.6743892],[-75.7755631,2.671355],[-75.7748286,2.6713306]]}},{"type":"Feature","id":1502553893,"properties":{"name":"Río Caquetá","waterway":"river","source":"OpenStreetMap"},"geometry":{"type":"LineString","coordinates":[[-76.6095766,1.9333373],[-76.6104678,1.9322323],[-76.6100666,1.9304119],[-76.61051,1.9296521],[-76.6124237,1.9285337],[-76.615278,1.9288766],[-76.618718,1.9274946]]}}]}
